soak start Sat Aug 22 21:18:03 UTC 2026 engine=tp2-mia-soak hours=24
=== c=1 repeat=1 (draftable) ===
{
  "concurrency": 1,
  "requests_ok": 6,
  "requests_err": 0,
  "first_error_ts": "",
  "tokens_in_window": 167,
  "window_s": 120,
  "aggregate_tok_s": 1.39,
  "decode_tok_s_median": 6.19,
  "prefill_tok_s_median": 59.02,
  "per_stream_wall_tok_s_median": 5.5,
  "ttft_p50_ms": 2156.0,
  "ttft_p95_ms": "",
  "ttft_samples": 6,
  "itl_p50_ms": 661.9,
  "token_source": "usage",
  "skipped_sse_lines": 0,
  "truncated_streams": 0,
  "power_w_max": "",
  "power_w_mean": "",
  "temp_c_max": "",
  "mem_used_mib_max": "",
  "sm_clock_min": "",
  "sm_clock_max": "",
  "throttle_seen": "",
  "gpu_samples": 0,
  "timestamp_utc": "2026-08-22T21:20:29.468632+00:00",
  "git_hash": "",
  "engine": "tp2-mia-soak",
  "engine_config": "SOAK-cycle1",
  "workload": "draftable",
  "model": "deepseek-v4-flash-dspark",
  "repeat": 1,
  "max_tokens": 512,
  "temperature": 1.0,
  "top_p": 0.95
}

results -> /Users/<user>/sparxlab/bench/results/soak/20260822-211804-tp2-mia-soak-draftable.csv
=== c=8 repeat=1 (draftable) ===
{
  "concurrency": 8,
  "requests_ok": 262,
  "requests_err": 0,
  "first_error_ts": "",
  "tokens_in_window": 9440,
  "window_s": 300,
  "aggregate_tok_s": 31.47,
  "decode_tok_s_median": 20.08,
  "prefill_tok_s_median": 167.52,
  "per_stream_wall_tok_s_median": 18.01,
  "ttft_p50_ms": 705.0,
  "ttft_p95_ms": 2199.0,
  "ttft_samples": 262,
  "itl_p50_ms": 189.7,
  "token_source": "usage",
  "skipped_sse_lines": 0,
  "truncated_streams": 0,
  "power_w_max": "",
  "power_w_mean": "",
  "temp_c_max": "",
  "mem_used_mib_max": "",
  "sm_clock_min": "",
  "sm_clock_max": "",
  "throttle_seen": "",
  "gpu_samples": 0,
  "timestamp_utc": "2026-08-22T21:27:17.132937+00:00",
  "git_hash": "",
  "engine": "tp2-mia-soak",
  "engine_config": "SOAK-cycle1",
  "workload": "draftable",
  "model": "deepseek-v4-flash-dspark",
  "repeat": 1,
  "max_tokens": 512,
  "temperature": 1.0,
  "top_p": 0.95
}

results -> /Users/<user>/sparxlab/bench/results/soak/20260822-212059-tp2-mia-soak-draftable.csv
=== c=4 repeat=1 (draftable) ===
{
  "concurrency": 4,
  "requests_ok": 29,
  "requests_err": 0,
  "first_error_ts": "",
  "tokens_in_window": 794,
  "window_s": 180,
  "aggregate_tok_s": 4.41,
  "decode_tok_s_median": 4.62,
  "prefill_tok_s_median": 43.22,
  "per_stream_wall_tok_s_median": 4.16,
  "ttft_p50_ms": 2898.0,
  "ttft_p95_ms": 3481.0,
  "ttft_samples": 29,
  "itl_p50_ms": 905.4,
  "token_source": "usage",
  "skipped_sse_lines": 0,
  "truncated_streams": 0,
  "power_w_max": "",
  "power_w_mean": "",
  "temp_c_max": "",
  "mem_used_mib_max": "",
  "sm_clock_min": "",
  "sm_clock_max": "",
  "throttle_seen": "",
  "gpu_samples": 0,
  "timestamp_utc": "2026-08-22T21:32:18.653419+00:00",
  "git_hash": "",
  "engine": "tp2-mia-soak",
  "engine_config": "SOAK-cycle1",
  "workload": "draftable",
  "model": "deepseek-v4-flash-dspark",
  "repeat": 1,
  "max_tokens": 512,
  "temperature": 1.0,
  "top_p": 0.95
}

results -> /Users/<user>/sparxlab/bench/results/soak/20260822-212747-tp2-mia-soak-draftable.csv
=== c=1 repeat=1 (adversarial) ===
{
  "concurrency": 1,
  "requests_ok": 1,
  "requests_err": 0,
  "first_error_ts": "",
  "tokens_in_window": 88,
  "window_s": 120,
  "aggregate_tok_s": 0.73,
  "decode_tok_s_median": 2.07,
  "prefill_tok_s_median": 17.67,
  "per_stream_wall_tok_s_median": 2.05,
  "ttft_p50_ms": 3679.0,
  "ttft_p95_ms": "",
  "ttft_samples": 1,
  "itl_p50_ms": 1270.9,
  "token_source": "usage",
  "skipped_sse_lines": 0,
  "truncated_streams": 0,
  "power_w_max": "",
  "power_w_mean": "",
  "temp_c_max": "",
  "mem_used_mib_max": "",
  "sm_clock_min": "",
  "sm_clock_max": "",
  "throttle_seen": "",
  "gpu_samples": 0,
  "timestamp_utc": "2026-08-22T21:39:55.188234+00:00",
  "git_hash": "",
  "engine": "tp2-mia-soak",
  "engine_config": "SOAK-cycle2",
  "workload": "adversarial",
  "model": "deepseek-v4-flash-dspark",
  "repeat": 1,
  "max_tokens": 512,
  "temperature": 1.0,
  "top_p": 0.95
}

results -> /Users/<user>/sparxlab/bench/results/soak/20260822-213248-tp2-mia-soak-adversarial.csv
=== c=8 repeat=1 (adversarial) ===
{
  "concurrency": 8,
  "requests_ok": 8,
  "requests_err": 0,
  "first_error_ts": "",
  "tokens_in_window": 1688,
  "window_s": 300,
  "aggregate_tok_s": 5.63,
  "decode_tok_s_median": 1.52,
  "prefill_tok_s_median": 17.41,
  "per_stream_wall_tok_s_median": 1.51,
  "ttft_p50_ms": 3731.0,
  "ttft_p95_ms": "",
  "ttft_samples": 8,
  "itl_p50_ms": 1341.3,
  "token_source": "usage",
  "skipped_sse_lines": 0,
  "truncated_streams": 0,
  "power_w_max": "",
  "power_w_mean": "",
  "temp_c_max": "",
  "mem_used_mib_max": "",
  "sm_clock_min": "",
  "sm_clock_max": "",
  "throttle_seen": "",
  "gpu_samples": 0,
  "timestamp_utc": "2026-08-22T21:49:12.227965+00:00",
  "git_hash": "",
  "engine": "tp2-mia-soak",
  "engine_config": "SOAK-cycle2",
  "workload": "adversarial",
  "model": "deepseek-v4-flash-dspark",
  "repeat": 1,
  "max_tokens": 512,
  "temperature": 1.0,
  "top_p": 0.95
}

results -> /Users/<user>/sparxlab/bench/results/soak/20260822-214025-tp2-mia-soak-adversarial.csv
=== c=4 repeat=1 (adversarial) ===
{
  "concurrency": 4,
  "requests_ok": 4,
  "requests_err": 0,
  "first_error_ts": "",
  "tokens_in_window": 380,
  "window_s": 180,
  "aggregate_tok_s": 2.11,
  "decode_tok_s_median": 1.85,
  "prefill_tok_s_median": 9.33,
  "per_stream_wall_tok_s_median": 1.81,
  "ttft_p50_ms": 6965.0,
  "ttft_p95_ms": "",
  "ttft_samples": 4,
  "itl_p50_ms": 1694.3,
  "token_source": "usage",
  "skipped_sse_lines": 0,
  "truncated_streams": 0,
  "power_w_max": "",
  "power_w_mean": "",
  "temp_c_max": "",
  "mem_used_mib_max": "",
  "sm_clock_min": "",
  "sm_clock_max": "",
  "throttle_seen": "",
  "gpu_samples": 0,
  "timestamp_utc": "2026-08-22T21:57:22.539829+00:00",
  "git_hash": "",
  "engine": "tp2-mia-soak",
  "engine_config": "SOAK-cycle2",
  "workload": "adversarial",
  "model": "deepseek-v4-flash-dspark",
  "repeat": 1,
  "max_tokens": 512,
  "temperature": 1.0,
  "top_p": 0.95
}

results -> /Users/<user>/sparxlab/bench/results/soak/20260822-214942-tp2-mia-soak-adversarial.csv
=== c=1 repeat=1 (draftable) ===
{
  "concurrency": 1,
  "requests_ok": 44,
  "requests_err": 0,
  "first_error_ts": "",
  "tokens_in_window": 1659,
  "window_s": 120,
  "aggregate_tok_s": 13.82,
  "decode_tok_s_median": 67.0,
  "prefill_tok_s_median": 368.39,
  "per_stream_wall_tok_s_median": 58.35,
  "ttft_p50_ms": 325.0,
  "ttft_p95_ms": 351.0,
  "ttft_samples": 44,
  "itl_p50_ms": 65.1,
  "token_source": "usage",
  "skipped_sse_lines": 0,
  "truncated_streams": 0,
  "power_w_max": "",
  "power_w_mean": "",
  "temp_c_max": "",
  "mem_used_mib_max": "",
  "sm_clock_min": "",
  "sm_clock_max": "",
  "throttle_seen": "",
  "gpu_samples": 0,
  "timestamp_utc": "2026-08-22T22:00:00.371391+00:00",
  "git_hash": "",
  "engine": "tp2-mia-soak",
  "engine_config": "SOAK-cycle3",
  "workload": "draftable",
  "model": "deepseek-v4-flash-dspark",
  "repeat": 1,
  "max_tokens": 512,
  "temperature": 1.0,
  "top_p": 0.95
}

results -> /Users/<user>/sparxlab/bench/results/soak/20260822-215752-tp2-mia-soak-draftable.csv
=== c=8 repeat=1 (draftable) ===
{
  "concurrency": 8,
  "requests_ok": 123,
  "requests_err": 88,
  "first_error_ts": "2026-08-22T22:03:45.439658+00:00",
  "tokens_in_window": 4058,
  "window_s": 300,
  "aggregate_tok_s": 13.53,
  "decode_tok_s_median": 20.31,
  "prefill_tok_s_median": 168.02,
  "per_stream_wall_tok_s_median": 17.89,
  "ttft_p50_ms": 697.0,
  "ttft_p95_ms": 869.0,
  "ttft_samples": 123,
  "itl_p50_ms": 191.8,
  "token_source": "usage",
  "skipped_sse_lines": 0,
  "truncated_streams": 0,
  "power_w_max": "",
  "power_w_mean": "",
  "temp_c_max": "",
  "mem_used_mib_max": "",
  "sm_clock_min": "",
  "sm_clock_max": "",
  "throttle_seen": "",
  "gpu_samples": 0,
  "timestamp_utc": "2026-08-22T22:05:49.034449+00:00",
  "git_hash": "",
  "engine": "tp2-mia-soak",
  "engine_config": "SOAK-cycle3",
  "workload": "draftable",
  "model": "deepseek-v4-flash-dspark",
  "repeat": 1,
  "max_tokens": 512,
  "temperature": 1.0,
  "top_p": 0.95
}

results -> /Users/<user>/sparxlab/bench/results/soak/20260822-220030-tp2-mia-soak-draftable.csv
error: endpoint preflight failed for ['http://<spark-host>:8888', 'http://<spark-host>:8888/v1'] — <urlopen error [Errno 61] Connection refused>
fix: is the server running? does --base-url include the right host/port? if auth is enabled, pass --api-key or set AGENT_BENCH_API_KEY.
SOAK FAILURE cycle=3 c=4 w=draftable at Sat Aug 22 22:06:19 UTC 2026
error: endpoint preflight failed for ['http://<spark-host>:8888', 'http://<spark-host>:8888/v1'] — <urlopen error [Errno 61] Connection refused>
fix: is the server running? does --base-url include the right host/port? if auth is enabled, pass --api-key or set AGENT_BENCH_API_KEY.
SOAK FAILURE cycle=4 c=1 w=adversarial at Sat Aug 22 22:06:49 UTC 2026
error: endpoint preflight failed for ['http://<spark-host>:8888', 'http://<spark-host>:8888/v1'] — <urlopen error [Errno 61] Connection refused>
fix: is the server running? does --base-url include the right host/port? if auth is enabled, pass --api-key or set AGENT_BENCH_API_KEY.
SOAK FAILURE cycle=4 c=8 w=adversarial at Sat Aug 22 22:07:19 UTC 2026
error: endpoint preflight failed for ['http://<spark-host>:8888', 'http://<spark-host>:8888/v1'] — <urlopen error [Errno 61] Connection refused>
fix: is the server running? does --base-url include the right host/port? if auth is enabled, pass --api-key or set AGENT_BENCH_API_KEY.
SOAK FAILURE cycle=4 c=4 w=adversarial at Sat Aug 22 22:07:49 UTC 2026
error: endpoint preflight failed for ['http://<spark-host>:8888', 'http://<spark-host>:8888/v1'] — <urlopen error [Errno 61] Connection refused>
fix: is the server running? does --base-url include the right host/port? if auth is enabled, pass --api-key or set AGENT_BENCH_API_KEY.
SOAK FAILURE cycle=5 c=1 w=draftable at Sat Aug 22 22:08:19 UTC 2026
=== c=8 repeat=1 (draftable) ===
{
  "concurrency": 8,
  "requests_ok": 296,
  "requests_err": 0,
  "first_error_ts": "",
  "tokens_in_window": 10797,
  "window_s": 300,
  "aggregate_tok_s": 35.99,
  "decode_tok_s_median": 20.45,
  "prefill_tok_s_median": 172.0,
  "per_stream_wall_tok_s_median": 18.53,
  "ttft_p50_ms": 695.0,
  "ttft_p95_ms": 831.0,
  "ttft_samples": 296,
  "itl_p50_ms": 188.4,
  "token_source": "usage",
  "skipped_sse_lines": 0,
  "truncated_streams": 0,
  "power_w_max": "",
  "power_w_mean": "",
  "temp_c_max": "",
  "mem_used_mib_max": "",
  "sm_clock_min": "",
  "sm_clock_max": "",
  "throttle_seen": "",
  "gpu_samples": 0,
  "timestamp_utc": "2026-08-22T22:14:07.811355+00:00",
  "git_hash": "",
  "engine": "tp2-mia-soak",
  "engine_config": "SOAK-cycle5",
  "workload": "draftable",
  "model": "deepseek-v4-flash-dspark",
  "repeat": 1,
  "max_tokens": 512,
  "temperature": 1.0,
  "top_p": 0.95
}

results -> /Users/<user>/sparxlab/bench/results/soak/20260822-220850-tp2-mia-soak-draftable.csv
=== c=4 repeat=1 (draftable) ===
{
  "concurrency": 4,
  "requests_ok": 137,
  "requests_err": 0,
  "first_error_ts": "",
  "tokens_in_window": 4705,
  "window_s": 180,
  "aggregate_tok_s": 26.14,
  "decode_tok_s_median": 30.49,
  "prefill_tok_s_median": 234.41,
  "per_stream_wall_tok_s_median": 27.18,
  "ttft_p50_ms": 535.0,
  "ttft_p95_ms": 705.0,
  "ttft_samples": 137,
  "itl_p50_ms": 129.5,
  "token_source": "usage",
  "skipped_sse_lines": 0,
  "truncated_streams": 0,
  "power_w_max": "",
  "power_w_mean": "",
  "temp_c_max": "",
  "mem_used_mib_max": "",
  "sm_clock_min": "",
  "sm_clock_max": "",
  "throttle_seen": "",
  "gpu_samples": 0,
  "timestamp_utc": "2026-08-22T22:17:58.924618+00:00",
  "git_hash": "",
  "engine": "tp2-mia-soak",
  "engine_config": "SOAK-cycle5",
  "workload": "draftable",
  "model": "deepseek-v4-flash-dspark",
  "repeat": 1,
  "max_tokens": 512,
  "temperature": 1.0,
  "top_p": 0.95
}

results -> /Users/<user>/sparxlab/bench/results/soak/20260822-221438-tp2-mia-soak-draftable.csv
=== c=1 repeat=1 (adversarial) ===
{
  "concurrency": 1,
  "requests_ok": 9,
  "requests_err": 0,
  "first_error_ts": "",
  "tokens_in_window": 1882,
  "window_s": 120,
  "aggregate_tok_s": 15.68,
  "decode_tok_s_median": 34.72,
  "prefill_tok_s_median": 216.27,
  "per_stream_wall_tok_s_median": 34.12,
  "ttft_p50_ms": 265.0,
  "ttft_p95_ms": "",
  "ttft_samples": 9,
  "itl_p50_ms": 62.4,
  "token_source": "usage",
  "skipped_sse_lines": 0,
  "truncated_streams": 0,
  "power_w_max": "",
  "power_w_mean": "",
  "temp_c_max": "",
  "mem_used_mib_max": "",
  "sm_clock_min": "",
  "sm_clock_max": "",
  "throttle_seen": "",
  "gpu_samples": 0,
  "timestamp_utc": "2026-08-22T22:20:58.319415+00:00",
  "git_hash": "",
  "engine": "tp2-mia-soak",
  "engine_config": "SOAK-cycle6",
  "workload": "adversarial",
  "model": "deepseek-v4-flash-dspark",
  "repeat": 1,
  "max_tokens": 512,
  "temperature": 1.0,
  "top_p": 0.95
}

results -> /Users/<user>/sparxlab/bench/results/soak/20260822-221829-tp2-mia-soak-adversarial.csv
=== c=8 repeat=1 (adversarial) ===
{
  "concurrency": 8,
  "requests_ok": 64,
  "requests_err": 0,
  "first_error_ts": "",
  "tokens_in_window": 14479,
  "window_s": 300,
  "aggregate_tok_s": 48.26,
  "decode_tok_s_median": 12.89,
  "prefill_tok_s_median": 110.3,
  "per_stream_wall_tok_s_median": 12.73,
  "ttft_p50_ms": 578.0,
  "ttft_p95_ms": 668.0,
  "ttft_samples": 64,
  "itl_p50_ms": 161.5,
  "token_source": "usage",
  "skipped_sse_lines": 0,
  "truncated_streams": 0,
  "power_w_max": "",
  "power_w_mean": "",
  "temp_c_max": "",
  "mem_used_mib_max": "",
  "sm_clock_min": "",
  "sm_clock_max": "",
  "throttle_seen": "",
  "gpu_samples": 0,
  "timestamp_utc": "2026-08-22T22:27:30.498819+00:00",
  "git_hash": "",
  "engine": "tp2-mia-soak",
  "engine_config": "SOAK-cycle6",
  "workload": "adversarial",
  "model": "deepseek-v4-flash-dspark",
  "repeat": 1,
  "max_tokens": 512,
  "temperature": 1.0,
  "top_p": 0.95
}

results -> /Users/<user>/sparxlab/bench/results/soak/20260822-222128-tp2-mia-soak-adversarial.csv
=== c=4 repeat=1 (adversarial) ===
{
  "concurrency": 4,
  "requests_ok": 28,
  "requests_err": 0,
  "first_error_ts": "",
  "tokens_in_window": 6129,
  "window_s": 180,
  "aggregate_tok_s": 34.05,
  "decode_tok_s_median": 18.51,
  "prefill_tok_s_median": 137.74,
  "per_stream_wall_tok_s_median": 18.24,
  "ttft_p50_ms": 444.0,
  "ttft_p95_ms": 602.0,
  "ttft_samples": 28,
  "itl_p50_ms": 114.5,
  "token_source": "usage",
  "skipped_sse_lines": 0,
  "truncated_streams": 0,
  "power_w_max": "",
  "power_w_mean": "",
  "temp_c_max": "",
  "mem_used_mib_max": "",
  "sm_clock_min": "",
  "sm_clock_max": "",
  "throttle_seen": "",
  "gpu_samples": 0,
  "timestamp_utc": "2026-08-22T22:31:49.210074+00:00",
  "git_hash": "",
  "engine": "tp2-mia-soak",
  "engine_config": "SOAK-cycle6",
  "workload": "adversarial",
  "model": "deepseek-v4-flash-dspark",
  "repeat": 1,
  "max_tokens": 512,
  "temperature": 1.0,
  "top_p": 0.95
}

results -> /Users/<user>/sparxlab/bench/results/soak/20260822-222800-tp2-mia-soak-adversarial.csv
=== c=1 repeat=1 (draftable) ===
{
  "concurrency": 1,
  "requests_ok": 42,
  "requests_err": 0,
  "first_error_ts": "",
  "tokens_in_window": 1699,
  "window_s": 120,
  "aggregate_tok_s": 14.16,
  "decode_tok_s_median": 66.35,
  "prefill_tok_s_median": 369.2,
  "per_stream_wall_tok_s_median": 58.97,
  "ttft_p50_ms": 322.0,
  "ttft_p95_ms": 351.0,
  "ttft_samples": 42,
  "itl_p50_ms": 64.4,
  "token_source": "usage",
  "skipped_sse_lines": 0,
  "truncated_streams": 0,
  "power_w_max": "",
  "power_w_mean": "",
  "temp_c_max": "",
  "mem_used_mib_max": "",
  "sm_clock_min": "",
  "sm_clock_max": "",
  "throttle_seen": "",
  "gpu_samples": 0,
  "timestamp_utc": "2026-08-22T22:34:24.988796+00:00",
  "git_hash": "",
  "engine": "tp2-mia-soak",
  "engine_config": "SOAK-cycle7",
  "workload": "draftable",
  "model": "deepseek-v4-flash-dspark",
  "repeat": 1,
  "max_tokens": 512,
  "temperature": 1.0,
  "top_p": 0.95
}

results -> /Users/<user>/sparxlab/bench/results/soak/20260822-223219-tp2-mia-soak-draftable.csv
=== c=8 repeat=1 (draftable) ===
{
  "concurrency": 8,
  "requests_ok": 295,
  "requests_err": 0,
  "first_error_ts": "",
  "tokens_in_window": 10782,
  "window_s": 300,
  "aggregate_tok_s": 35.94,
  "decode_tok_s_median": 20.75,
  "prefill_tok_s_median": 172.18,
  "per_stream_wall_tok_s_median": 18.57,
  "ttft_p50_ms": 691.0,
  "ttft_p95_ms": 840.0,
  "ttft_samples": 295,
  "itl_p50_ms": 188.1,
  "token_source": "usage",
  "skipped_sse_lines": 0,
  "truncated_streams": 0,
  "power_w_max": "",
  "power_w_mean": "",
  "temp_c_max": "",
  "mem_used_mib_max": "",
  "sm_clock_min": "",
  "sm_clock_max": "",
  "throttle_seen": "",
  "gpu_samples": 0,
  "timestamp_utc": "2026-08-22T22:40:13.048143+00:00",
  "git_hash": "",
  "engine": "tp2-mia-soak",
  "engine_config": "SOAK-cycle7",
  "workload": "draftable",
  "model": "deepseek-v4-flash-dspark",
  "repeat": 1,
  "max_tokens": 512,
  "temperature": 1.0,
  "top_p": 0.95
}

results -> /Users/<user>/sparxlab/bench/results/soak/20260822-223455-tp2-mia-soak-draftable.csv
=== c=4 repeat=1 (draftable) ===
{
  "concurrency": 4,
  "requests_ok": 132,
  "requests_err": 0,
  "first_error_ts": "",
  "tokens_in_window": 4713,
  "window_s": 180,
  "aggregate_tok_s": 26.18,
  "decode_tok_s_median": 30.45,
  "prefill_tok_s_median": 238.69,
  "per_stream_wall_tok_s_median": 27.7,
  "ttft_p50_ms": 533.0,
  "ttft_p95_ms": 679.0,
  "ttft_samples": 132,
  "itl_p50_ms": 129.9,
  "token_source": "usage",
  "skipped_sse_lines": 0,
  "truncated_streams": 0,
  "power_w_max": "",
  "power_w_mean": "",
  "temp_c_max": "",
  "mem_used_mib_max": "",
  "sm_clock_min": "",
  "sm_clock_max": "",
  "throttle_seen": "",
  "gpu_samples": 0,
  "timestamp_utc": "2026-08-22T22:44:00.628559+00:00",
  "git_hash": "",
  "engine": "tp2-mia-soak",
  "engine_config": "SOAK-cycle7",
  "workload": "draftable",
  "model": "deepseek-v4-flash-dspark",
  "repeat": 1,
  "max_tokens": 512,
  "temperature": 1.0,
  "top_p": 0.95
}

results -> /Users/<user>/sparxlab/bench/results/soak/20260822-224043-tp2-mia-soak-draftable.csv
=== c=1 repeat=1 (adversarial) ===
{
  "concurrency": 1,
  "requests_ok": 9,
  "requests_err": 0,
  "first_error_ts": "",
  "tokens_in_window": 1890,
  "window_s": 120,
  "aggregate_tok_s": 15.75,
  "decode_tok_s_median": 35.23,
  "prefill_tok_s_median": 236.72,
  "per_stream_wall_tok_s_median": 34.62,
  "ttft_p50_ms": 263.0,
  "ttft_p95_ms": "",
  "ttft_samples": 9,
  "itl_p50_ms": 62.3,
  "token_source": "usage",
  "skipped_sse_lines": 0,
  "truncated_streams": 0,
  "power_w_max": "",
  "power_w_mean": "",
  "temp_c_max": "",
  "mem_used_mib_max": "",
  "sm_clock_min": "",
  "sm_clock_max": "",
  "throttle_seen": "",
  "gpu_samples": 0,
  "timestamp_utc": "2026-08-22T22:47:02.514304+00:00",
  "git_hash": "",
  "engine": "tp2-mia-soak",
  "engine_config": "SOAK-cycle8",
  "workload": "adversarial",
  "model": "deepseek-v4-flash-dspark",
  "repeat": 1,
  "max_tokens": 512,
  "temperature": 1.0,
  "top_p": 0.95
}

results -> /Users/<user>/sparxlab/bench/results/soak/20260822-224430-tp2-mia-soak-adversarial.csv
=== c=8 repeat=1 (adversarial) ===
{
  "concurrency": 8,
  "requests_ok": 65,
  "requests_err": 0,
  "first_error_ts": "",
  "tokens_in_window": 14549,
  "window_s": 300,
  "aggregate_tok_s": 48.5,
  "decode_tok_s_median": 13.0,
  "prefill_tok_s_median": 112.27,
  "per_stream_wall_tok_s_median": 12.84,
  "ttft_p50_ms": 576.0,
  "ttft_p95_ms": 675.0,
  "ttft_samples": 65,
  "itl_p50_ms": 160.6,
  "token_source": "usage",
  "skipped_sse_lines": 0,
  "truncated_streams": 0,
  "power_w_max": "",
  "power_w_mean": "",
  "temp_c_max": "",
  "mem_used_mib_max": "",
  "sm_clock_min": "",
  "sm_clock_max": "",
  "throttle_seen": "",
  "gpu_samples": 0,
  "timestamp_utc": "2026-08-22T22:53:37.315167+00:00",
  "git_hash": "",
  "engine": "tp2-mia-soak",
  "engine_config": "SOAK-cycle8",
  "workload": "adversarial",
  "model": "deepseek-v4-flash-dspark",
  "repeat": 1,
  "max_tokens": 512,
  "temperature": 1.0,
  "top_p": 0.95
}

results -> /Users/<user>/sparxlab/bench/results/soak/20260822-224732-tp2-mia-soak-adversarial.csv
=== c=4 repeat=1 (adversarial) ===
{
  "concurrency": 4,
  "requests_ok": 28,
  "requests_err": 0,
  "first_error_ts": "",
  "tokens_in_window": 6128,
  "window_s": 180,
  "aggregate_tok_s": 34.04,
  "decode_tok_s_median": 18.38,
  "prefill_tok_s_median": 148.19,
  "per_stream_wall_tok_s_median": 18.14,
  "ttft_p50_ms": 434.0,
  "ttft_p95_ms": 554.0,
  "ttft_samples": 28,
  "itl_p50_ms": 114.5,
  "token_source": "usage",
  "skipped_sse_lines": 0,
  "truncated_streams": 0,
  "power_w_max": "",
  "power_w_mean": "",
  "temp_c_max": "",
  "mem_used_mib_max": "",
  "sm_clock_min": "",
  "sm_clock_max": "",
  "throttle_seen": "",
  "gpu_samples": 0,
  "timestamp_utc": "2026-08-22T22:57:55.774311+00:00",
  "git_hash": "",
  "engine": "tp2-mia-soak",
  "engine_config": "SOAK-cycle8",
  "workload": "adversarial",
  "model": "deepseek-v4-flash-dspark",
  "repeat": 1,
  "max_tokens": 512,
  "temperature": 1.0,
  "top_p": 0.95
}

results -> /Users/<user>/sparxlab/bench/results/soak/20260822-225407-tp2-mia-soak-adversarial.csv
=== c=1 repeat=1 (draftable) ===
{
  "concurrency": 1,
  "requests_ok": 44,
  "requests_err": 0,
  "first_error_ts": "",
  "tokens_in_window": 1685,
  "window_s": 120,
  "aggregate_tok_s": 14.04,
  "decode_tok_s_median": 67.47,
  "prefill_tok_s_median": 373.51,
  "per_stream_wall_tok_s_median": 57.07,
  "ttft_p50_ms": 323.0,
  "ttft_p95_ms": 343.0,
  "ttft_samples": 44,
  "itl_p50_ms": 64.5,
  "token_source": "usage",
  "skipped_sse_lines": 0,
  "truncated_streams": 0,
  "power_w_max": "",
  "power_w_mean": "",
  "temp_c_max": "",
  "mem_used_mib_max": "",
  "sm_clock_min": "",
  "sm_clock_max": "",
  "throttle_seen": "",
  "gpu_samples": 0,
  "timestamp_utc": "2026-08-22T23:00:32.348722+00:00",
  "git_hash": "",
  "engine": "tp2-mia-soak",
  "engine_config": "SOAK-cycle9",
  "workload": "draftable",
  "model": "deepseek-v4-flash-dspark",
  "repeat": 1,
  "max_tokens": 512,
  "temperature": 1.0,
  "top_p": 0.95
}

results -> /Users/<user>/sparxlab/bench/results/soak/20260822-225825-tp2-mia-soak-draftable.csv
=== c=8 repeat=1 (draftable) ===
{
  "concurrency": 8,
  "requests_ok": 290,
  "requests_err": 0,
  "first_error_ts": "",
  "tokens_in_window": 10824,
  "window_s": 300,
  "aggregate_tok_s": 36.08,
  "decode_tok_s_median": 20.73,
  "prefill_tok_s_median": 170.27,
  "per_stream_wall_tok_s_median": 18.57,
  "ttft_p50_ms": 695.0,
  "ttft_p95_ms": 834.0,
  "ttft_samples": 290,
  "itl_p50_ms": 188.6,
  "token_source": "usage",
  "skipped_sse_lines": 0,
  "truncated_streams": 0,
  "power_w_max": "",
  "power_w_mean": "",
  "temp_c_max": "",
  "mem_used_mib_max": "",
  "sm_clock_min": "",
  "sm_clock_max": "",
  "throttle_seen": "",
  "gpu_samples": 0,
  "timestamp_utc": "2026-08-22T23:06:31.938882+00:00",
  "git_hash": "",
  "engine": "tp2-mia-soak",
  "engine_config": "SOAK-cycle9",
  "workload": "draftable",
  "model": "deepseek-v4-flash-dspark",
  "repeat": 1,
  "max_tokens": 512,
  "temperature": 1.0,
  "top_p": 0.95
}

results -> /Users/<user>/sparxlab/bench/results/soak/20260822-230102-tp2-mia-soak-draftable.csv
=== c=4 repeat=1 (draftable) ===
{
  "concurrency": 4,
  "requests_ok": 137,
  "requests_err": 0,
  "first_error_ts": "",
  "tokens_in_window": 4711,
  "window_s": 180,
  "aggregate_tok_s": 26.17,
  "decode_tok_s_median": 29.99,
  "prefill_tok_s_median": 239.28,
  "per_stream_wall_tok_s_median": 26.96,
  "ttft_p50_ms": 532.0,
  "ttft_p95_ms": 690.0,
  "ttft_samples": 137,
  "itl_p50_ms": 129.7,
  "token_source": "usage",
  "skipped_sse_lines": 0,
  "truncated_streams": 0,
  "power_w_max": "",
  "power_w_mean": "",
  "temp_c_max": "",
  "mem_used_mib_max": "",
  "sm_clock_min": "",
  "sm_clock_max": "",
  "throttle_seen": "",
  "gpu_samples": 0,
  "timestamp_utc": "2026-08-22T23:10:19.638232+00:00",
  "git_hash": "",
  "engine": "tp2-mia-soak",
  "engine_config": "SOAK-cycle9",
  "workload": "draftable",
  "model": "deepseek-v4-flash-dspark",
  "repeat": 1,
  "max_tokens": 512,
  "temperature": 1.0,
  "top_p": 0.95
}

results -> /Users/<user>/sparxlab/bench/results/soak/20260822-230702-tp2-mia-soak-draftable.csv
=== c=1 repeat=1 (adversarial) ===
{
  "concurrency": 1,
  "requests_ok": 9,
  "requests_err": 0,
  "first_error_ts": "",
  "tokens_in_window": 1890,
  "window_s": 120,
  "aggregate_tok_s": 15.75,
  "decode_tok_s_median": 34.69,
  "prefill_tok_s_median": 243.61,
  "per_stream_wall_tok_s_median": 34.13,
  "ttft_p50_ms": 267.0,
  "ttft_p95_ms": "",
  "ttft_samples": 9,
  "itl_p50_ms": 62.5,
  "token_source": "usage",
  "skipped_sse_lines": 0,
  "truncated_streams": 0,
  "power_w_max": "",
  "power_w_mean": "",
  "temp_c_max": "",
  "mem_used_mib_max": "",
  "sm_clock_min": "",
  "sm_clock_max": "",
  "throttle_seen": "",
  "gpu_samples": 0,
  "timestamp_utc": "2026-08-22T23:13:17.028014+00:00",
  "git_hash": "",
  "engine": "tp2-mia-soak",
  "engine_config": "SOAK-cycle10",
  "workload": "adversarial",
  "model": "deepseek-v4-flash-dspark",
  "repeat": 1,
  "max_tokens": 512,
  "temperature": 1.0,
  "top_p": 0.95
}

results -> /Users/<user>/sparxlab/bench/results/soak/20260822-231049-tp2-mia-soak-adversarial.csv
=== c=8 repeat=1 (adversarial) ===
{
  "concurrency": 8,
  "requests_ok": 65,
  "requests_err": 0,
  "first_error_ts": "",
  "tokens_in_window": 14525,
  "window_s": 300,
  "aggregate_tok_s": 48.42,
  "decode_tok_s_median": 12.98,
  "prefill_tok_s_median": 111.36,
  "per_stream_wall_tok_s_median": 12.82,
  "ttft_p50_ms": 578.0,
  "ttft_p95_ms": 699.0,
  "ttft_samples": 65,
  "itl_p50_ms": 161.2,
  "token_source": "usage",
  "skipped_sse_lines": 0,
  "truncated_streams": 0,
  "power_w_max": "",
  "power_w_mean": "",
  "temp_c_max": "",
  "mem_used_mib_max": "",
  "sm_clock_min": "",
  "sm_clock_max": "",
  "throttle_seen": "",
  "gpu_samples": 0,
  "timestamp_utc": "2026-08-22T23:19:51.754093+00:00",
  "git_hash": "",
  "engine": "tp2-mia-soak",
  "engine_config": "SOAK-cycle10",
  "workload": "adversarial",
  "model": "deepseek-v4-flash-dspark",
  "repeat": 1,
  "max_tokens": 512,
  "temperature": 1.0,
  "top_p": 0.95
}

results -> /Users/<user>/sparxlab/bench/results/soak/20260822-231347-tp2-mia-soak-adversarial.csv
=== c=4 repeat=1 (adversarial) ===
{
  "concurrency": 4,
  "requests_ok": 28,
  "requests_err": 0,
  "first_error_ts": "",
  "tokens_in_window": 6124,
  "window_s": 180,
  "aggregate_tok_s": 34.02,
  "decode_tok_s_median": 18.12,
  "prefill_tok_s_median": 146.99,
  "per_stream_wall_tok_s_median": 17.91,
  "ttft_p50_ms": 447.0,
  "ttft_p95_ms": 471.0,
  "ttft_samples": 28,
  "itl_p50_ms": 114.5,
  "token_source": "usage",
  "skipped_sse_lines": 0,
  "truncated_streams": 0,
  "power_w_max": "",
  "power_w_mean": "",
  "temp_c_max": "",
  "mem_used_mib_max": "",
  "sm_clock_min": "",
  "sm_clock_max": "",
  "throttle_seen": "",
  "gpu_samples": 0,
  "timestamp_utc": "2026-08-22T23:24:12.880447+00:00",
  "git_hash": "",
  "engine": "tp2-mia-soak",
  "engine_config": "SOAK-cycle10",
  "workload": "adversarial",
  "model": "deepseek-v4-flash-dspark",
  "repeat": 1,
  "max_tokens": 512,
  "temperature": 1.0,
  "top_p": 0.95
}

results -> /Users/<user>/sparxlab/bench/results/soak/20260822-232021-tp2-mia-soak-adversarial.csv
=== c=1 repeat=1 (draftable) ===
{
  "concurrency": 1,
  "requests_ok": 42,
  "requests_err": 0,
  "first_error_ts": "",
  "tokens_in_window": 1699,
  "window_s": 120,
  "aggregate_tok_s": 14.16,
  "decode_tok_s_median": 66.62,
  "prefill_tok_s_median": 379.43,
  "per_stream_wall_tok_s_median": 57.84,
  "ttft_p50_ms": 322.0,
  "ttft_p95_ms": 337.0,
  "ttft_samples": 42,
  "itl_p50_ms": 64.4,
  "token_source": "usage",
  "skipped_sse_lines": 0,
  "truncated_streams": 0,
  "power_w_max": "",
  "power_w_mean": "",
  "temp_c_max": "",
  "mem_used_mib_max": "",
  "sm_clock_min": "",
  "sm_clock_max": "",
  "throttle_seen": "",
  "gpu_samples": 0,
  "timestamp_utc": "2026-08-22T23:26:52.539986+00:00",
  "git_hash": "",
  "engine": "tp2-mia-soak",
  "engine_config": "SOAK-cycle11",
  "workload": "draftable",
  "model": "deepseek-v4-flash-dspark",
  "repeat": 1,
  "max_tokens": 512,
  "temperature": 1.0,
  "top_p": 0.95
}

results -> /Users/<user>/sparxlab/bench/results/soak/20260822-232443-tp2-mia-soak-draftable.csv
=== c=8 repeat=1 (draftable) ===
{
  "concurrency": 8,
  "requests_ok": 298,
  "requests_err": 0,
  "first_error_ts": "",
  "tokens_in_window": 10869,
  "window_s": 300,
  "aggregate_tok_s": 36.23,
  "decode_tok_s_median": 20.6,
  "prefill_tok_s_median": 171.96,
  "per_stream_wall_tok_s_median": 18.58,
  "ttft_p50_ms": 692.0,
  "ttft_p95_ms": 829.0,
  "ttft_samples": 298,
  "itl_p50_ms": 187.5,
  "token_source": "usage",
  "skipped_sse_lines": 0,
  "truncated_streams": 0,
  "power_w_max": "",
  "power_w_mean": "",
  "temp_c_max": "",
  "mem_used_mib_max": "",
  "sm_clock_min": "",
  "sm_clock_max": "",
  "throttle_seen": "",
  "gpu_samples": 0,
  "timestamp_utc": "2026-08-22T23:32:39.356434+00:00",
  "git_hash": "",
  "engine": "tp2-mia-soak",
  "engine_config": "SOAK-cycle11",
  "workload": "draftable",
  "model": "deepseek-v4-flash-dspark",
  "repeat": 1,
  "max_tokens": 512,
  "temperature": 1.0,
  "top_p": 0.95
}

results -> /Users/<user>/sparxlab/bench/results/soak/20260822-232722-tp2-mia-soak-draftable.csv
=== c=4 repeat=1 (draftable) ===
{
  "concurrency": 4,
  "requests_ok": 133,
  "requests_err": 0,
  "first_error_ts": "",
  "tokens_in_window": 4766,
  "window_s": 180,
  "aggregate_tok_s": 26.48,
  "decode_tok_s_median": 31.37,
  "prefill_tok_s_median": 239.78,
  "per_stream_wall_tok_s_median": 27.51,
  "ttft_p50_ms": 534.0,
  "ttft_p95_ms": 684.0,
  "ttft_samples": 133,
  "itl_p50_ms": 129.5,
  "token_source": "usage",
  "skipped_sse_lines": 0,
  "truncated_streams": 0,
  "power_w_max": "",
  "power_w_mean": "",
  "temp_c_max": "",
  "mem_used_mib_max": "",
  "sm_clock_min": "",
  "sm_clock_max": "",
  "throttle_seen": "",
  "gpu_samples": 0,
  "timestamp_utc": "2026-08-22T23:36:27.469605+00:00",
  "git_hash": "",
  "engine": "tp2-mia-soak",
  "engine_config": "SOAK-cycle11",
  "workload": "draftable",
  "model": "deepseek-v4-flash-dspark",
  "repeat": 1,
  "max_tokens": 512,
  "temperature": 1.0,
  "top_p": 0.95
}

results -> /Users/<user>/sparxlab/bench/results/soak/20260822-233309-tp2-mia-soak-draftable.csv
=== c=1 repeat=1 (adversarial) ===
{
  "concurrency": 1,
  "requests_ok": 9,
  "requests_err": 0,
  "first_error_ts": "",
  "tokens_in_window": 1893,
  "window_s": 120,
  "aggregate_tok_s": 15.78,
  "decode_tok_s_median": 34.61,
  "prefill_tok_s_median": 240.11,
  "per_stream_wall_tok_s_median": 34.11,
  "ttft_p50_ms": 247.0,
  "ttft_p95_ms": "",
  "ttft_samples": 9,
  "itl_p50_ms": 62.3,
  "token_source": "usage",
  "skipped_sse_lines": 0,
  "truncated_streams": 0,
  "power_w_max": "",
  "power_w_mean": "",
  "temp_c_max": "",
  "mem_used_mib_max": "",
  "sm_clock_min": "",
  "sm_clock_max": "",
  "throttle_seen": "",
  "gpu_samples": 0,
  "timestamp_utc": "2026-08-22T23:39:26.464146+00:00",
  "git_hash": "",
  "engine": "tp2-mia-soak",
  "engine_config": "SOAK-cycle12",
  "workload": "adversarial",
  "model": "deepseek-v4-flash-dspark",
  "repeat": 1,
  "max_tokens": 512,
  "temperature": 1.0,
  "top_p": 0.95
}

results -> /Users/<user>/sparxlab/bench/results/soak/20260822-233657-tp2-mia-soak-adversarial.csv
=== c=8 repeat=1 (adversarial) ===
{
  "concurrency": 8,
  "requests_ok": 65,
  "requests_err": 0,
  "first_error_ts": "",
  "tokens_in_window": 14533,
  "window_s": 300,
  "aggregate_tok_s": 48.44,
  "decode_tok_s_median": 13.14,
  "prefill_tok_s_median": 107.72,
  "per_stream_wall_tok_s_median": 12.96,
  "ttft_p50_ms": 584.0,
  "ttft_p95_ms": 676.0,
  "ttft_samples": 65,
  "itl_p50_ms": 161.0,
  "token_source": "usage",
  "skipped_sse_lines": 0,
  "truncated_streams": 0,
  "power_w_max": "",
  "power_w_mean": "",
  "temp_c_max": "",
  "mem_used_mib_max": "",
  "sm_clock_min": "",
  "sm_clock_max": "",
  "throttle_seen": "",
  "gpu_samples": 0,
  "timestamp_utc": "2026-08-22T23:46:02.624626+00:00",
  "git_hash": "",
  "engine": "tp2-mia-soak",
  "engine_config": "SOAK-cycle12",
  "workload": "adversarial",
  "model": "deepseek-v4-flash-dspark",
  "repeat": 1,
  "max_tokens": 512,
  "temperature": 1.0,
  "top_p": 0.95
}

results -> /Users/<user>/sparxlab/bench/results/soak/20260822-233956-tp2-mia-soak-adversarial.csv
=== c=4 repeat=1 (adversarial) ===
{
  "concurrency": 4,
  "requests_ok": 28,
  "requests_err": 0,
  "first_error_ts": "",
  "tokens_in_window": 6110,
  "window_s": 180,
  "aggregate_tok_s": 33.94,
  "decode_tok_s_median": 18.69,
  "prefill_tok_s_median": 130.66,
  "per_stream_wall_tok_s_median": 18.44,
  "ttft_p50_ms": 449.0,
  "ttft_p95_ms": 576.0,
  "ttft_samples": 28,
  "itl_p50_ms": 114.6,
  "token_source": "usage",
  "skipped_sse_lines": 0,
  "truncated_streams": 0,
  "power_w_max": "",
  "power_w_mean": "",
  "temp_c_max": "",
  "mem_used_mib_max": "",
  "sm_clock_min": "",
  "sm_clock_max": "",
  "throttle_seen": "",
  "gpu_samples": 0,
  "timestamp_utc": "2026-08-22T23:50:22.217531+00:00",
  "git_hash": "",
  "engine": "tp2-mia-soak",
  "engine_config": "SOAK-cycle12",
  "workload": "adversarial",
  "model": "deepseek-v4-flash-dspark",
  "repeat": 1,
  "max_tokens": 512,
  "temperature": 1.0,
  "top_p": 0.95
}

results -> /Users/<user>/sparxlab/bench/results/soak/20260822-234632-tp2-mia-soak-adversarial.csv
=== c=1 repeat=1 (draftable) ===
{
  "concurrency": 1,
  "requests_ok": 41,
  "requests_err": 0,
  "first_error_ts": "",
  "tokens_in_window": 1704,
  "window_s": 120,
  "aggregate_tok_s": 14.2,
  "decode_tok_s_median": 65.48,
  "prefill_tok_s_median": 391.67,
  "per_stream_wall_tok_s_median": 58.1,
  "ttft_p50_ms": 325.0,
  "ttft_p95_ms": 339.0,
  "ttft_samples": 41,
  "itl_p50_ms": 64.5,
  "token_source": "usage",
  "skipped_sse_lines": 0,
  "truncated_streams": 0,
  "power_w_max": "",
  "power_w_mean": "",
  "temp_c_max": "",
  "mem_used_mib_max": "",
  "sm_clock_min": "",
  "sm_clock_max": "",
  "throttle_seen": "",
  "gpu_samples": 0,
  "timestamp_utc": "2026-08-22T23:52:59.539359+00:00",
  "git_hash": "",
  "engine": "tp2-mia-soak",
  "engine_config": "SOAK-cycle13",
  "workload": "draftable",
  "model": "deepseek-v4-flash-dspark",
  "repeat": 1,
  "max_tokens": 512,
  "temperature": 1.0,
  "top_p": 0.95
}

results -> /Users/<user>/sparxlab/bench/results/soak/20260822-235052-tp2-mia-soak-draftable.csv
=== c=8 repeat=1 (draftable) ===
{
  "concurrency": 8,
  "requests_ok": 290,
  "requests_err": 0,
  "first_error_ts": "",
  "tokens_in_window": 10798,
  "window_s": 300,
  "aggregate_tok_s": 35.99,
  "decode_tok_s_median": 20.53,
  "prefill_tok_s_median": 170.72,
  "per_stream_wall_tok_s_median": 18.33,
  "ttft_p50_ms": 695.0,
  "ttft_p95_ms": 842.0,
  "ttft_samples": 290,
  "itl_p50_ms": 189.2,
  "token_source": "usage",
  "skipped_sse_lines": 0,
  "truncated_streams": 0,
  "power_w_max": "",
  "power_w_mean": "",
  "temp_c_max": "",
  "mem_used_mib_max": "",
  "sm_clock_min": "",
  "sm_clock_max": "",
  "throttle_seen": "",
  "gpu_samples": 0,
  "timestamp_utc": "2026-08-22T23:58:47.409399+00:00",
  "git_hash": "",
  "engine": "tp2-mia-soak",
  "engine_config": "SOAK-cycle13",
  "workload": "draftable",
  "model": "deepseek-v4-flash-dspark",
  "repeat": 1,
  "max_tokens": 512,
  "temperature": 1.0,
  "top_p": 0.95
}

results -> /Users/<user>/sparxlab/bench/results/soak/20260822-235329-tp2-mia-soak-draftable.csv
=== c=4 repeat=1 (draftable) ===
{
  "concurrency": 4,
  "requests_ok": 131,
  "requests_err": 0,
  "first_error_ts": "",
  "tokens_in_window": 4744,
  "window_s": 180,
  "aggregate_tok_s": 26.36,
  "decode_tok_s_median": 31.34,
  "prefill_tok_s_median": 239.16,
  "per_stream_wall_tok_s_median": 27.63,
  "ttft_p50_ms": 535.0,
  "ttft_p95_ms": 687.0,
  "ttft_samples": 131,
  "itl_p50_ms": 129.4,
  "token_source": "usage",
  "skipped_sse_lines": 0,
  "truncated_streams": 0,
  "power_w_max": "",
  "power_w_mean": "",
  "temp_c_max": "",
  "mem_used_mib_max": "",
  "sm_clock_min": "",
  "sm_clock_max": "",
  "throttle_seen": "",
  "gpu_samples": 0,
  "timestamp_utc": "2026-08-23T00:02:37.826400+00:00",
  "git_hash": "",
  "engine": "tp2-mia-soak",
  "engine_config": "SOAK-cycle13",
  "workload": "draftable",
  "model": "deepseek-v4-flash-dspark",
  "repeat": 1,
  "max_tokens": 512,
  "temperature": 1.0,
  "top_p": 0.95
}

results -> /Users/<user>/sparxlab/bench/results/soak/20260822-235917-tp2-mia-soak-draftable.csv
=== c=1 repeat=1 (adversarial) ===
{
  "concurrency": 1,
  "requests_ok": 9,
  "requests_err": 0,
  "first_error_ts": "",
  "tokens_in_window": 1868,
  "window_s": 120,
  "aggregate_tok_s": 15.57,
  "decode_tok_s_median": 33.44,
  "prefill_tok_s_median": 214.94,
  "per_stream_wall_tok_s_median": 32.92,
  "ttft_p50_ms": 265.0,
  "ttft_p95_ms": "",
  "ttft_samples": 9,
  "itl_p50_ms": 62.7,
  "token_source": "usage",
  "skipped_sse_lines": 0,
  "truncated_streams": 0,
  "power_w_max": "",
  "power_w_mean": "",
  "temp_c_max": "",
  "mem_used_mib_max": "",
  "sm_clock_min": "",
  "sm_clock_max": "",
  "throttle_seen": "",
  "gpu_samples": 0,
  "timestamp_utc": "2026-08-23T00:05:37.307474+00:00",
  "git_hash": "",
  "engine": "tp2-mia-soak",
  "engine_config": "SOAK-cycle14",
  "workload": "adversarial",
  "model": "deepseek-v4-flash-dspark",
  "repeat": 1,
  "max_tokens": 512,
  "temperature": 1.0,
  "top_p": 0.95
}

results -> /Users/<user>/sparxlab/bench/results/soak/20260823-000307-tp2-mia-soak-adversarial.csv
=== c=8 repeat=1 (adversarial) ===
{
  "concurrency": 8,
  "requests_ok": 64,
  "requests_err": 0,
  "first_error_ts": "",
  "tokens_in_window": 14451,
  "window_s": 300,
  "aggregate_tok_s": 48.17,
  "decode_tok_s_median": 12.94,
  "prefill_tok_s_median": 109.88,
  "per_stream_wall_tok_s_median": 12.79,
  "ttft_p50_ms": 585.0,
  "ttft_p95_ms": 763.0,
  "ttft_samples": 64,
  "itl_p50_ms": 161.8,
  "token_source": "usage",
  "skipped_sse_lines": 0,
  "truncated_streams": 0,
  "power_w_max": "",
  "power_w_mean": "",
  "temp_c_max": "",
  "mem_used_mib_max": "",
  "sm_clock_min": "",
  "sm_clock_max": "",
  "throttle_seen": "",
  "gpu_samples": 0,
  "timestamp_utc": "2026-08-23T00:12:10.472100+00:00",
  "git_hash": "",
  "engine": "tp2-mia-soak",
  "engine_config": "SOAK-cycle14",
  "workload": "adversarial",
  "model": "deepseek-v4-flash-dspark",
  "repeat": 1,
  "max_tokens": 512,
  "temperature": 1.0,
  "top_p": 0.95
}

results -> /Users/<user>/sparxlab/bench/results/soak/20260823-000607-tp2-mia-soak-adversarial.csv
=== c=4 repeat=1 (adversarial) ===
{
  "concurrency": 4,
  "requests_ok": 28,
  "requests_err": 0,
  "first_error_ts": "",
  "tokens_in_window": 6119,
  "window_s": 180,
  "aggregate_tok_s": 33.99,
  "decode_tok_s_median": 18.43,
  "prefill_tok_s_median": 146.02,
  "per_stream_wall_tok_s_median": 18.13,
  "ttft_p50_ms": 444.0,
  "ttft_p95_ms": 528.0,
  "ttft_samples": 28,
  "itl_p50_ms": 114.6,
  "token_source": "usage",
  "skipped_sse_lines": 0,
  "truncated_streams": 0,
  "power_w_max": "",
  "power_w_mean": "",
  "temp_c_max": "",
  "mem_used_mib_max": "",
  "sm_clock_min": "",
  "sm_clock_max": "",
  "throttle_seen": "",
  "gpu_samples": 0,
  "timestamp_utc": "2026-08-23T00:16:30.536815+00:00",
  "git_hash": "",
  "engine": "tp2-mia-soak",
  "engine_config": "SOAK-cycle14",
  "workload": "adversarial",
  "model": "deepseek-v4-flash-dspark",
  "repeat": 1,
  "max_tokens": 512,
  "temperature": 1.0,
  "top_p": 0.95
}

results -> /Users/<user>/sparxlab/bench/results/soak/20260823-001240-tp2-mia-soak-adversarial.csv
=== c=1 repeat=1 (draftable) ===
{
  "concurrency": 1,
  "requests_ok": 40,
  "requests_err": 0,
  "first_error_ts": "",
  "tokens_in_window": 1705,
  "window_s": 120,
  "aggregate_tok_s": 14.21,
  "decode_tok_s_median": 67.56,
  "prefill_tok_s_median": 381.8,
  "per_stream_wall_tok_s_median": 59.67,
  "ttft_p50_ms": 325.0,
  "ttft_p95_ms": 342.0,
  "ttft_samples": 40,
  "itl_p50_ms": 64.7,
  "token_source": "usage",
  "skipped_sse_lines": 0,
  "truncated_streams": 0,
  "power_w_max": "",
  "power_w_mean": "",
  "temp_c_max": "",
  "mem_used_mib_max": "",
  "sm_clock_min": "",
  "sm_clock_max": "",
  "throttle_seen": "",
  "gpu_samples": 0,
  "timestamp_utc": "2026-08-23T00:19:07.080693+00:00",
  "git_hash": "",
  "engine": "tp2-mia-soak",
  "engine_config": "SOAK-cycle15",
  "workload": "draftable",
  "model": "deepseek-v4-flash-dspark",
  "repeat": 1,
  "max_tokens": 512,
  "temperature": 1.0,
  "top_p": 0.95
}

results -> /Users/<user>/sparxlab/bench/results/soak/20260823-001700-tp2-mia-soak-draftable.csv
=== c=8 repeat=1 (draftable) ===
{
  "concurrency": 8,
  "requests_ok": 301,
  "requests_err": 0,
  "first_error_ts": "",
  "tokens_in_window": 10817,
  "window_s": 300,
  "aggregate_tok_s": 36.06,
  "decode_tok_s_median": 20.96,
  "prefill_tok_s_median": 172.15,
  "per_stream_wall_tok_s_median": 18.88,
  "ttft_p50_ms": 693.0,
  "ttft_p95_ms": 832.0,
  "ttft_samples": 301,
  "itl_p50_ms": 187.7,
  "token_source": "usage",
  "skipped_sse_lines": 0,
  "truncated_streams": 0,
  "power_w_max": "",
  "power_w_mean": "",
  "temp_c_max": "",
  "mem_used_mib_max": "",
  "sm_clock_min": "",
  "sm_clock_max": "",
  "throttle_seen": "",
  "gpu_samples": 0,
  "timestamp_utc": "2026-08-23T00:25:02.264301+00:00",
  "git_hash": "",
  "engine": "tp2-mia-soak",
  "engine_config": "SOAK-cycle15",
  "workload": "draftable",
  "model": "deepseek-v4-flash-dspark",
  "repeat": 1,
  "max_tokens": 512,
  "temperature": 1.0,
  "top_p": 0.95
}

results -> /Users/<user>/sparxlab/bench/results/soak/20260823-001937-tp2-mia-soak-draftable.csv
=== c=4 repeat=1 (draftable) ===
{
  "concurrency": 4,
  "requests_ok": 133,
  "requests_err": 0,
  "first_error_ts": "",
  "tokens_in_window": 4744,
  "window_s": 180,
  "aggregate_tok_s": 26.36,
  "decode_tok_s_median": 30.16,
  "prefill_tok_s_median": 235.65,
  "per_stream_wall_tok_s_median": 26.79,
  "ttft_p50_ms": 534.0,
  "ttft_p95_ms": 703.0,
  "ttft_samples": 133,
  "itl_p50_ms": 129.8,
  "token_source": "usage",
  "skipped_sse_lines": 0,
  "truncated_streams": 0,
  "power_w_max": "",
  "power_w_mean": "",
  "temp_c_max": "",
  "mem_used_mib_max": "",
  "sm_clock_min": "",
  "sm_clock_max": "",
  "throttle_seen": "",
  "gpu_samples": 0,
  "timestamp_utc": "2026-08-23T00:28:51.825293+00:00",
  "git_hash": "",
  "engine": "tp2-mia-soak",
  "engine_config": "SOAK-cycle15",
  "workload": "draftable",
  "model": "deepseek-v4-flash-dspark",
  "repeat": 1,
  "max_tokens": 512,
  "temperature": 1.0,
  "top_p": 0.95
}

results -> /Users/<user>/sparxlab/bench/results/soak/20260823-002532-tp2-mia-soak-draftable.csv
=== c=1 repeat=1 (adversarial) ===
{
  "concurrency": 1,
  "requests_ok": 8,
  "requests_err": 0,
  "first_error_ts": "",
  "tokens_in_window": 1889,
  "window_s": 120,
  "aggregate_tok_s": 15.74,
  "decode_tok_s_median": 34.08,
  "prefill_tok_s_median": 251.91,
  "per_stream_wall_tok_s_median": 33.65,
  "ttft_p50_ms": 261.0,
  "ttft_p95_ms": "",
  "ttft_samples": 8,
  "itl_p50_ms": 62.3,
  "token_source": "usage",
  "skipped_sse_lines": 0,
  "truncated_streams": 0,
  "power_w_max": "",
  "power_w_mean": "",
  "temp_c_max": "",
  "mem_used_mib_max": "",
  "sm_clock_min": "",
  "sm_clock_max": "",
  "throttle_seen": "",
  "gpu_samples": 0,
  "timestamp_utc": "2026-08-23T00:31:38.589877+00:00",
  "git_hash": "",
  "engine": "tp2-mia-soak",
  "engine_config": "SOAK-cycle16",
  "workload": "adversarial",
  "model": "deepseek-v4-flash-dspark",
  "repeat": 1,
  "max_tokens": 512,
  "temperature": 1.0,
  "top_p": 0.95
}

results -> /Users/<user>/sparxlab/bench/results/soak/20260823-002922-tp2-mia-soak-adversarial.csv
=== c=8 repeat=1 (adversarial) ===
{
  "concurrency": 8,
  "requests_ok": 64,
  "requests_err": 0,
  "first_error_ts": "",
  "tokens_in_window": 14495,
  "window_s": 300,
  "aggregate_tok_s": 48.32,
  "decode_tok_s_median": 13.13,
  "prefill_tok_s_median": 111.0,
  "per_stream_wall_tok_s_median": 12.97,
  "ttft_p50_ms": 579.0,
  "ttft_p95_ms": 684.0,
  "ttft_samples": 64,
  "itl_p50_ms": 161.5,
  "token_source": "usage",
  "skipped_sse_lines": 0,
  "truncated_streams": 0,
  "power_w_max": "",
  "power_w_mean": "",
  "temp_c_max": "",
  "mem_used_mib_max": "",
  "sm_clock_min": "",
  "sm_clock_max": "",
  "throttle_seen": "",
  "gpu_samples": 0,
  "timestamp_utc": "2026-08-23T00:38:11.354859+00:00",
  "git_hash": "",
  "engine": "tp2-mia-soak",
  "engine_config": "SOAK-cycle16",
  "workload": "adversarial",
  "model": "deepseek-v4-flash-dspark",
  "repeat": 1,
  "max_tokens": 512,
  "temperature": 1.0,
  "top_p": 0.95
}

results -> /Users/<user>/sparxlab/bench/results/soak/20260823-003208-tp2-mia-soak-adversarial.csv
=== c=4 repeat=1 (adversarial) ===
{
  "concurrency": 4,
  "requests_ok": 28,
  "requests_err": 0,
  "first_error_ts": "",
  "tokens_in_window": 6101,
  "window_s": 180,
  "aggregate_tok_s": 33.89,
  "decode_tok_s_median": 18.24,
  "prefill_tok_s_median": 143.6,
  "per_stream_wall_tok_s_median": 17.97,
  "ttft_p50_ms": 453.0,
  "ttft_p95_ms": 578.0,
  "ttft_samples": 28,
  "itl_p50_ms": 114.7,
  "token_source": "usage",
  "skipped_sse_lines": 0,
  "truncated_streams": 0,
  "power_w_max": "",
  "power_w_mean": "",
  "temp_c_max": "",
  "mem_used_mib_max": "",
  "sm_clock_min": "",
  "sm_clock_max": "",
  "throttle_seen": "",
  "gpu_samples": 0,
  "timestamp_utc": "2026-08-23T00:42:32.571940+00:00",
  "git_hash": "",
  "engine": "tp2-mia-soak",
  "engine_config": "SOAK-cycle16",
  "workload": "adversarial",
  "model": "deepseek-v4-flash-dspark",
  "repeat": 1,
  "max_tokens": 512,
  "temperature": 1.0,
  "top_p": 0.95
}

results -> /Users/<user>/sparxlab/bench/results/soak/20260823-003841-tp2-mia-soak-adversarial.csv
=== c=1 repeat=1 (draftable) ===
{
  "concurrency": 1,
  "requests_ok": 40,
  "requests_err": 0,
  "first_error_ts": "",
  "tokens_in_window": 1709,
  "window_s": 120,
  "aggregate_tok_s": 14.24,
  "decode_tok_s_median": 67.91,
  "prefill_tok_s_median": 374.41,
  "per_stream_wall_tok_s_median": 57.79,
  "ttft_p50_ms": 322.0,
  "ttft_p95_ms": 340.0,
  "ttft_samples": 40,
  "itl_p50_ms": 64.4,
  "token_source": "usage",
  "skipped_sse_lines": 0,
  "truncated_streams": 0,
  "power_w_max": "",
  "power_w_mean": "",
  "temp_c_max": "",
  "mem_used_mib_max": "",
  "sm_clock_min": "",
  "sm_clock_max": "",
  "throttle_seen": "",
  "gpu_samples": 0,
  "timestamp_utc": "2026-08-23T00:45:11.046487+00:00",
  "git_hash": "",
  "engine": "tp2-mia-soak",
  "engine_config": "SOAK-cycle17",
  "workload": "draftable",
  "model": "deepseek-v4-flash-dspark",
  "repeat": 1,
  "max_tokens": 512,
  "temperature": 1.0,
  "top_p": 0.95
}

results -> /Users/<user>/sparxlab/bench/results/soak/20260823-004302-tp2-mia-soak-draftable.csv
=== c=8 repeat=1 (draftable) ===
{
  "concurrency": 8,
  "requests_ok": 291,
  "requests_err": 0,
  "first_error_ts": "",
  "tokens_in_window": 10801,
  "window_s": 300,
  "aggregate_tok_s": 36.0,
  "decode_tok_s_median": 20.49,
  "prefill_tok_s_median": 172.77,
  "per_stream_wall_tok_s_median": 18.61,
  "ttft_p50_ms": 692.0,
  "ttft_p95_ms": 841.0,
  "ttft_samples": 291,
  "itl_p50_ms": 188.8,
  "token_source": "usage",
  "skipped_sse_lines": 0,
  "truncated_streams": 0,
  "power_w_max": "",
  "power_w_mean": "",
  "temp_c_max": "",
  "mem_used_mib_max": "",
  "sm_clock_min": "",
  "sm_clock_max": "",
  "throttle_seen": "",
  "gpu_samples": 0,
  "timestamp_utc": "2026-08-23T00:50:59.880108+00:00",
  "git_hash": "",
  "engine": "tp2-mia-soak",
  "engine_config": "SOAK-cycle17",
  "workload": "draftable",
  "model": "deepseek-v4-flash-dspark",
  "repeat": 1,
  "max_tokens": 512,
  "temperature": 1.0,
  "top_p": 0.95
}

results -> /Users/<user>/sparxlab/bench/results/soak/20260823-004541-tp2-mia-soak-draftable.csv
=== c=4 repeat=1 (draftable) ===
{
  "concurrency": 4,
  "requests_ok": 132,
  "requests_err": 0,
  "first_error_ts": "",
  "tokens_in_window": 4733,
  "window_s": 180,
  "aggregate_tok_s": 26.29,
  "decode_tok_s_median": 31.0,
  "prefill_tok_s_median": 238.74,
  "per_stream_wall_tok_s_median": 27.42,
  "ttft_p50_ms": 532.0,
  "ttft_p95_ms": 688.0,
  "ttft_samples": 132,
  "itl_p50_ms": 129.3,
  "token_source": "usage",
  "skipped_sse_lines": 0,
  "truncated_streams": 0,
  "power_w_max": "",
  "power_w_mean": "",
  "temp_c_max": "",
  "mem_used_mib_max": "",
  "sm_clock_min": "",
  "sm_clock_max": "",
  "throttle_seen": "",
  "gpu_samples": 0,
  "timestamp_utc": "2026-08-23T00:54:49.419951+00:00",
  "git_hash": "",
  "engine": "tp2-mia-soak",
  "engine_config": "SOAK-cycle17",
  "workload": "draftable",
  "model": "deepseek-v4-flash-dspark",
  "repeat": 1,
  "max_tokens": 512,
  "temperature": 1.0,
  "top_p": 0.95
}

results -> /Users/<user>/sparxlab/bench/results/soak/20260823-005130-tp2-mia-soak-draftable.csv
=== c=1 repeat=1 (adversarial) ===
{
  "concurrency": 1,
  "requests_ok": 8,
  "requests_err": 0,
  "first_error_ts": "",
  "tokens_in_window": 1895,
  "window_s": 120,
  "aggregate_tok_s": 15.79,
  "decode_tok_s_median": 33.28,
  "prefill_tok_s_median": 250.06,
  "per_stream_wall_tok_s_median": 32.84,
  "ttft_p50_ms": 256.0,
  "ttft_p95_ms": "",
  "ttft_samples": 8,
  "itl_p50_ms": 62.3,
  "token_source": "usage",
  "skipped_sse_lines": 0,
  "truncated_streams": 0,
  "power_w_max": "",
  "power_w_mean": "",
  "temp_c_max": "",
  "mem_used_mib_max": "",
  "sm_clock_min": "",
  "sm_clock_max": "",
  "throttle_seen": "",
  "gpu_samples": 0,
  "timestamp_utc": "2026-08-23T00:57:37.372980+00:00",
  "git_hash": "",
  "engine": "tp2-mia-soak",
  "engine_config": "SOAK-cycle18",
  "workload": "adversarial",
  "model": "deepseek-v4-flash-dspark",
  "repeat": 1,
  "max_tokens": 512,
  "temperature": 1.0,
  "top_p": 0.95
}

results -> /Users/<user>/sparxlab/bench/results/soak/20260823-005519-tp2-mia-soak-adversarial.csv
=== c=8 repeat=1 (adversarial) ===
{
  "concurrency": 8,
  "requests_ok": 64,
  "requests_err": 0,
  "first_error_ts": "",
  "tokens_in_window": 14549,
  "window_s": 300,
  "aggregate_tok_s": 48.5,
  "decode_tok_s_median": 13.17,
  "prefill_tok_s_median": 110.55,
  "per_stream_wall_tok_s_median": 13.01,
  "ttft_p50_ms": 576.0,
  "ttft_p95_ms": 685.0,
  "ttft_samples": 64,
  "itl_p50_ms": 160.9,
  "token_source": "usage",
  "skipped_sse_lines": 0,
  "truncated_streams": 0,
  "power_w_max": "",
  "power_w_mean": "",
  "temp_c_max": "",
  "mem_used_mib_max": "",
  "sm_clock_min": "",
  "sm_clock_max": "",
  "throttle_seen": "",
  "gpu_samples": 0,
  "timestamp_utc": "2026-08-23T01:04:05.427852+00:00",
  "git_hash": "",
  "engine": "tp2-mia-soak",
  "engine_config": "SOAK-cycle18",
  "workload": "adversarial",
  "model": "deepseek-v4-flash-dspark",
  "repeat": 1,
  "max_tokens": 512,
  "temperature": 1.0,
  "top_p": 0.95
}

results -> /Users/<user>/sparxlab/bench/results/soak/20260823-005807-tp2-mia-soak-adversarial.csv
=== c=4 repeat=1 (adversarial) ===
{
  "concurrency": 4,
  "requests_ok": 28,
  "requests_err": 0,
  "first_error_ts": "",
  "tokens_in_window": 6115,
  "window_s": 180,
  "aggregate_tok_s": 33.97,
  "decode_tok_s_median": 18.51,
  "prefill_tok_s_median": 144.87,
  "per_stream_wall_tok_s_median": 18.21,
  "ttft_p50_ms": 445.0,
  "ttft_p95_ms": 518.0,
  "ttft_samples": 28,
  "itl_p50_ms": 115.0,
  "token_source": "usage",
  "skipped_sse_lines": 0,
  "truncated_streams": 0,
  "power_w_max": "",
  "power_w_mean": "",
  "temp_c_max": "",
  "mem_used_mib_max": "",
  "sm_clock_min": "",
  "sm_clock_max": "",
  "throttle_seen": "",
  "gpu_samples": 0,
  "timestamp_utc": "2026-08-23T01:08:24.121506+00:00",
  "git_hash": "",
  "engine": "tp2-mia-soak",
  "engine_config": "SOAK-cycle18",
  "workload": "adversarial",
  "model": "deepseek-v4-flash-dspark",
  "repeat": 1,
  "max_tokens": 512,
  "temperature": 1.0,
  "top_p": 0.95
}

results -> /Users/<user>/sparxlab/bench/results/soak/20260823-010435-tp2-mia-soak-adversarial.csv
=== c=1 repeat=1 (draftable) ===
{
  "concurrency": 1,
  "requests_ok": 41,
  "requests_err": 0,
  "first_error_ts": "",
  "tokens_in_window": 1709,
  "window_s": 120,
  "aggregate_tok_s": 14.24,
  "decode_tok_s_median": 66.5,
  "prefill_tok_s_median": 383.4,
  "per_stream_wall_tok_s_median": 60.56,
  "ttft_p50_ms": 323.0,
  "ttft_p95_ms": 339.0,
  "ttft_samples": 41,
  "itl_p50_ms": 64.3,
  "token_source": "usage",
  "skipped_sse_lines": 0,
  "truncated_streams": 0,
  "power_w_max": "",
  "power_w_mean": "",
  "temp_c_max": "",
  "mem_used_mib_max": "",
  "sm_clock_min": "",
  "sm_clock_max": "",
  "throttle_seen": "",
  "gpu_samples": 0,
  "timestamp_utc": "2026-08-23T01:11:01.934949+00:00",
  "git_hash": "",
  "engine": "tp2-mia-soak",
  "engine_config": "SOAK-cycle19",
  "workload": "draftable",
  "model": "deepseek-v4-flash-dspark",
  "repeat": 1,
  "max_tokens": 512,
  "temperature": 1.0,
  "top_p": 0.95
}

results -> /Users/<user>/sparxlab/bench/results/soak/20260823-010854-tp2-mia-soak-draftable.csv
=== c=8 repeat=1 (draftable) ===
{
  "concurrency": 8,
  "requests_ok": 292,
  "requests_err": 0,
  "first_error_ts": "",
  "tokens_in_window": 10781,
  "window_s": 300,
  "aggregate_tok_s": 35.94,
  "decode_tok_s_median": 20.53,
  "prefill_tok_s_median": 171.04,
  "per_stream_wall_tok_s_median": 18.59,
  "ttft_p50_ms": 691.0,
  "ttft_p95_ms": 829.0,
  "ttft_samples": 292,
  "itl_p50_ms": 187.8,
  "token_source": "usage",
  "skipped_sse_lines": 0,
  "truncated_streams": 0,
  "power_w_max": "",
  "power_w_mean": "",
  "temp_c_max": "",
  "mem_used_mib_max": "",
  "sm_clock_min": "",
  "sm_clock_max": "",
  "throttle_seen": "",
  "gpu_samples": 0,
  "timestamp_utc": "2026-08-23T01:16:55.880841+00:00",
  "git_hash": "",
  "engine": "tp2-mia-soak",
  "engine_config": "SOAK-cycle19",
  "workload": "draftable",
  "model": "deepseek-v4-flash-dspark",
  "repeat": 1,
  "max_tokens": 512,
  "temperature": 1.0,
  "top_p": 0.95
}

results -> /Users/<user>/sparxlab/bench/results/soak/20260823-011132-tp2-mia-soak-draftable.csv
=== c=4 repeat=1 (draftable) ===
{
  "concurrency": 4,
  "requests_ok": 135,
  "requests_err": 0,
  "first_error_ts": "",
  "tokens_in_window": 4747,
  "window_s": 180,
  "aggregate_tok_s": 26.37,
  "decode_tok_s_median": 30.62,
  "prefill_tok_s_median": 237.71,
  "per_stream_wall_tok_s_median": 27.22,
  "ttft_p50_ms": 534.0,
  "ttft_p95_ms": 682.0,
  "ttft_samples": 135,
  "itl_p50_ms": 129.0,
  "token_source": "usage",
  "skipped_sse_lines": 0,
  "truncated_streams": 0,
  "power_w_max": "",
  "power_w_mean": "",
  "temp_c_max": "",
  "mem_used_mib_max": "",
  "sm_clock_min": "",
  "sm_clock_max": "",
  "throttle_seen": "",
  "gpu_samples": 0,
  "timestamp_utc": "2026-08-23T01:20:40.364345+00:00",
  "git_hash": "",
  "engine": "tp2-mia-soak",
  "engine_config": "SOAK-cycle19",
  "workload": "draftable",
  "model": "deepseek-v4-flash-dspark",
  "repeat": 1,
  "max_tokens": 512,
  "temperature": 1.0,
  "top_p": 0.95
}

results -> /Users/<user>/sparxlab/bench/results/soak/20260823-011726-tp2-mia-soak-draftable.csv
=== c=1 repeat=1 (adversarial) ===
{
  "concurrency": 1,
  "requests_ok": 9,
  "requests_err": 0,
  "first_error_ts": "",
  "tokens_in_window": 1892,
  "window_s": 120,
  "aggregate_tok_s": 15.77,
  "decode_tok_s_median": 33.44,
  "prefill_tok_s_median": 236.68,
  "per_stream_wall_tok_s_median": 33.01,
  "ttft_p50_ms": 257.0,
  "ttft_p95_ms": "",
  "ttft_samples": 9,
  "itl_p50_ms": 62.1,
  "token_source": "usage",
  "skipped_sse_lines": 0,
  "truncated_streams": 0,
  "power_w_max": "",
  "power_w_mean": "",
  "temp_c_max": "",
  "mem_used_mib_max": "",
  "sm_clock_min": "",
  "sm_clock_max": "",
  "throttle_seen": "",
  "gpu_samples": 0,
  "timestamp_utc": "2026-08-23T01:23:40.968048+00:00",
  "git_hash": "",
  "engine": "tp2-mia-soak",
  "engine_config": "SOAK-cycle20",
  "workload": "adversarial",
  "model": "deepseek-v4-flash-dspark",
  "repeat": 1,
  "max_tokens": 512,
  "temperature": 1.0,
  "top_p": 0.95
}

results -> /Users/<user>/sparxlab/bench/results/soak/20260823-012110-tp2-mia-soak-adversarial.csv
=== c=8 repeat=1 (adversarial) ===
{
  "concurrency": 8,
  "requests_ok": 64,
  "requests_err": 0,
  "first_error_ts": "",
  "tokens_in_window": 14489,
  "window_s": 300,
  "aggregate_tok_s": 48.3,
  "decode_tok_s_median": 12.96,
  "prefill_tok_s_median": 109.28,
  "per_stream_wall_tok_s_median": 12.8,
  "ttft_p50_ms": 578.0,
  "ttft_p95_ms": 676.0,
  "ttft_samples": 64,
  "itl_p50_ms": 161.2,
  "token_source": "usage",
  "skipped_sse_lines": 0,
  "truncated_streams": 0,
  "power_w_max": "",
  "power_w_mean": "",
  "temp_c_max": "",
  "mem_used_mib_max": "",
  "sm_clock_min": "",
  "sm_clock_max": "",
  "throttle_seen": "",
  "gpu_samples": 0,
  "timestamp_utc": "2026-08-23T01:30:15.157200+00:00",
  "git_hash": "",
  "engine": "tp2-mia-soak",
  "engine_config": "SOAK-cycle20",
  "workload": "adversarial",
  "model": "deepseek-v4-flash-dspark",
  "repeat": 1,
  "max_tokens": 512,
  "temperature": 1.0,
  "top_p": 0.95
}

results -> /Users/<user>/sparxlab/bench/results/soak/20260823-012411-tp2-mia-soak-adversarial.csv
=== c=4 repeat=1 (adversarial) ===
{
  "concurrency": 4,
  "requests_ok": 28,
  "requests_err": 0,
  "first_error_ts": "",
  "tokens_in_window": 6120,
  "window_s": 180,
  "aggregate_tok_s": 34.0,
  "decode_tok_s_median": 18.32,
  "prefill_tok_s_median": 146.25,
  "per_stream_wall_tok_s_median": 18.05,
  "ttft_p50_ms": 438.0,
  "ttft_p95_ms": 531.0,
  "ttft_samples": 28,
  "itl_p50_ms": 114.7,
  "token_source": "usage",
  "skipped_sse_lines": 0,
  "truncated_streams": 0,
  "power_w_max": "",
  "power_w_mean": "",
  "temp_c_max": "",
  "mem_used_mib_max": "",
  "sm_clock_min": "",
  "sm_clock_max": "",
  "throttle_seen": "",
  "gpu_samples": 0,
  "timestamp_utc": "2026-08-23T01:34:33.801976+00:00",
  "git_hash": "",
  "engine": "tp2-mia-soak",
  "engine_config": "SOAK-cycle20",
  "workload": "adversarial",
  "model": "deepseek-v4-flash-dspark",
  "repeat": 1,
  "max_tokens": 512,
  "temperature": 1.0,
  "top_p": 0.95
}

results -> /Users/<user>/sparxlab/bench/results/soak/20260823-013045-tp2-mia-soak-adversarial.csv
=== c=1 repeat=1 (draftable) ===
{
  "concurrency": 1,
  "requests_ok": 42,
  "requests_err": 0,
  "first_error_ts": "",
  "tokens_in_window": 1695,
  "window_s": 120,
  "aggregate_tok_s": 14.12,
  "decode_tok_s_median": 65.2,
  "prefill_tok_s_median": 377.05,
  "per_stream_wall_tok_s_median": 57.25,
  "ttft_p50_ms": 325.0,
  "ttft_p95_ms": 345.0,
  "ttft_samples": 42,
  "itl_p50_ms": 64.6,
  "token_source": "usage",
  "skipped_sse_lines": 0,
  "truncated_streams": 0,
  "power_w_max": "",
  "power_w_mean": "",
  "temp_c_max": "",
  "mem_used_mib_max": "",
  "sm_clock_min": "",
  "sm_clock_max": "",
  "throttle_seen": "",
  "gpu_samples": 0,
  "timestamp_utc": "2026-08-23T01:37:17.115429+00:00",
  "git_hash": "",
  "engine": "tp2-mia-soak",
  "engine_config": "SOAK-cycle21",
  "workload": "draftable",
  "model": "deepseek-v4-flash-dspark",
  "repeat": 1,
  "max_tokens": 512,
  "temperature": 1.0,
  "top_p": 0.95
}

results -> /Users/<user>/sparxlab/bench/results/soak/20260823-013503-tp2-mia-soak-draftable.csv
=== c=8 repeat=1 (draftable) ===
{
  "concurrency": 8,
  "requests_ok": 293,
  "requests_err": 0,
  "first_error_ts": "",
  "tokens_in_window": 10892,
  "window_s": 300,
  "aggregate_tok_s": 36.31,
  "decode_tok_s_median": 20.84,
  "prefill_tok_s_median": 173.3,
  "per_stream_wall_tok_s_median": 18.74,
  "ttft_p50_ms": 692.0,
  "ttft_p95_ms": 831.0,
  "ttft_samples": 293,
  "itl_p50_ms": 188.2,
  "token_source": "usage",
  "skipped_sse_lines": 0,
  "truncated_streams": 0,
  "power_w_max": "",
  "power_w_mean": "",
  "temp_c_max": "",
  "mem_used_mib_max": "",
  "sm_clock_min": "",
  "sm_clock_max": "",
  "throttle_seen": "",
  "gpu_samples": 0,
  "timestamp_utc": "2026-08-23T01:43:09.151606+00:00",
  "git_hash": "",
  "engine": "tp2-mia-soak",
  "engine_config": "SOAK-cycle21",
  "workload": "draftable",
  "model": "deepseek-v4-flash-dspark",
  "repeat": 1,
  "max_tokens": 512,
  "temperature": 1.0,
  "top_p": 0.95
}

results -> /Users/<user>/sparxlab/bench/results/soak/20260823-013747-tp2-mia-soak-draftable.csv
=== c=4 repeat=1 (draftable) ===
{
  "concurrency": 4,
  "requests_ok": 141,
  "requests_err": 0,
  "first_error_ts": "",
  "tokens_in_window": 4682,
  "window_s": 180,
  "aggregate_tok_s": 26.01,
  "decode_tok_s_median": 29.93,
  "prefill_tok_s_median": 233.52,
  "per_stream_wall_tok_s_median": 26.57,
  "ttft_p50_ms": 534.0,
  "ttft_p95_ms": 690.0,
  "ttft_samples": 141,
  "itl_p50_ms": 129.0,
  "token_source": "usage",
  "skipped_sse_lines": 0,
  "truncated_streams": 0,
  "power_w_max": "",
  "power_w_mean": "",
  "temp_c_max": "",
  "mem_used_mib_max": "",
  "sm_clock_min": "",
  "sm_clock_max": "",
  "throttle_seen": "",
  "gpu_samples": 0,
  "timestamp_utc": "2026-08-23T01:46:55.453968+00:00",
  "git_hash": "",
  "engine": "tp2-mia-soak",
  "engine_config": "SOAK-cycle21",
  "workload": "draftable",
  "model": "deepseek-v4-flash-dspark",
  "repeat": 1,
  "max_tokens": 512,
  "temperature": 1.0,
  "top_p": 0.95
}

results -> /Users/<user>/sparxlab/bench/results/soak/20260823-014339-tp2-mia-soak-draftable.csv
=== c=1 repeat=1 (adversarial) ===
{
  "concurrency": 1,
  "requests_ok": 8,
  "requests_err": 0,
  "first_error_ts": "",
  "tokens_in_window": 1897,
  "window_s": 120,
  "aggregate_tok_s": 15.81,
  "decode_tok_s_median": 33.55,
  "prefill_tok_s_median": 263.76,
  "per_stream_wall_tok_s_median": 33.04,
  "ttft_p50_ms": 242.0,
  "ttft_p95_ms": "",
  "ttft_samples": 8,
  "itl_p50_ms": 62.1,
  "token_source": "usage",
  "skipped_sse_lines": 0,
  "truncated_streams": 0,
  "power_w_max": "",
  "power_w_mean": "",
  "temp_c_max": "",
  "mem_used_mib_max": "",
  "sm_clock_min": "",
  "sm_clock_max": "",
  "throttle_seen": "",
  "gpu_samples": 0,
  "timestamp_utc": "2026-08-23T01:49:43.697485+00:00",
  "git_hash": "",
  "engine": "tp2-mia-soak",
  "engine_config": "SOAK-cycle22",
  "workload": "adversarial",
  "model": "deepseek-v4-flash-dspark",
  "repeat": 1,
  "max_tokens": 512,
  "temperature": 1.0,
  "top_p": 0.95
}

results -> /Users/<user>/sparxlab/bench/results/soak/20260823-014725-tp2-mia-soak-adversarial.csv
=== c=8 repeat=1 (adversarial) ===
{
  "concurrency": 8,
  "requests_ok": 64,
  "requests_err": 0,
  "first_error_ts": "",
  "tokens_in_window": 14520,
  "window_s": 300,
  "aggregate_tok_s": 48.4,
  "decode_tok_s_median": 12.93,
  "prefill_tok_s_median": 111.99,
  "per_stream_wall_tok_s_median": 12.8,
  "ttft_p50_ms": 579.0,
  "ttft_p95_ms": 675.0,
  "ttft_samples": 64,
  "itl_p50_ms": 161.6,
  "token_source": "usage",
  "skipped_sse_lines": 0,
  "truncated_streams": 0,
  "power_w_max": "",
  "power_w_mean": "",
  "temp_c_max": "",
  "mem_used_mib_max": "",
  "sm_clock_min": "",
  "sm_clock_max": "",
  "throttle_seen": "",
  "gpu_samples": 0,
  "timestamp_utc": "2026-08-23T01:56:16.633754+00:00",
  "git_hash": "",
  "engine": "tp2-mia-soak",
  "engine_config": "SOAK-cycle22",
  "workload": "adversarial",
  "model": "deepseek-v4-flash-dspark",
  "repeat": 1,
  "max_tokens": 512,
  "temperature": 1.0,
  "top_p": 0.95
}

results -> /Users/<user>/sparxlab/bench/results/soak/20260823-015013-tp2-mia-soak-adversarial.csv
=== c=4 repeat=1 (adversarial) ===
{
  "concurrency": 4,
  "requests_ok": 28,
  "requests_err": 0,
  "first_error_ts": "",
  "tokens_in_window": 6108,
  "window_s": 180,
  "aggregate_tok_s": 33.93,
  "decode_tok_s_median": 18.56,
  "prefill_tok_s_median": 142.47,
  "per_stream_wall_tok_s_median": 18.29,
  "ttft_p50_ms": 443.0,
  "ttft_p95_ms": 587.0,
  "ttft_samples": 28,
  "itl_p50_ms": 114.1,
  "token_source": "usage",
  "skipped_sse_lines": 0,
  "truncated_streams": 0,
  "power_w_max": "",
  "power_w_mean": "",
  "temp_c_max": "",
  "mem_used_mib_max": "",
  "sm_clock_min": "",
  "sm_clock_max": "",
  "throttle_seen": "",
  "gpu_samples": 0,
  "timestamp_utc": "2026-08-23T02:00:35.611685+00:00",
  "git_hash": "",
  "engine": "tp2-mia-soak",
  "engine_config": "SOAK-cycle22",
  "workload": "adversarial",
  "model": "deepseek-v4-flash-dspark",
  "repeat": 1,
  "max_tokens": 512,
  "temperature": 1.0,
  "top_p": 0.95
}

results -> /Users/<user>/sparxlab/bench/results/soak/20260823-015646-tp2-mia-soak-adversarial.csv
=== c=1 repeat=1 (draftable) ===
{
  "concurrency": 1,
  "requests_ok": 39,
  "requests_err": 0,
  "first_error_ts": "",
  "tokens_in_window": 1712,
  "window_s": 120,
  "aggregate_tok_s": 14.27,
  "decode_tok_s_median": 66.89,
  "prefill_tok_s_median": 374.02,
  "per_stream_wall_tok_s_median": 59.55,
  "ttft_p50_ms": 323.0,
  "ttft_p95_ms": 342.0,
  "ttft_samples": 39,
  "itl_p50_ms": 64.5,
  "token_source": "usage",
  "skipped_sse_lines": 0,
  "truncated_streams": 0,
  "power_w_max": "",
  "power_w_mean": "",
  "temp_c_max": "",
  "mem_used_mib_max": "",
  "sm_clock_min": "",
  "sm_clock_max": "",
  "throttle_seen": "",
  "gpu_samples": 0,
  "timestamp_utc": "2026-08-23T02:03:12.319075+00:00",
  "git_hash": "",
  "engine": "tp2-mia-soak",
  "engine_config": "SOAK-cycle23",
  "workload": "draftable",
  "model": "deepseek-v4-flash-dspark",
  "repeat": 1,
  "max_tokens": 512,
  "temperature": 1.0,
  "top_p": 0.95
}

results -> /Users/<user>/sparxlab/bench/results/soak/20260823-020105-tp2-mia-soak-draftable.csv
=== c=8 repeat=1 (draftable) ===
{
  "concurrency": 8,
  "requests_ok": 300,
  "requests_err": 0,
  "first_error_ts": "",
  "tokens_in_window": 10767,
  "window_s": 300,
  "aggregate_tok_s": 35.89,
  "decode_tok_s_median": 20.63,
  "prefill_tok_s_median": 172.36,
  "per_stream_wall_tok_s_median": 18.57,
  "ttft_p50_ms": 703.0,
  "ttft_p95_ms": 841.0,
  "ttft_samples": 300,
  "itl_p50_ms": 189.0,
  "token_source": "usage",
  "skipped_sse_lines": 0,
  "truncated_streams": 0,
  "power_w_max": "",
  "power_w_mean": "",
  "temp_c_max": "",
  "mem_used_mib_max": "",
  "sm_clock_min": "",
  "sm_clock_max": "",
  "throttle_seen": "",
  "gpu_samples": 0,
  "timestamp_utc": "2026-08-23T02:09:07.923916+00:00",
  "git_hash": "",
  "engine": "tp2-mia-soak",
  "engine_config": "SOAK-cycle23",
  "workload": "draftable",
  "model": "deepseek-v4-flash-dspark",
  "repeat": 1,
  "max_tokens": 512,
  "temperature": 1.0,
  "top_p": 0.95
}

results -> /Users/<user>/sparxlab/bench/results/soak/20260823-020342-tp2-mia-soak-draftable.csv
=== c=4 repeat=1 (draftable) ===
{
  "concurrency": 4,
  "requests_ok": 133,
  "requests_err": 0,
  "first_error_ts": "",
  "tokens_in_window": 4701,
  "window_s": 180,
  "aggregate_tok_s": 26.12,
  "decode_tok_s_median": 30.52,
  "prefill_tok_s_median": 237.39,
  "per_stream_wall_tok_s_median": 27.09,
  "ttft_p50_ms": 532.0,
  "ttft_p95_ms": 685.0,
  "ttft_samples": 133,
  "itl_p50_ms": 130.8,
  "token_source": "usage",
  "skipped_sse_lines": 0,
  "truncated_streams": 0,
  "power_w_max": "",
  "power_w_mean": "",
  "temp_c_max": "",
  "mem_used_mib_max": "",
  "sm_clock_min": "",
  "sm_clock_max": "",
  "throttle_seen": "",
  "gpu_samples": 0,
  "timestamp_utc": "2026-08-23T02:12:52.571768+00:00",
  "git_hash": "",
  "engine": "tp2-mia-soak",
  "engine_config": "SOAK-cycle23",
  "workload": "draftable",
  "model": "deepseek-v4-flash-dspark",
  "repeat": 1,
  "max_tokens": 512,
  "temperature": 1.0,
  "top_p": 0.95
}

results -> /Users/<user>/sparxlab/bench/results/soak/20260823-020938-tp2-mia-soak-draftable.csv
=== c=1 repeat=1 (adversarial) ===
{
  "concurrency": 1,
  "requests_ok": 9,
  "requests_err": 0,
  "first_error_ts": "",
  "tokens_in_window": 1890,
  "window_s": 120,
  "aggregate_tok_s": 15.75,
  "decode_tok_s_median": 36.08,
  "prefill_tok_s_median": 247.96,
  "per_stream_wall_tok_s_median": 35.49,
  "ttft_p50_ms": 264.0,
  "ttft_p95_ms": "",
  "ttft_samples": 9,
  "itl_p50_ms": 62.2,
  "token_source": "usage",
  "skipped_sse_lines": 0,
  "truncated_streams": 0,
  "power_w_max": "",
  "power_w_mean": "",
  "temp_c_max": "",
  "mem_used_mib_max": "",
  "sm_clock_min": "",
  "sm_clock_max": "",
  "throttle_seen": "",
  "gpu_samples": 0,
  "timestamp_utc": "2026-08-23T02:15:50.681591+00:00",
  "git_hash": "",
  "engine": "tp2-mia-soak",
  "engine_config": "SOAK-cycle24",
  "workload": "adversarial",
  "model": "deepseek-v4-flash-dspark",
  "repeat": 1,
  "max_tokens": 512,
  "temperature": 1.0,
  "top_p": 0.95
}

results -> /Users/<user>/sparxlab/bench/results/soak/20260823-021322-tp2-mia-soak-adversarial.csv
=== c=8 repeat=1 (adversarial) ===
{
  "concurrency": 8,
  "requests_ok": 64,
  "requests_err": 0,
  "first_error_ts": "",
  "tokens_in_window": 14527,
  "window_s": 300,
  "aggregate_tok_s": 48.42,
  "decode_tok_s_median": 12.92,
  "prefill_tok_s_median": 111.31,
  "per_stream_wall_tok_s_median": 12.75,
  "ttft_p50_ms": 579.0,
  "ttft_p95_ms": 680.0,
  "ttft_samples": 64,
  "itl_p50_ms": 161.9,
  "token_source": "usage",
  "skipped_sse_lines": 0,
  "truncated_streams": 0,
  "power_w_max": "",
  "power_w_mean": "",
  "temp_c_max": "",
  "mem_used_mib_max": "",
  "sm_clock_min": "",
  "sm_clock_max": "",
  "throttle_seen": "",
  "gpu_samples": 0,
  "timestamp_utc": "2026-08-23T02:22:22.633300+00:00",
  "git_hash": "",
  "engine": "tp2-mia-soak",
  "engine_config": "SOAK-cycle24",
  "workload": "adversarial",
  "model": "deepseek-v4-flash-dspark",
  "repeat": 1,
  "max_tokens": 512,
  "temperature": 1.0,
  "top_p": 0.95
}

results -> /Users/<user>/sparxlab/bench/results/soak/20260823-021620-tp2-mia-soak-adversarial.csv
=== c=4 repeat=1 (adversarial) ===
{
  "concurrency": 4,
  "requests_ok": 28,
  "requests_err": 0,
  "first_error_ts": "",
  "tokens_in_window": 6133,
  "window_s": 180,
  "aggregate_tok_s": 34.07,
  "decode_tok_s_median": 18.32,
  "prefill_tok_s_median": 140.67,
  "per_stream_wall_tok_s_median": 18.1,
  "ttft_p50_ms": 459.0,
  "ttft_p95_ms": 599.0,
  "ttft_samples": 28,
  "itl_p50_ms": 113.9,
  "token_source": "usage",
  "skipped_sse_lines": 0,
  "truncated_streams": 0,
  "power_w_max": "",
  "power_w_mean": "",
  "temp_c_max": "",
  "mem_used_mib_max": "",
  "sm_clock_min": "",
  "sm_clock_max": "",
  "throttle_seen": "",
  "gpu_samples": 0,
  "timestamp_utc": "2026-08-23T02:26:41.415951+00:00",
  "git_hash": "",
  "engine": "tp2-mia-soak",
  "engine_config": "SOAK-cycle24",
  "workload": "adversarial",
  "model": "deepseek-v4-flash-dspark",
  "repeat": 1,
  "max_tokens": 512,
  "temperature": 1.0,
  "top_p": 0.95
}

results -> /Users/<user>/sparxlab/bench/results/soak/20260823-022252-tp2-mia-soak-adversarial.csv
=== c=1 repeat=1 (draftable) ===
{
  "concurrency": 1,
  "requests_ok": 39,
  "requests_err": 0,
  "first_error_ts": "",
  "tokens_in_window": 1713,
  "window_s": 120,
  "aggregate_tok_s": 14.28,
  "decode_tok_s_median": 67.41,
  "prefill_tok_s_median": 367.24,
  "per_stream_wall_tok_s_median": 58.81,
  "ttft_p50_ms": 322.0,
  "ttft_p95_ms": 338.0,
  "ttft_samples": 39,
  "itl_p50_ms": 64.0,
  "token_source": "usage",
  "skipped_sse_lines": 0,
  "truncated_streams": 0,
  "power_w_max": "",
  "power_w_mean": "",
  "temp_c_max": "",
  "mem_used_mib_max": "",
  "sm_clock_min": "",
  "sm_clock_max": "",
  "throttle_seen": "",
  "gpu_samples": 0,
  "timestamp_utc": "2026-08-23T02:29:19.556426+00:00",
  "git_hash": "",
  "engine": "tp2-mia-soak",
  "engine_config": "SOAK-cycle25",
  "workload": "draftable",
  "model": "deepseek-v4-flash-dspark",
  "repeat": 1,
  "max_tokens": 512,
  "temperature": 1.0,
  "top_p": 0.95
}

results -> /Users/<user>/sparxlab/bench/results/soak/20260823-022711-tp2-mia-soak-draftable.csv
=== c=8 repeat=1 (draftable) ===
{
  "concurrency": 8,
  "requests_ok": 285,
  "requests_err": 0,
  "first_error_ts": "",
  "tokens_in_window": 10870,
  "window_s": 300,
  "aggregate_tok_s": 36.23,
  "decode_tok_s_median": 20.65,
  "prefill_tok_s_median": 173.06,
  "per_stream_wall_tok_s_median": 18.65,
  "ttft_p50_ms": 693.0,
  "ttft_p95_ms": 848.0,
  "ttft_samples": 285,
  "itl_p50_ms": 187.9,
  "token_source": "usage",
  "skipped_sse_lines": 0,
  "truncated_streams": 0,
  "power_w_max": "",
  "power_w_mean": "",
  "temp_c_max": "",
  "mem_used_mib_max": "",
  "sm_clock_min": "",
  "sm_clock_max": "",
  "throttle_seen": "",
  "gpu_samples": 0,
  "timestamp_utc": "2026-08-23T02:35:12.745775+00:00",
  "git_hash": "",
  "engine": "tp2-mia-soak",
  "engine_config": "SOAK-cycle25",
  "workload": "draftable",
  "model": "deepseek-v4-flash-dspark",
  "repeat": 1,
  "max_tokens": 512,
  "temperature": 1.0,
  "top_p": 0.95
}

results -> /Users/<user>/sparxlab/bench/results/soak/20260823-022949-tp2-mia-soak-draftable.csv
=== c=4 repeat=1 (draftable) ===
{
  "concurrency": 4,
  "requests_ok": 136,
  "requests_err": 0,
  "first_error_ts": "",
  "tokens_in_window": 4712,
  "window_s": 180,
  "aggregate_tok_s": 26.18,
  "decode_tok_s_median": 31.06,
  "prefill_tok_s_median": 239.89,
  "per_stream_wall_tok_s_median": 27.4,
  "ttft_p50_ms": 537.0,
  "ttft_p95_ms": 691.0,
  "ttft_samples": 136,
  "itl_p50_ms": 130.1,
  "token_source": "usage",
  "skipped_sse_lines": 0,
  "truncated_streams": 0,
  "power_w_max": "",
  "power_w_mean": "",
  "temp_c_max": "",
  "mem_used_mib_max": "",
  "sm_clock_min": "",
  "sm_clock_max": "",
  "throttle_seen": "",
  "gpu_samples": 0,
  "timestamp_utc": "2026-08-23T02:39:00.832070+00:00",
  "git_hash": "",
  "engine": "tp2-mia-soak",
  "engine_config": "SOAK-cycle25",
  "workload": "draftable",
  "model": "deepseek-v4-flash-dspark",
  "repeat": 1,
  "max_tokens": 512,
  "temperature": 1.0,
  "top_p": 0.95
}

results -> /Users/<user>/sparxlab/bench/results/soak/20260823-023542-tp2-mia-soak-draftable.csv
=== c=1 repeat=1 (adversarial) ===
{
  "concurrency": 1,
  "requests_ok": 8,
  "requests_err": 0,
  "first_error_ts": "",
  "tokens_in_window": 1896,
  "window_s": 120,
  "aggregate_tok_s": 15.8,
  "decode_tok_s_median": 34.53,
  "prefill_tok_s_median": 247.89,
  "per_stream_wall_tok_s_median": 33.99,
  "ttft_p50_ms": 263.0,
  "ttft_p95_ms": "",
  "ttft_samples": 8,
  "itl_p50_ms": 62.0,
  "token_source": "usage",
  "skipped_sse_lines": 0,
  "truncated_streams": 0,
  "power_w_max": "",
  "power_w_mean": "",
  "temp_c_max": "",
  "mem_used_mib_max": "",
  "sm_clock_min": "",
  "sm_clock_max": "",
  "throttle_seen": "",
  "gpu_samples": 0,
  "timestamp_utc": "2026-08-23T02:41:46.793425+00:00",
  "git_hash": "",
  "engine": "tp2-mia-soak",
  "engine_config": "SOAK-cycle26",
  "workload": "adversarial",
  "model": "deepseek-v4-flash-dspark",
  "repeat": 1,
  "max_tokens": 512,
  "temperature": 1.0,
  "top_p": 0.95
}

results -> /Users/<user>/sparxlab/bench/results/soak/20260823-023931-tp2-mia-soak-adversarial.csv
=== c=8 repeat=1 (adversarial) ===
{
  "concurrency": 8,
  "requests_ok": 64,
  "requests_err": 0,
  "first_error_ts": "",
  "tokens_in_window": 14478,
  "window_s": 300,
  "aggregate_tok_s": 48.26,
  "decode_tok_s_median": 12.99,
  "prefill_tok_s_median": 111.89,
  "per_stream_wall_tok_s_median": 12.82,
  "ttft_p50_ms": 579.0,
  "ttft_p95_ms": 676.0,
  "ttft_samples": 64,
  "itl_p50_ms": 161.2,
  "token_source": "usage",
  "skipped_sse_lines": 0,
  "truncated_streams": 0,
  "power_w_max": "",
  "power_w_mean": "",
  "temp_c_max": "",
  "mem_used_mib_max": "",
  "sm_clock_min": "",
  "sm_clock_max": "",
  "throttle_seen": "",
  "gpu_samples": 0,
  "timestamp_utc": "2026-08-23T02:48:16.906112+00:00",
  "git_hash": "",
  "engine": "tp2-mia-soak",
  "engine_config": "SOAK-cycle26",
  "workload": "adversarial",
  "model": "deepseek-v4-flash-dspark",
  "repeat": 1,
  "max_tokens": 512,
  "temperature": 1.0,
  "top_p": 0.95
}

results -> /Users/<user>/sparxlab/bench/results/soak/20260823-024216-tp2-mia-soak-adversarial.csv
=== c=4 repeat=1 (adversarial) ===
{
  "concurrency": 4,
  "requests_ok": 28,
  "requests_err": 0,
  "first_error_ts": "",
  "tokens_in_window": 6101,
  "window_s": 180,
  "aggregate_tok_s": 33.89,
  "decode_tok_s_median": 18.68,
  "prefill_tok_s_median": 141.4,
  "per_stream_wall_tok_s_median": 18.42,
  "ttft_p50_ms": 451.0,
  "ttft_p95_ms": 580.0,
  "ttft_samples": 28,
  "itl_p50_ms": 114.3,
  "token_source": "usage",
  "skipped_sse_lines": 0,
  "truncated_streams": 0,
  "power_w_max": "",
  "power_w_mean": "",
  "temp_c_max": "",
  "mem_used_mib_max": "",
  "sm_clock_min": "",
  "sm_clock_max": "",
  "throttle_seen": "",
  "gpu_samples": 0,
  "timestamp_utc": "2026-08-23T02:52:31.626741+00:00",
  "git_hash": "",
  "engine": "tp2-mia-soak",
  "engine_config": "SOAK-cycle26",
  "workload": "adversarial",
  "model": "deepseek-v4-flash-dspark",
  "repeat": 1,
  "max_tokens": 512,
  "temperature": 1.0,
  "top_p": 0.95
}

results -> /Users/<user>/sparxlab/bench/results/soak/20260823-024847-tp2-mia-soak-adversarial.csv
=== c=1 repeat=1 (draftable) ===
{
  "concurrency": 1,
  "requests_ok": 37,
  "requests_err": 0,
  "first_error_ts": "",
  "tokens_in_window": 1723,
  "window_s": 120,
  "aggregate_tok_s": 14.36,
  "decode_tok_s_median": 67.61,
  "prefill_tok_s_median": 371.09,
  "per_stream_wall_tok_s_median": 58.24,
  "ttft_p50_ms": 323.0,
  "ttft_p95_ms": 339.0,
  "ttft_samples": 37,
  "itl_p50_ms": 64.4,
  "token_source": "usage",
  "skipped_sse_lines": 0,
  "truncated_streams": 0,
  "power_w_max": "",
  "power_w_mean": "",
  "temp_c_max": "",
  "mem_used_mib_max": "",
  "sm_clock_min": "",
  "sm_clock_max": "",
  "throttle_seen": "",
  "gpu_samples": 0,
  "timestamp_utc": "2026-08-23T02:55:08.620253+00:00",
  "git_hash": "",
  "engine": "tp2-mia-soak",
  "engine_config": "SOAK-cycle27",
  "workload": "draftable",
  "model": "deepseek-v4-flash-dspark",
  "repeat": 1,
  "max_tokens": 512,
  "temperature": 1.0,
  "top_p": 0.95
}

results -> /Users/<user>/sparxlab/bench/results/soak/20260823-025301-tp2-mia-soak-draftable.csv
=== c=8 repeat=1 (draftable) ===
{
  "concurrency": 8,
  "requests_ok": 291,
  "requests_err": 0,
  "first_error_ts": "",
  "tokens_in_window": 10906,
  "window_s": 300,
  "aggregate_tok_s": 36.35,
  "decode_tok_s_median": 21.14,
  "prefill_tok_s_median": 171.56,
  "per_stream_wall_tok_s_median": 19.07,
  "ttft_p50_ms": 695.0,
  "ttft_p95_ms": 875.0,
  "ttft_samples": 291,
  "itl_p50_ms": 187.1,
  "token_source": "usage",
  "skipped_sse_lines": 0,
  "truncated_streams": 0,
  "power_w_max": "",
  "power_w_mean": "",
  "temp_c_max": "",
  "mem_used_mib_max": "",
  "sm_clock_min": "",
  "sm_clock_max": "",
  "throttle_seen": "",
  "gpu_samples": 0,
  "timestamp_utc": "2026-08-23T03:01:12.054687+00:00",
  "git_hash": "",
  "engine": "tp2-mia-soak",
  "engine_config": "SOAK-cycle27",
  "workload": "draftable",
  "model": "deepseek-v4-flash-dspark",
  "repeat": 1,
  "max_tokens": 512,
  "temperature": 1.0,
  "top_p": 0.95
}

results -> /Users/<user>/sparxlab/bench/results/soak/20260823-025538-tp2-mia-soak-draftable.csv
=== c=4 repeat=1 (draftable) ===
{
  "concurrency": 4,
  "requests_ok": 126,
  "requests_err": 0,
  "first_error_ts": "",
  "tokens_in_window": 4775,
  "window_s": 180,
  "aggregate_tok_s": 26.53,
  "decode_tok_s_median": 30.16,
  "prefill_tok_s_median": 228.85,
  "per_stream_wall_tok_s_median": 27.12,
  "ttft_p50_ms": 532.0,
  "ttft_p95_ms": 686.0,
  "ttft_samples": 126,
  "itl_p50_ms": 129.9,
  "token_source": "usage",
  "skipped_sse_lines": 0,
  "truncated_streams": 0,
  "power_w_max": "",
  "power_w_mean": "",
  "temp_c_max": "",
  "mem_used_mib_max": "",
  "sm_clock_min": "",
  "sm_clock_max": "",
  "throttle_seen": "",
  "gpu_samples": 0,
  "timestamp_utc": "2026-08-23T03:04:57.336973+00:00",
  "git_hash": "",
  "engine": "tp2-mia-soak",
  "engine_config": "SOAK-cycle27",
  "workload": "draftable",
  "model": "deepseek-v4-flash-dspark",
  "repeat": 1,
  "max_tokens": 512,
  "temperature": 1.0,
  "top_p": 0.95
}

results -> /Users/<user>/sparxlab/bench/results/soak/20260823-030142-tp2-mia-soak-draftable.csv
=== c=1 repeat=1 (adversarial) ===
{
  "concurrency": 1,
  "requests_ok": 9,
  "requests_err": 0,
  "first_error_ts": "",
  "tokens_in_window": 1884,
  "window_s": 120,
  "aggregate_tok_s": 15.7,
  "decode_tok_s_median": 33.85,
  "prefill_tok_s_median": 211.3,
  "per_stream_wall_tok_s_median": 33.3,
  "ttft_p50_ms": 264.0,
  "ttft_p95_ms": "",
  "ttft_samples": 9,
  "itl_p50_ms": 62.1,
  "token_source": "usage",
  "skipped_sse_lines": 0,
  "truncated_streams": 0,
  "power_w_max": "",
  "power_w_mean": "",
  "temp_c_max": "",
  "mem_used_mib_max": "",
  "sm_clock_min": "",
  "sm_clock_max": "",
  "throttle_seen": "",
  "gpu_samples": 0,
  "timestamp_utc": "2026-08-23T03:07:53.411920+00:00",
  "git_hash": "",
  "engine": "tp2-mia-soak",
  "engine_config": "SOAK-cycle28",
  "workload": "adversarial",
  "model": "deepseek-v4-flash-dspark",
  "repeat": 1,
  "max_tokens": 512,
  "temperature": 1.0,
  "top_p": 0.95
}

results -> /Users/<user>/sparxlab/bench/results/soak/20260823-030527-tp2-mia-soak-adversarial.csv
=== c=8 repeat=1 (adversarial) ===
{
  "concurrency": 8,
  "requests_ok": 64,
  "requests_err": 0,
  "first_error_ts": "",
  "tokens_in_window": 14521,
  "window_s": 300,
  "aggregate_tok_s": 48.4,
  "decode_tok_s_median": 13.09,
  "prefill_tok_s_median": 106.82,
  "per_stream_wall_tok_s_median": 12.91,
  "ttft_p50_ms": 585.0,
  "ttft_p95_ms": 710.0,
  "ttft_samples": 64,
  "itl_p50_ms": 161.2,
  "token_source": "usage",
  "skipped_sse_lines": 0,
  "truncated_streams": 0,
  "power_w_max": "",
  "power_w_mean": "",
  "temp_c_max": "",
  "mem_used_mib_max": "",
  "sm_clock_min": "",
  "sm_clock_max": "",
  "throttle_seen": "",
  "gpu_samples": 0,
  "timestamp_utc": "2026-08-23T03:14:23.380224+00:00",
  "git_hash": "",
  "engine": "tp2-mia-soak",
  "engine_config": "SOAK-cycle28",
  "workload": "adversarial",
  "model": "deepseek-v4-flash-dspark",
  "repeat": 1,
  "max_tokens": 512,
  "temperature": 1.0,
  "top_p": 0.95
}

results -> /Users/<user>/sparxlab/bench/results/soak/20260823-030823-tp2-mia-soak-adversarial.csv
=== c=4 repeat=1 (adversarial) ===
{
  "concurrency": 4,
  "requests_ok": 28,
  "requests_err": 0,
  "first_error_ts": "",
  "tokens_in_window": 6116,
  "window_s": 180,
  "aggregate_tok_s": 33.98,
  "decode_tok_s_median": 18.36,
  "prefill_tok_s_median": 148.99,
  "per_stream_wall_tok_s_median": 18.13,
  "ttft_p50_ms": 441.0,
  "ttft_p95_ms": 525.0,
  "ttft_samples": 28,
  "itl_p50_ms": 115.2,
  "token_source": "usage",
  "skipped_sse_lines": 0,
  "truncated_streams": 0,
  "power_w_max": "",
  "power_w_mean": "",
  "temp_c_max": "",
  "mem_used_mib_max": "",
  "sm_clock_min": "",
  "sm_clock_max": "",
  "throttle_seen": "",
  "gpu_samples": 0,
  "timestamp_utc": "2026-08-23T03:18:43.464595+00:00",
  "git_hash": "",
  "engine": "tp2-mia-soak",
  "engine_config": "SOAK-cycle28",
  "workload": "adversarial",
  "model": "deepseek-v4-flash-dspark",
  "repeat": 1,
  "max_tokens": 512,
  "temperature": 1.0,
  "top_p": 0.95
}

results -> /Users/<user>/sparxlab/bench/results/soak/20260823-031453-tp2-mia-soak-adversarial.csv
=== c=1 repeat=1 (draftable) ===
{
  "concurrency": 1,
  "requests_ok": 42,
  "requests_err": 0,
  "first_error_ts": "",
  "tokens_in_window": 1692,
  "window_s": 120,
  "aggregate_tok_s": 14.1,
  "decode_tok_s_median": 65.14,
  "prefill_tok_s_median": 365.22,
  "per_stream_wall_tok_s_median": 57.75,
  "ttft_p50_ms": 323.0,
  "ttft_p95_ms": 344.0,
  "ttft_samples": 42,
  "itl_p50_ms": 64.3,
  "token_source": "usage",
  "skipped_sse_lines": 0,
  "truncated_streams": 0,
  "power_w_max": "",
  "power_w_mean": "",
  "temp_c_max": "",
  "mem_used_mib_max": "",
  "sm_clock_min": "",
  "sm_clock_max": "",
  "throttle_seen": "",
  "gpu_samples": 0,
  "timestamp_utc": "2026-08-23T03:21:20.827655+00:00",
  "git_hash": "",
  "engine": "tp2-mia-soak",
  "engine_config": "SOAK-cycle29",
  "workload": "draftable",
  "model": "deepseek-v4-flash-dspark",
  "repeat": 1,
  "max_tokens": 512,
  "temperature": 1.0,
  "top_p": 0.95
}

results -> /Users/<user>/sparxlab/bench/results/soak/20260823-031913-tp2-mia-soak-draftable.csv
=== c=8 repeat=1 (draftable) ===
{
  "concurrency": 8,
  "requests_ok": 285,
  "requests_err": 0,
  "first_error_ts": "",
  "tokens_in_window": 10974,
  "window_s": 300,
  "aggregate_tok_s": 36.58,
  "decode_tok_s_median": 20.46,
  "prefill_tok_s_median": 176.3,
  "per_stream_wall_tok_s_median": 18.7,
  "ttft_p50_ms": 686.0,
  "ttft_p95_ms": 825.0,
  "ttft_samples": 285,
  "itl_p50_ms": 187.9,
  "token_source": "usage",
  "skipped_sse_lines": 0,
  "truncated_streams": 0,
  "power_w_max": "",
  "power_w_mean": "",
  "temp_c_max": "",
  "mem_used_mib_max": "",
  "sm_clock_min": "",
  "sm_clock_max": "",
  "throttle_seen": "",
  "gpu_samples": 0,
  "timestamp_utc": "2026-08-23T03:27:13.551587+00:00",
  "git_hash": "",
  "engine": "tp2-mia-soak",
  "engine_config": "SOAK-cycle29",
  "workload": "draftable",
  "model": "deepseek-v4-flash-dspark",
  "repeat": 1,
  "max_tokens": 512,
  "temperature": 1.0,
  "top_p": 0.95
}

results -> /Users/<user>/sparxlab/bench/results/soak/20260823-032150-tp2-mia-soak-draftable.csv
=== c=4 repeat=1 (draftable) ===
{
  "concurrency": 4,
  "requests_ok": 134,
  "requests_err": 0,
  "first_error_ts": "",
  "tokens_in_window": 4769,
  "window_s": 180,
  "aggregate_tok_s": 26.49,
  "decode_tok_s_median": 30.68,
  "prefill_tok_s_median": 233.15,
  "per_stream_wall_tok_s_median": 26.79,
  "ttft_p50_ms": 535.0,
  "ttft_p95_ms": 689.0,
  "ttft_samples": 134,
  "itl_p50_ms": 128.6,
  "token_source": "usage",
  "skipped_sse_lines": 0,
  "truncated_streams": 0,
  "power_w_max": "",
  "power_w_mean": "",
  "temp_c_max": "",
  "mem_used_mib_max": "",
  "sm_clock_min": "",
  "sm_clock_max": "",
  "throttle_seen": "",
  "gpu_samples": 0,
  "timestamp_utc": "2026-08-23T03:31:01.959658+00:00",
  "git_hash": "",
  "engine": "tp2-mia-soak",
  "engine_config": "SOAK-cycle29",
  "workload": "draftable",
  "model": "deepseek-v4-flash-dspark",
  "repeat": 1,
  "max_tokens": 512,
  "temperature": 1.0,
  "top_p": 0.95
}

results -> /Users/<user>/sparxlab/bench/results/soak/20260823-032743-tp2-mia-soak-draftable.csv
=== c=1 repeat=1 (adversarial) ===
{
  "concurrency": 1,
  "requests_ok": 9,
  "requests_err": 0,
  "first_error_ts": "",
  "tokens_in_window": 1887,
  "window_s": 120,
  "aggregate_tok_s": 15.72,
  "decode_tok_s_median": 34.69,
  "prefill_tok_s_median": 244.26,
  "per_stream_wall_tok_s_median": 34.26,
  "ttft_p50_ms": 225.0,
  "ttft_p95_ms": "",
  "ttft_samples": 9,
  "itl_p50_ms": 62.3,
  "token_source": "usage",
  "skipped_sse_lines": 0,
  "truncated_streams": 0,
  "power_w_max": "",
  "power_w_mean": "",
  "temp_c_max": "",
  "mem_used_mib_max": "",
  "sm_clock_min": "",
  "sm_clock_max": "",
  "throttle_seen": "",
  "gpu_samples": 0,
  "timestamp_utc": "2026-08-23T03:34:03.037236+00:00",
  "git_hash": "",
  "engine": "tp2-mia-soak",
  "engine_config": "SOAK-cycle30",
  "workload": "adversarial",
  "model": "deepseek-v4-flash-dspark",
  "repeat": 1,
  "max_tokens": 512,
  "temperature": 1.0,
  "top_p": 0.95
}

results -> /Users/<user>/sparxlab/bench/results/soak/20260823-033132-tp2-mia-soak-adversarial.csv
=== c=8 repeat=1 (adversarial) ===
{
  "concurrency": 8,
  "requests_ok": 64,
  "requests_err": 0,
  "first_error_ts": "",
  "tokens_in_window": 14480,
  "window_s": 300,
  "aggregate_tok_s": 48.27,
  "decode_tok_s_median": 13.04,
  "prefill_tok_s_median": 111.19,
  "per_stream_wall_tok_s_median": 12.89,
  "ttft_p50_ms": 580.0,
  "ttft_p95_ms": 685.0,
  "ttft_samples": 64,
  "itl_p50_ms": 161.8,
  "token_source": "usage",
  "skipped_sse_lines": 0,
  "truncated_streams": 0,
  "power_w_max": "",
  "power_w_mean": "",
  "temp_c_max": "",
  "mem_used_mib_max": "",
  "sm_clock_min": "",
  "sm_clock_max": "",
  "throttle_seen": "",
  "gpu_samples": 0,
  "timestamp_utc": "2026-08-23T03:40:34.618624+00:00",
  "git_hash": "",
  "engine": "tp2-mia-soak",
  "engine_config": "SOAK-cycle30",
  "workload": "adversarial",
  "model": "deepseek-v4-flash-dspark",
  "repeat": 1,
  "max_tokens": 512,
  "temperature": 1.0,
  "top_p": 0.95
}

results -> /Users/<user>/sparxlab/bench/results/soak/20260823-033433-tp2-mia-soak-adversarial.csv
=== c=4 repeat=1 (adversarial) ===
{
  "concurrency": 4,
  "requests_ok": 28,
  "requests_err": 0,
  "first_error_ts": "",
  "tokens_in_window": 6101,
  "window_s": 180,
  "aggregate_tok_s": 33.89,
  "decode_tok_s_median": 18.42,
  "prefill_tok_s_median": 137.25,
  "per_stream_wall_tok_s_median": 18.14,
  "ttft_p50_ms": 453.0,
  "ttft_p95_ms": 576.0,
  "ttft_samples": 28,
  "itl_p50_ms": 114.8,
  "token_source": "usage",
  "skipped_sse_lines": 0,
  "truncated_streams": 0,
  "power_w_max": "",
  "power_w_mean": "",
  "temp_c_max": "",
  "mem_used_mib_max": "",
  "sm_clock_min": "",
  "sm_clock_max": "",
  "throttle_seen": "",
  "gpu_samples": 0,
  "timestamp_utc": "2026-08-23T03:44:52.996774+00:00",
  "git_hash": "",
  "engine": "tp2-mia-soak",
  "engine_config": "SOAK-cycle30",
  "workload": "adversarial",
  "model": "deepseek-v4-flash-dspark",
  "repeat": 1,
  "max_tokens": 512,
  "temperature": 1.0,
  "top_p": 0.95
}

results -> /Users/<user>/sparxlab/bench/results/soak/20260823-034104-tp2-mia-soak-adversarial.csv
=== c=1 repeat=1 (draftable) ===
{
  "concurrency": 1,
  "requests_ok": 42,
  "requests_err": 0,
  "first_error_ts": "",
  "tokens_in_window": 1691,
  "window_s": 120,
  "aggregate_tok_s": 14.09,
  "decode_tok_s_median": 63.78,
  "prefill_tok_s_median": 371.11,
  "per_stream_wall_tok_s_median": 56.99,
  "ttft_p50_ms": 324.0,
  "ttft_p95_ms": 348.0,
  "ttft_samples": 42,
  "itl_p50_ms": 64.4,
  "token_source": "usage",
  "skipped_sse_lines": 0,
  "truncated_streams": 0,
  "power_w_max": "",
  "power_w_mean": "",
  "temp_c_max": "",
  "mem_used_mib_max": "",
  "sm_clock_min": "",
  "sm_clock_max": "",
  "throttle_seen": "",
  "gpu_samples": 0,
  "timestamp_utc": "2026-08-23T03:47:29.977647+00:00",
  "git_hash": "",
  "engine": "tp2-mia-soak",
  "engine_config": "SOAK-cycle31",
  "workload": "draftable",
  "model": "deepseek-v4-flash-dspark",
  "repeat": 1,
  "max_tokens": 512,
  "temperature": 1.0,
  "top_p": 0.95
}

results -> /Users/<user>/sparxlab/bench/results/soak/20260823-034523-tp2-mia-soak-draftable.csv
=== c=8 repeat=1 (draftable) ===
{
  "concurrency": 8,
  "requests_ok": 288,
  "requests_err": 0,
  "first_error_ts": "",
  "tokens_in_window": 10871,
  "window_s": 300,
  "aggregate_tok_s": 36.24,
  "decode_tok_s_median": 20.59,
  "prefill_tok_s_median": 172.7,
  "per_stream_wall_tok_s_median": 18.51,
  "ttft_p50_ms": 691.0,
  "ttft_p95_ms": 835.0,
  "ttft_samples": 288,
  "itl_p50_ms": 188.7,
  "token_source": "usage",
  "skipped_sse_lines": 0,
  "truncated_streams": 0,
  "power_w_max": "",
  "power_w_mean": "",
  "temp_c_max": "",
  "mem_used_mib_max": "",
  "sm_clock_min": "",
  "sm_clock_max": "",
  "throttle_seen": "",
  "gpu_samples": 0,
  "timestamp_utc": "2026-08-23T03:53:23.516673+00:00",
  "git_hash": "",
  "engine": "tp2-mia-soak",
  "engine_config": "SOAK-cycle31",
  "workload": "draftable",
  "model": "deepseek-v4-flash-dspark",
  "repeat": 1,
  "max_tokens": 512,
  "temperature": 1.0,
  "top_p": 0.95
}

results -> /Users/<user>/sparxlab/bench/results/soak/20260823-034800-tp2-mia-soak-draftable.csv
=== c=4 repeat=1 (draftable) ===
{
  "concurrency": 4,
  "requests_ok": 133,
  "requests_err": 0,
  "first_error_ts": "",
  "tokens_in_window": 4733,
  "window_s": 180,
  "aggregate_tok_s": 26.29,
  "decode_tok_s_median": 30.5,
  "prefill_tok_s_median": 238.72,
  "per_stream_wall_tok_s_median": 26.84,
  "ttft_p50_ms": 531.0,
  "ttft_p95_ms": 680.0,
  "ttft_samples": 133,
  "itl_p50_ms": 130.8,
  "token_source": "usage",
  "skipped_sse_lines": 0,
  "truncated_streams": 0,
  "power_w_max": "",
  "power_w_mean": "",
  "temp_c_max": "",
  "mem_used_mib_max": "",
  "sm_clock_min": "",
  "sm_clock_max": "",
  "throttle_seen": "",
  "gpu_samples": 0,
  "timestamp_utc": "2026-08-23T03:57:06.832731+00:00",
  "git_hash": "",
  "engine": "tp2-mia-soak",
  "engine_config": "SOAK-cycle31",
  "workload": "draftable",
  "model": "deepseek-v4-flash-dspark",
  "repeat": 1,
  "max_tokens": 512,
  "temperature": 1.0,
  "top_p": 0.95
}

results -> /Users/<user>/sparxlab/bench/results/soak/20260823-035353-tp2-mia-soak-draftable.csv
=== c=1 repeat=1 (adversarial) ===
{
  "concurrency": 1,
  "requests_ok": 8,
  "requests_err": 0,
  "first_error_ts": "",
  "tokens_in_window": 1897,
  "window_s": 120,
  "aggregate_tok_s": 15.81,
  "decode_tok_s_median": 35.11,
  "prefill_tok_s_median": 248.92,
  "per_stream_wall_tok_s_median": 34.59,
  "ttft_p50_ms": 223.0,
  "ttft_p95_ms": "",
  "ttft_samples": 8,
  "itl_p50_ms": 62.1,
  "token_source": "usage",
  "skipped_sse_lines": 0,
  "truncated_streams": 0,
  "power_w_max": "",
  "power_w_mean": "",
  "temp_c_max": "",
  "mem_used_mib_max": "",
  "sm_clock_min": "",
  "sm_clock_max": "",
  "throttle_seen": "",
  "gpu_samples": 0,
  "timestamp_utc": "2026-08-23T03:59:53.345214+00:00",
  "git_hash": "",
  "engine": "tp2-mia-soak",
  "engine_config": "SOAK-cycle32",
  "workload": "adversarial",
  "model": "deepseek-v4-flash-dspark",
  "repeat": 1,
  "max_tokens": 512,
  "temperature": 1.0,
  "top_p": 0.95
}

results -> /Users/<user>/sparxlab/bench/results/soak/20260823-035737-tp2-mia-soak-adversarial.csv
=== c=8 repeat=1 (adversarial) ===
{
  "concurrency": 8,
  "requests_ok": 64,
  "requests_err": 0,
  "first_error_ts": "",
  "tokens_in_window": 14399,
  "window_s": 300,
  "aggregate_tok_s": 48.0,
  "decode_tok_s_median": 12.99,
  "prefill_tok_s_median": 111.68,
  "per_stream_wall_tok_s_median": 12.81,
  "ttft_p50_ms": 575.0,
  "ttft_p95_ms": 672.0,
  "ttft_samples": 64,
  "itl_p50_ms": 162.8,
  "token_source": "usage",
  "skipped_sse_lines": 0,
  "truncated_streams": 0,
  "power_w_max": "",
  "power_w_mean": "",
  "temp_c_max": "",
  "mem_used_mib_max": "",
  "sm_clock_min": "",
  "sm_clock_max": "",
  "throttle_seen": "",
  "gpu_samples": 0,
  "timestamp_utc": "2026-08-23T04:06:26.621518+00:00",
  "git_hash": "",
  "engine": "tp2-mia-soak",
  "engine_config": "SOAK-cycle32",
  "workload": "adversarial",
  "model": "deepseek-v4-flash-dspark",
  "repeat": 1,
  "max_tokens": 512,
  "temperature": 1.0,
  "top_p": 0.95
}

results -> /Users/<user>/sparxlab/bench/results/soak/20260823-040023-tp2-mia-soak-adversarial.csv
=== c=4 repeat=1 (adversarial) ===
{
  "concurrency": 4,
  "requests_ok": 28,
  "requests_err": 0,
  "first_error_ts": "",
  "tokens_in_window": 6114,
  "window_s": 180,
  "aggregate_tok_s": 33.97,
  "decode_tok_s_median": 18.4,
  "prefill_tok_s_median": 142.36,
  "per_stream_wall_tok_s_median": 18.13,
  "ttft_p50_ms": 447.0,
  "ttft_p95_ms": 589.0,
  "ttft_samples": 28,
  "itl_p50_ms": 115.1,
  "token_source": "usage",
  "skipped_sse_lines": 0,
  "truncated_streams": 0,
  "power_w_max": "",
  "power_w_mean": "",
  "temp_c_max": "",
  "mem_used_mib_max": "",
  "sm_clock_min": "",
  "sm_clock_max": "",
  "throttle_seen": "",
  "gpu_samples": 0,
  "timestamp_utc": "2026-08-23T04:10:44.720366+00:00",
  "git_hash": "",
  "engine": "tp2-mia-soak",
  "engine_config": "SOAK-cycle32",
  "workload": "adversarial",
  "model": "deepseek-v4-flash-dspark",
  "repeat": 1,
  "max_tokens": 512,
  "temperature": 1.0,
  "top_p": 0.95
}

results -> /Users/<user>/sparxlab/bench/results/soak/20260823-040656-tp2-mia-soak-adversarial.csv
=== c=1 repeat=1 (draftable) ===
{
  "concurrency": 1,
  "requests_ok": 42,
  "requests_err": 0,
  "first_error_ts": "",
  "tokens_in_window": 1697,
  "window_s": 120,
  "aggregate_tok_s": 14.14,
  "decode_tok_s_median": 67.31,
  "prefill_tok_s_median": 373.93,
  "per_stream_wall_tok_s_median": 59.43,
  "ttft_p50_ms": 325.0,
  "ttft_p95_ms": 351.0,
  "ttft_samples": 42,
  "itl_p50_ms": 64.0,
  "token_source": "usage",
  "skipped_sse_lines": 0,
  "truncated_streams": 0,
  "power_w_max": "",
  "power_w_mean": "",
  "temp_c_max": "",
  "mem_used_mib_max": "",
  "sm_clock_min": "",
  "sm_clock_max": "",
  "throttle_seen": "",
  "gpu_samples": 0,
  "timestamp_utc": "2026-08-23T04:13:29.423288+00:00",
  "git_hash": "",
  "engine": "tp2-mia-soak",
  "engine_config": "SOAK-cycle33",
  "workload": "draftable",
  "model": "deepseek-v4-flash-dspark",
  "repeat": 1,
  "max_tokens": 512,
  "temperature": 1.0,
  "top_p": 0.95
}

results -> /Users/<user>/sparxlab/bench/results/soak/20260823-041114-tp2-mia-soak-draftable.csv
=== c=8 repeat=1 (draftable) ===
{
  "concurrency": 8,
  "requests_ok": 281,
  "requests_err": 0,
  "first_error_ts": "",
  "tokens_in_window": 10993,
  "window_s": 300,
  "aggregate_tok_s": 36.64,
  "decode_tok_s_median": 21.05,
  "prefill_tok_s_median": 170.51,
  "per_stream_wall_tok_s_median": 18.83,
  "ttft_p50_ms": 692.0,
  "ttft_p95_ms": 839.0,
  "ttft_samples": 281,
  "itl_p50_ms": 186.8,
  "token_source": "usage",
  "skipped_sse_lines": 0,
  "truncated_streams": 0,
  "power_w_max": "",
  "power_w_mean": "",
  "temp_c_max": "",
  "mem_used_mib_max": "",
  "sm_clock_min": "",
  "sm_clock_max": "",
  "throttle_seen": "",
  "gpu_samples": 0,
  "timestamp_utc": "2026-08-23T04:19:15.645959+00:00",
  "git_hash": "",
  "engine": "tp2-mia-soak",
  "engine_config": "SOAK-cycle33",
  "workload": "draftable",
  "model": "deepseek-v4-flash-dspark",
  "repeat": 1,
  "max_tokens": 512,
  "temperature": 1.0,
  "top_p": 0.95
}

results -> /Users/<user>/sparxlab/bench/results/soak/20260823-041359-tp2-mia-soak-draftable.csv
=== c=4 repeat=1 (draftable) ===
{
  "concurrency": 4,
  "requests_ok": 131,
  "requests_err": 0,
  "first_error_ts": "",
  "tokens_in_window": 4763,
  "window_s": 180,
  "aggregate_tok_s": 26.46,
  "decode_tok_s_median": 30.69,
  "prefill_tok_s_median": 240.63,
  "per_stream_wall_tok_s_median": 27.37,
  "ttft_p50_ms": 531.0,
  "ttft_p95_ms": 676.0,
  "ttft_samples": 131,
  "itl_p50_ms": 129.2,
  "token_source": "usage",
  "skipped_sse_lines": 0,
  "truncated_streams": 0,
  "power_w_max": "",
  "power_w_mean": "",
  "temp_c_max": "",
  "mem_used_mib_max": "",
  "sm_clock_min": "",
  "sm_clock_max": "",
  "throttle_seen": "",
  "gpu_samples": 0,
  "timestamp_utc": "2026-08-23T04:23:05.841347+00:00",
  "git_hash": "",
  "engine": "tp2-mia-soak",
  "engine_config": "SOAK-cycle33",
  "workload": "draftable",
  "model": "deepseek-v4-flash-dspark",
  "repeat": 1,
  "max_tokens": 512,
  "temperature": 1.0,
  "top_p": 0.95
}

results -> /Users/<user>/sparxlab/bench/results/soak/20260823-041945-tp2-mia-soak-draftable.csv
=== c=1 repeat=1 (adversarial) ===
{
  "concurrency": 1,
  "requests_ok": 9,
  "requests_err": 0,
  "first_error_ts": "",
  "tokens_in_window": 1891,
  "window_s": 120,
  "aggregate_tok_s": 15.76,
  "decode_tok_s_median": 34.17,
  "prefill_tok_s_median": 225.25,
  "per_stream_wall_tok_s_median": 33.66,
  "ttft_p50_ms": 254.0,
  "ttft_p95_ms": "",
  "ttft_samples": 9,
  "itl_p50_ms": 62.3,
  "token_source": "usage",
  "skipped_sse_lines": 0,
  "truncated_streams": 0,
  "power_w_max": "",
  "power_w_mean": "",
  "temp_c_max": "",
  "mem_used_mib_max": "",
  "sm_clock_min": "",
  "sm_clock_max": "",
  "throttle_seen": "",
  "gpu_samples": 0,
  "timestamp_utc": "2026-08-23T04:26:04.619678+00:00",
  "git_hash": "",
  "engine": "tp2-mia-soak",
  "engine_config": "SOAK-cycle34",
  "workload": "adversarial",
  "model": "deepseek-v4-flash-dspark",
  "repeat": 1,
  "max_tokens": 512,
  "temperature": 1.0,
  "top_p": 0.95
}

results -> /Users/<user>/sparxlab/bench/results/soak/20260823-042336-tp2-mia-soak-adversarial.csv
=== c=8 repeat=1 (adversarial) ===
{
  "concurrency": 8,
  "requests_ok": 64,
  "requests_err": 0,
  "first_error_ts": "",
  "tokens_in_window": 14522,
  "window_s": 300,
  "aggregate_tok_s": 48.41,
  "decode_tok_s_median": 13.16,
  "prefill_tok_s_median": 110.66,
  "per_stream_wall_tok_s_median": 12.98,
  "ttft_p50_ms": 576.0,
  "ttft_p95_ms": 654.0,
  "ttft_samples": 64,
  "itl_p50_ms": 160.8,
  "token_source": "usage",
  "skipped_sse_lines": 0,
  "truncated_streams": 0,
  "power_w_max": "",
  "power_w_mean": "",
  "temp_c_max": "",
  "mem_used_mib_max": "",
  "sm_clock_min": "",
  "sm_clock_max": "",
  "throttle_seen": "",
  "gpu_samples": 0,
  "timestamp_utc": "2026-08-23T04:32:34.980494+00:00",
  "git_hash": "",
  "engine": "tp2-mia-soak",
  "engine_config": "SOAK-cycle34",
  "workload": "adversarial",
  "model": "deepseek-v4-flash-dspark",
  "repeat": 1,
  "max_tokens": 512,
  "temperature": 1.0,
  "top_p": 0.95
}

results -> /Users/<user>/sparxlab/bench/results/soak/20260823-042634-tp2-mia-soak-adversarial.csv
=== c=4 repeat=1 (adversarial) ===
{
  "concurrency": 4,
  "requests_ok": 28,
  "requests_err": 0,
  "first_error_ts": "",
  "tokens_in_window": 6119,
  "window_s": 180,
  "aggregate_tok_s": 33.99,
  "decode_tok_s_median": 18.1,
  "prefill_tok_s_median": 146.63,
  "per_stream_wall_tok_s_median": 17.84,
  "ttft_p50_ms": 444.0,
  "ttft_p95_ms": 530.0,
  "ttft_samples": 28,
  "itl_p50_ms": 114.5,
  "token_source": "usage",
  "skipped_sse_lines": 0,
  "truncated_streams": 0,
  "power_w_max": "",
  "power_w_mean": "",
  "temp_c_max": "",
  "mem_used_mib_max": "",
  "sm_clock_min": "",
  "sm_clock_max": "",
  "throttle_seen": "",
  "gpu_samples": 0,
  "timestamp_utc": "2026-08-23T04:36:56.012125+00:00",
  "git_hash": "",
  "engine": "tp2-mia-soak",
  "engine_config": "SOAK-cycle34",
  "workload": "adversarial",
  "model": "deepseek-v4-flash-dspark",
  "repeat": 1,
  "max_tokens": 512,
  "temperature": 1.0,
  "top_p": 0.95
}

results -> /Users/<user>/sparxlab/bench/results/soak/20260823-043305-tp2-mia-soak-adversarial.csv
=== c=1 repeat=1 (draftable) ===
{
  "concurrency": 1,
  "requests_ok": 40,
  "requests_err": 0,
  "first_error_ts": "",
  "tokens_in_window": 1707,
  "window_s": 120,
  "aggregate_tok_s": 14.22,
  "decode_tok_s_median": 68.43,
  "prefill_tok_s_median": 387.5,
  "per_stream_wall_tok_s_median": 60.04,
  "ttft_p50_ms": 323.0,
  "ttft_p95_ms": 342.0,
  "ttft_samples": 40,
  "itl_p50_ms": 64.2,
  "token_source": "usage",
  "skipped_sse_lines": 0,
  "truncated_streams": 0,
  "power_w_max": "",
  "power_w_mean": "",
  "temp_c_max": "",
  "mem_used_mib_max": "",
  "sm_clock_min": "",
  "sm_clock_max": "",
  "throttle_seen": "",
  "gpu_samples": 0,
  "timestamp_utc": "2026-08-23T04:39:33.151899+00:00",
  "git_hash": "",
  "engine": "tp2-mia-soak",
  "engine_config": "SOAK-cycle35",
  "workload": "draftable",
  "model": "deepseek-v4-flash-dspark",
  "repeat": 1,
  "max_tokens": 512,
  "temperature": 1.0,
  "top_p": 0.95
}

results -> /Users/<user>/sparxlab/bench/results/soak/20260823-043726-tp2-mia-soak-draftable.csv
=== c=8 repeat=1 (draftable) ===
{
  "concurrency": 8,
  "requests_ok": 294,
  "requests_err": 0,
  "first_error_ts": "",
  "tokens_in_window": 10863,
  "window_s": 300,
  "aggregate_tok_s": 36.21,
  "decode_tok_s_median": 21.04,
  "prefill_tok_s_median": 171.2,
  "per_stream_wall_tok_s_median": 18.99,
  "ttft_p50_ms": 691.0,
  "ttft_p95_ms": 827.0,
  "ttft_samples": 294,
  "itl_p50_ms": 187.7,
  "token_source": "usage",
  "skipped_sse_lines": 0,
  "truncated_streams": 0,
  "power_w_max": "",
  "power_w_mean": "",
  "temp_c_max": "",
  "mem_used_mib_max": "",
  "sm_clock_min": "",
  "sm_clock_max": "",
  "throttle_seen": "",
  "gpu_samples": 0,
  "timestamp_utc": "2026-08-23T04:45:26.931027+00:00",
  "git_hash": "",
  "engine": "tp2-mia-soak",
  "engine_config": "SOAK-cycle35",
  "workload": "draftable",
  "model": "deepseek-v4-flash-dspark",
  "repeat": 1,
  "max_tokens": 512,
  "temperature": 1.0,
  "top_p": 0.95
}

results -> /Users/<user>/sparxlab/bench/results/soak/20260823-044003-tp2-mia-soak-draftable.csv
=== c=4 repeat=1 (draftable) ===
{
  "concurrency": 4,
  "requests_ok": 142,
  "requests_err": 0,
  "first_error_ts": "",
  "tokens_in_window": 4653,
  "window_s": 180,
  "aggregate_tok_s": 25.85,
  "decode_tok_s_median": 30.39,
  "prefill_tok_s_median": 236.5,
  "per_stream_wall_tok_s_median": 26.77,
  "ttft_p50_ms": 536.0,
  "ttft_p95_ms": 695.0,
  "ttft_samples": 142,
  "itl_p50_ms": 129.3,
  "token_source": "usage",
  "skipped_sse_lines": 0,
  "truncated_streams": 0,
  "power_w_max": "",
  "power_w_mean": "",
  "temp_c_max": "",
  "mem_used_mib_max": "",
  "sm_clock_min": "",
  "sm_clock_max": "",
  "throttle_seen": "",
  "gpu_samples": 0,
  "timestamp_utc": "2026-08-23T04:49:17.402593+00:00",
  "git_hash": "",
  "engine": "tp2-mia-soak",
  "engine_config": "SOAK-cycle35",
  "workload": "draftable",
  "model": "deepseek-v4-flash-dspark",
  "repeat": 1,
  "max_tokens": 512,
  "temperature": 1.0,
  "top_p": 0.95
}

results -> /Users/<user>/sparxlab/bench/results/soak/20260823-044557-tp2-mia-soak-draftable.csv
=== c=1 repeat=1 (adversarial) ===
{
  "concurrency": 1,
  "requests_ok": 9,
  "requests_err": 0,
  "first_error_ts": "",
  "tokens_in_window": 1892,
  "window_s": 120,
  "aggregate_tok_s": 15.77,
  "decode_tok_s_median": 35.9,
  "prefill_tok_s_median": 217.84,
  "per_stream_wall_tok_s_median": 35.32,
  "ttft_p50_ms": 263.0,
  "ttft_p95_ms": "",
  "ttft_samples": 9,
  "itl_p50_ms": 61.9,
  "token_source": "usage",
  "skipped_sse_lines": 0,
  "truncated_streams": 0,
  "power_w_max": "",
  "power_w_mean": "",
  "temp_c_max": "",
  "mem_used_mib_max": "",
  "sm_clock_min": "",
  "sm_clock_max": "",
  "throttle_seen": "",
  "gpu_samples": 0,
  "timestamp_utc": "2026-08-23T04:52:14.953778+00:00",
  "git_hash": "",
  "engine": "tp2-mia-soak",
  "engine_config": "SOAK-cycle36",
  "workload": "adversarial",
  "model": "deepseek-v4-flash-dspark",
  "repeat": 1,
  "max_tokens": 512,
  "temperature": 1.0,
  "top_p": 0.95
}

results -> /Users/<user>/sparxlab/bench/results/soak/20260823-044947-tp2-mia-soak-adversarial.csv
=== c=8 repeat=1 (adversarial) ===
{
  "concurrency": 8,
  "requests_ok": 64,
  "requests_err": 0,
  "first_error_ts": "",
  "tokens_in_window": 14522,
  "window_s": 300,
  "aggregate_tok_s": 48.41,
  "decode_tok_s_median": 13.05,
  "prefill_tok_s_median": 109.47,
  "per_stream_wall_tok_s_median": 12.88,
  "ttft_p50_ms": 580.0,
  "ttft_p95_ms": 657.0,
  "ttft_samples": 64,
  "itl_p50_ms": 161.2,
  "token_source": "usage",
  "skipped_sse_lines": 0,
  "truncated_streams": 0,
  "power_w_max": "",
  "power_w_mean": "",
  "temp_c_max": "",
  "mem_used_mib_max": "",
  "sm_clock_min": "",
  "sm_clock_max": "",
  "throttle_seen": "",
  "gpu_samples": 0,
  "timestamp_utc": "2026-08-23T04:58:45.255288+00:00",
  "git_hash": "",
  "engine": "tp2-mia-soak",
  "engine_config": "SOAK-cycle36",
  "workload": "adversarial",
  "model": "deepseek-v4-flash-dspark",
  "repeat": 1,
  "max_tokens": 512,
  "temperature": 1.0,
  "top_p": 0.95
}

results -> /Users/<user>/sparxlab/bench/results/soak/20260823-045245-tp2-mia-soak-adversarial.csv
=== c=4 repeat=1 (adversarial) ===
{
  "concurrency": 4,
  "requests_ok": 28,
  "requests_err": 0,
  "first_error_ts": "",
  "tokens_in_window": 6105,
  "window_s": 180,
  "aggregate_tok_s": 33.92,
  "decode_tok_s_median": 18.52,
  "prefill_tok_s_median": 139.76,
  "per_stream_wall_tok_s_median": 18.21,
  "ttft_p50_ms": 454.0,
  "ttft_p95_ms": 575.0,
  "ttft_samples": 28,
  "itl_p50_ms": 115.0,
  "token_source": "usage",
  "skipped_sse_lines": 0,
  "truncated_streams": 0,
  "power_w_max": "",
  "power_w_mean": "",
  "temp_c_max": "",
  "mem_used_mib_max": "",
  "sm_clock_min": "",
  "sm_clock_max": "",
  "throttle_seen": "",
  "gpu_samples": 0,
  "timestamp_utc": "2026-08-23T05:03:05.263674+00:00",
  "git_hash": "",
  "engine": "tp2-mia-soak",
  "engine_config": "SOAK-cycle36",
  "workload": "adversarial",
  "model": "deepseek-v4-flash-dspark",
  "repeat": 1,
  "max_tokens": 512,
  "temperature": 1.0,
  "top_p": 0.95
}

results -> /Users/<user>/sparxlab/bench/results/soak/20260823-045915-tp2-mia-soak-adversarial.csv
=== c=1 repeat=1 (draftable) ===
{
  "concurrency": 1,
  "requests_ok": 44,
  "requests_err": 0,
  "first_error_ts": "",
  "tokens_in_window": 1663,
  "window_s": 120,
  "aggregate_tok_s": 13.86,
  "decode_tok_s_median": 64.0,
  "prefill_tok_s_median": 369.27,
  "per_stream_wall_tok_s_median": 56.67,
  "ttft_p50_ms": 327.0,
  "ttft_p95_ms": 353.0,
  "ttft_samples": 44,
  "itl_p50_ms": 65.4,
  "token_source": "usage",
  "skipped_sse_lines": 0,
  "truncated_streams": 0,
  "power_w_max": "",
  "power_w_mean": "",
  "temp_c_max": "",
  "mem_used_mib_max": "",
  "sm_clock_min": "",
  "sm_clock_max": "",
  "throttle_seen": "",
  "gpu_samples": 0,
  "timestamp_utc": "2026-08-23T05:05:44.645604+00:00",
  "git_hash": "",
  "engine": "tp2-mia-soak",
  "engine_config": "SOAK-cycle37",
  "workload": "draftable",
  "model": "deepseek-v4-flash-dspark",
  "repeat": 1,
  "max_tokens": 512,
  "temperature": 1.0,
  "top_p": 0.95
}

results -> /Users/<user>/sparxlab/bench/results/soak/20260823-050335-tp2-mia-soak-draftable.csv
=== c=8 repeat=1 (draftable) ===
{
  "concurrency": 8,
  "requests_ok": 294,
  "requests_err": 0,
  "first_error_ts": "",
  "tokens_in_window": 10830,
  "window_s": 300,
  "aggregate_tok_s": 36.1,
  "decode_tok_s_median": 20.61,
  "prefill_tok_s_median": 172.38,
  "per_stream_wall_tok_s_median": 18.61,
  "ttft_p50_ms": 691.0,
  "ttft_p95_ms": 829.0,
  "ttft_samples": 294,
  "itl_p50_ms": 187.9,
  "token_source": "usage",
  "skipped_sse_lines": 0,
  "truncated_streams": 0,
  "power_w_max": "",
  "power_w_mean": "",
  "temp_c_max": "",
  "mem_used_mib_max": "",
  "sm_clock_min": "",
  "sm_clock_max": "",
  "throttle_seen": "",
  "gpu_samples": 0,
  "timestamp_utc": "2026-08-23T05:11:38.028338+00:00",
  "git_hash": "",
  "engine": "tp2-mia-soak",
  "engine_config": "SOAK-cycle37",
  "workload": "draftable",
  "model": "deepseek-v4-flash-dspark",
  "repeat": 1,
  "max_tokens": 512,
  "temperature": 1.0,
  "top_p": 0.95
}

results -> /Users/<user>/sparxlab/bench/results/soak/20260823-050614-tp2-mia-soak-draftable.csv
=== c=4 repeat=1 (draftable) ===
{
  "concurrency": 4,
  "requests_ok": 139,
  "requests_err": 0,
  "first_error_ts": "",
  "tokens_in_window": 4685,
  "window_s": 180,
  "aggregate_tok_s": 26.03,
  "decode_tok_s_median": 30.48,
  "prefill_tok_s_median": 235.94,
  "per_stream_wall_tok_s_median": 27.0,
  "ttft_p50_ms": 534.0,
  "ttft_p95_ms": 701.0,
  "ttft_samples": 139,
  "itl_p50_ms": 130.2,
  "token_source": "usage",
  "skipped_sse_lines": 0,
  "truncated_streams": 0,
  "power_w_max": "",
  "power_w_mean": "",
  "temp_c_max": "",
  "mem_used_mib_max": "",
  "sm_clock_min": "",
  "sm_clock_max": "",
  "throttle_seen": "",
  "gpu_samples": 0,
  "timestamp_utc": "2026-08-23T05:15:25.324682+00:00",
  "git_hash": "",
  "engine": "tp2-mia-soak",
  "engine_config": "SOAK-cycle37",
  "workload": "draftable",
  "model": "deepseek-v4-flash-dspark",
  "repeat": 1,
  "max_tokens": 512,
  "temperature": 1.0,
  "top_p": 0.95
}

results -> /Users/<user>/sparxlab/bench/results/soak/20260823-051208-tp2-mia-soak-draftable.csv
=== c=1 repeat=1 (adversarial) ===
{
  "concurrency": 1,
  "requests_ok": 9,
  "requests_err": 0,
  "first_error_ts": "",
  "tokens_in_window": 1892,
  "window_s": 120,
  "aggregate_tok_s": 15.77,
  "decode_tok_s_median": 35.47,
  "prefill_tok_s_median": 251.86,
  "per_stream_wall_tok_s_median": 34.86,
  "ttft_p50_ms": 239.0,
  "ttft_p95_ms": "",
  "ttft_samples": 9,
  "itl_p50_ms": 62.1,
  "token_source": "usage",
  "skipped_sse_lines": 0,
  "truncated_streams": 0,
  "power_w_max": "",
  "power_w_mean": "",
  "temp_c_max": "",
  "mem_used_mib_max": "",
  "sm_clock_min": "",
  "sm_clock_max": "",
  "throttle_seen": "",
  "gpu_samples": 0,
  "timestamp_utc": "2026-08-23T05:18:20.472926+00:00",
  "git_hash": "",
  "engine": "tp2-mia-soak",
  "engine_config": "SOAK-cycle38",
  "workload": "adversarial",
  "model": "deepseek-v4-flash-dspark",
  "repeat": 1,
  "max_tokens": 512,
  "temperature": 1.0,
  "top_p": 0.95
}

results -> /Users/<user>/sparxlab/bench/results/soak/20260823-051555-tp2-mia-soak-adversarial.csv
=== c=8 repeat=1 (adversarial) ===
{
  "concurrency": 8,
  "requests_ok": 64,
  "requests_err": 0,
  "first_error_ts": "",
  "tokens_in_window": 14519,
  "window_s": 300,
  "aggregate_tok_s": 48.4,
  "decode_tok_s_median": 13.04,
  "prefill_tok_s_median": 109.95,
  "per_stream_wall_tok_s_median": 12.87,
  "ttft_p50_ms": 582.0,
  "ttft_p95_ms": 693.0,
  "ttft_samples": 64,
  "itl_p50_ms": 161.3,
  "token_source": "usage",
  "skipped_sse_lines": 0,
  "truncated_streams": 0,
  "power_w_max": "",
  "power_w_mean": "",
  "temp_c_max": "",
  "mem_used_mib_max": "",
  "sm_clock_min": "",
  "sm_clock_max": "",
  "throttle_seen": "",
  "gpu_samples": 0,
  "timestamp_utc": "2026-08-23T05:24:48.755266+00:00",
  "git_hash": "",
  "engine": "tp2-mia-soak",
  "engine_config": "SOAK-cycle38",
  "workload": "adversarial",
  "model": "deepseek-v4-flash-dspark",
  "repeat": 1,
  "max_tokens": 512,
  "temperature": 1.0,
  "top_p": 0.95
}

results -> /Users/<user>/sparxlab/bench/results/soak/20260823-051850-tp2-mia-soak-adversarial.csv
=== c=4 repeat=1 (adversarial) ===
{
  "concurrency": 4,
  "requests_ok": 28,
  "requests_err": 0,
  "first_error_ts": "",
  "tokens_in_window": 6116,
  "window_s": 180,
  "aggregate_tok_s": 33.98,
  "decode_tok_s_median": 18.32,
  "prefill_tok_s_median": 142.58,
  "per_stream_wall_tok_s_median": 18.12,
  "ttft_p50_ms": 445.0,
  "ttft_p95_ms": 525.0,
  "ttft_samples": 28,
  "itl_p50_ms": 114.6,
  "token_source": "usage",
  "skipped_sse_lines": 0,
  "truncated_streams": 0,
  "power_w_max": "",
  "power_w_mean": "",
  "temp_c_max": "",
  "mem_used_mib_max": "",
  "sm_clock_min": "",
  "sm_clock_max": "",
  "throttle_seen": "",
  "gpu_samples": 0,
  "timestamp_utc": "2026-08-23T05:29:09.183070+00:00",
  "git_hash": "",
  "engine": "tp2-mia-soak",
  "engine_config": "SOAK-cycle38",
  "workload": "adversarial",
  "model": "deepseek-v4-flash-dspark",
  "repeat": 1,
  "max_tokens": 512,
  "temperature": 1.0,
  "top_p": 0.95
}

results -> /Users/<user>/sparxlab/bench/results/soak/20260823-052518-tp2-mia-soak-adversarial.csv
=== c=1 repeat=1 (draftable) ===
{
  "concurrency": 1,
  "requests_ok": 42,
  "requests_err": 0,
  "first_error_ts": "",
  "tokens_in_window": 1692,
  "window_s": 120,
  "aggregate_tok_s": 14.1,
  "decode_tok_s_median": 68.3,
  "prefill_tok_s_median": 373.79,
  "per_stream_wall_tok_s_median": 58.18,
  "ttft_p50_ms": 323.0,
  "ttft_p95_ms": 344.0,
  "ttft_samples": 42,
  "itl_p50_ms": 64.4,
  "token_source": "usage",
  "skipped_sse_lines": 0,
  "truncated_streams": 0,
  "power_w_max": "",
  "power_w_mean": "",
  "temp_c_max": "",
  "mem_used_mib_max": "",
  "sm_clock_min": "",
  "sm_clock_max": "",
  "throttle_seen": "",
  "gpu_samples": 0,
  "timestamp_utc": "2026-08-23T05:31:45.760487+00:00",
  "git_hash": "",
  "engine": "tp2-mia-soak",
  "engine_config": "SOAK-cycle39",
  "workload": "draftable",
  "model": "deepseek-v4-flash-dspark",
  "repeat": 1,
  "max_tokens": 512,
  "temperature": 1.0,
  "top_p": 0.95
}

results -> /Users/<user>/sparxlab/bench/results/soak/20260823-052939-tp2-mia-soak-draftable.csv
=== c=8 repeat=1 (draftable) ===
{
  "concurrency": 8,
  "requests_ok": 294,
  "requests_err": 0,
  "first_error_ts": "",
  "tokens_in_window": 10841,
  "window_s": 300,
  "aggregate_tok_s": 36.14,
  "decode_tok_s_median": 20.65,
  "prefill_tok_s_median": 173.13,
  "per_stream_wall_tok_s_median": 18.55,
  "ttft_p50_ms": 687.0,
  "ttft_p95_ms": 829.0,
  "ttft_samples": 294,
  "itl_p50_ms": 187.6,
  "token_source": "usage",
  "skipped_sse_lines": 0,
  "truncated_streams": 0,
  "power_w_max": "",
  "power_w_mean": "",
  "temp_c_max": "",
  "mem_used_mib_max": "",
  "sm_clock_min": "",
  "sm_clock_max": "",
  "throttle_seen": "",
  "gpu_samples": 0,
  "timestamp_utc": "2026-08-23T05:37:36.895202+00:00",
  "git_hash": "",
  "engine": "tp2-mia-soak",
  "engine_config": "SOAK-cycle39",
  "workload": "draftable",
  "model": "deepseek-v4-flash-dspark",
  "repeat": 1,
  "max_tokens": 512,
  "temperature": 1.0,
  "top_p": 0.95
}

results -> /Users/<user>/sparxlab/bench/results/soak/20260823-053215-tp2-mia-soak-draftable.csv
=== c=4 repeat=1 (draftable) ===
{
  "concurrency": 4,
  "requests_ok": 132,
  "requests_err": 0,
  "first_error_ts": "",
  "tokens_in_window": 4751,
  "window_s": 180,
  "aggregate_tok_s": 26.39,
  "decode_tok_s_median": 31.08,
  "prefill_tok_s_median": 234.48,
  "per_stream_wall_tok_s_median": 27.79,
  "ttft_p50_ms": 537.0,
  "ttft_p95_ms": 704.0,
  "ttft_samples": 132,
  "itl_p50_ms": 129.6,
  "token_source": "usage",
  "skipped_sse_lines": 0,
  "truncated_streams": 0,
  "power_w_max": "",
  "power_w_mean": "",
  "temp_c_max": "",
  "mem_used_mib_max": "",
  "sm_clock_min": "",
  "sm_clock_max": "",
  "throttle_seen": "",
  "gpu_samples": 0,
  "timestamp_utc": "2026-08-23T05:41:35.103937+00:00",
  "git_hash": "",
  "engine": "tp2-mia-soak",
  "engine_config": "SOAK-cycle39",
  "workload": "draftable",
  "model": "deepseek-v4-flash-dspark",
  "repeat": 1,
  "max_tokens": 512,
  "temperature": 1.0,
  "top_p": 0.95
}

results -> /Users/<user>/sparxlab/bench/results/soak/20260823-053807-tp2-mia-soak-draftable.csv
=== c=1 repeat=1 (adversarial) ===
{
  "concurrency": 1,
  "requests_ok": 8,
  "requests_err": 0,
  "first_error_ts": "",
  "tokens_in_window": 1901,
  "window_s": 120,
  "aggregate_tok_s": 15.84,
  "decode_tok_s_median": 34.11,
  "prefill_tok_s_median": 260.27,
  "per_stream_wall_tok_s_median": 33.63,
  "ttft_p50_ms": 217.0,
  "ttft_p95_ms": "",
  "ttft_samples": 8,
  "itl_p50_ms": 61.9,
  "token_source": "usage",
  "skipped_sse_lines": 0,
  "truncated_streams": 0,
  "power_w_max": "",
  "power_w_mean": "",
  "temp_c_max": "",
  "mem_used_mib_max": "",
  "sm_clock_min": "",
  "sm_clock_max": "",
  "throttle_seen": "",
  "gpu_samples": 0,
  "timestamp_utc": "2026-08-23T05:44:21.186831+00:00",
  "git_hash": "",
  "engine": "tp2-mia-soak",
  "engine_config": "SOAK-cycle40",
  "workload": "adversarial",
  "model": "deepseek-v4-flash-dspark",
  "repeat": 1,
  "max_tokens": 512,
  "temperature": 1.0,
  "top_p": 0.95
}

results -> /Users/<user>/sparxlab/bench/results/soak/20260823-054205-tp2-mia-soak-adversarial.csv
=== c=8 repeat=1 (adversarial) ===
{
  "concurrency": 8,
  "requests_ok": 64,
  "requests_err": 0,
  "first_error_ts": "",
  "tokens_in_window": 14489,
  "window_s": 300,
  "aggregate_tok_s": 48.3,
  "decode_tok_s_median": 13.32,
  "prefill_tok_s_median": 107.92,
  "per_stream_wall_tok_s_median": 13.14,
  "ttft_p50_ms": 586.0,
  "ttft_p95_ms": 681.0,
  "ttft_samples": 64,
  "itl_p50_ms": 161.0,
  "token_source": "usage",
  "skipped_sse_lines": 0,
  "truncated_streams": 0,
  "power_w_max": "",
  "power_w_mean": "",
  "temp_c_max": "",
  "mem_used_mib_max": "",
  "sm_clock_min": "",
  "sm_clock_max": "",
  "throttle_seen": "",
  "gpu_samples": 0,
  "timestamp_utc": "2026-08-23T05:50:54.113435+00:00",
  "git_hash": "",
  "engine": "tp2-mia-soak",
  "engine_config": "SOAK-cycle40",
  "workload": "adversarial",
  "model": "deepseek-v4-flash-dspark",
  "repeat": 1,
  "max_tokens": 512,
  "temperature": 1.0,
  "top_p": 0.95
}

results -> /Users/<user>/sparxlab/bench/results/soak/20260823-054451-tp2-mia-soak-adversarial.csv
=== c=4 repeat=1 (adversarial) ===
{
  "concurrency": 4,
  "requests_ok": 28,
  "requests_err": 0,
  "first_error_ts": "",
  "tokens_in_window": 6116,
  "window_s": 180,
  "aggregate_tok_s": 33.98,
  "decode_tok_s_median": 18.4,
  "prefill_tok_s_median": 149.59,
  "per_stream_wall_tok_s_median": 18.14,
  "ttft_p50_ms": 436.0,
  "ttft_p95_ms": 477.0,
  "ttft_samples": 28,
  "itl_p50_ms": 115.0,
  "token_source": "usage",
  "skipped_sse_lines": 0,
  "truncated_streams": 0,
  "power_w_max": "",
  "power_w_mean": "",
  "temp_c_max": "",
  "mem_used_mib_max": "",
  "sm_clock_min": "",
  "sm_clock_max": "",
  "throttle_seen": "",
  "gpu_samples": 0,
  "timestamp_utc": "2026-08-23T05:55:10.839374+00:00",
  "git_hash": "",
  "engine": "tp2-mia-soak",
  "engine_config": "SOAK-cycle40",
  "workload": "adversarial",
  "model": "deepseek-v4-flash-dspark",
  "repeat": 1,
  "max_tokens": 512,
  "temperature": 1.0,
  "top_p": 0.95
}

results -> /Users/<user>/sparxlab/bench/results/soak/20260823-055124-tp2-mia-soak-adversarial.csv
=== c=1 repeat=1 (draftable) ===
{
  "concurrency": 1,
  "requests_ok": 42,
  "requests_err": 0,
  "first_error_ts": "",
  "tokens_in_window": 1696,
  "window_s": 120,
  "aggregate_tok_s": 14.13,
  "decode_tok_s_median": 67.46,
  "prefill_tok_s_median": 367.58,
  "per_stream_wall_tok_s_median": 57.35,
  "ttft_p50_ms": 321.0,
  "ttft_p95_ms": 352.0,
  "ttft_samples": 42,
  "itl_p50_ms": 64.4,
  "token_source": "usage",
  "skipped_sse_lines": 0,
  "truncated_streams": 0,
  "power_w_max": "",
  "power_w_mean": "",
  "temp_c_max": "",
  "mem_used_mib_max": "",
  "sm_clock_min": "",
  "sm_clock_max": "",
  "throttle_seen": "",
  "gpu_samples": 0,
  "timestamp_utc": "2026-08-23T05:57:58.041342+00:00",
  "git_hash": "",
  "engine": "tp2-mia-soak",
  "engine_config": "SOAK-cycle41",
  "workload": "draftable",
  "model": "deepseek-v4-flash-dspark",
  "repeat": 1,
  "max_tokens": 512,
  "temperature": 1.0,
  "top_p": 0.95
}

results -> /Users/<user>/sparxlab/bench/results/soak/20260823-055541-tp2-mia-soak-draftable.csv
=== c=8 repeat=1 (draftable) ===
{
  "concurrency": 8,
  "requests_ok": 288,
  "requests_err": 0,
  "first_error_ts": "",
  "tokens_in_window": 10916,
  "window_s": 300,
  "aggregate_tok_s": 36.39,
  "decode_tok_s_median": 20.51,
  "prefill_tok_s_median": 170.63,
  "per_stream_wall_tok_s_median": 18.54,
  "ttft_p50_ms": 691.0,
  "ttft_p95_ms": 836.0,
  "ttft_samples": 288,
  "itl_p50_ms": 188.4,
  "token_source": "usage",
  "skipped_sse_lines": 0,
  "truncated_streams": 0,
  "power_w_max": "",
  "power_w_mean": "",
  "temp_c_max": "",
  "mem_used_mib_max": "",
  "sm_clock_min": "",
  "sm_clock_max": "",
  "throttle_seen": "",
  "gpu_samples": 0,
  "timestamp_utc": "2026-08-23T06:03:44.362626+00:00",
  "git_hash": "",
  "engine": "tp2-mia-soak",
  "engine_config": "SOAK-cycle41",
  "workload": "draftable",
  "model": "deepseek-v4-flash-dspark",
  "repeat": 1,
  "max_tokens": 512,
  "temperature": 1.0,
  "top_p": 0.95
}

results -> /Users/<user>/sparxlab/bench/results/soak/20260823-055828-tp2-mia-soak-draftable.csv
=== c=4 repeat=1 (draftable) ===
{
  "concurrency": 4,
  "requests_ok": 130,
  "requests_err": 0,
  "first_error_ts": "",
  "tokens_in_window": 4703,
  "window_s": 180,
  "aggregate_tok_s": 26.13,
  "decode_tok_s_median": 30.86,
  "prefill_tok_s_median": 233.85,
  "per_stream_wall_tok_s_median": 27.48,
  "ttft_p50_ms": 541.0,
  "ttft_p95_ms": 712.0,
  "ttft_samples": 130,
  "itl_p50_ms": 130.6,
  "token_source": "usage",
  "skipped_sse_lines": 0,
  "truncated_streams": 0,
  "power_w_max": "",
  "power_w_mean": "",
  "temp_c_max": "",
  "mem_used_mib_max": "",
  "sm_clock_min": "",
  "sm_clock_max": "",
  "throttle_seen": "",
  "gpu_samples": 0,
  "timestamp_utc": "2026-08-23T06:07:34.855761+00:00",
  "git_hash": "",
  "engine": "tp2-mia-soak",
  "engine_config": "SOAK-cycle41",
  "workload": "draftable",
  "model": "deepseek-v4-flash-dspark",
  "repeat": 1,
  "max_tokens": 512,
  "temperature": 1.0,
  "top_p": 0.95
}

results -> /Users/<user>/sparxlab/bench/results/soak/20260823-060414-tp2-mia-soak-draftable.csv
=== c=1 repeat=1 (adversarial) ===
{
  "concurrency": 1,
  "requests_ok": 8,
  "requests_err": 0,
  "first_error_ts": "",
  "tokens_in_window": 1894,
  "window_s": 120,
  "aggregate_tok_s": 15.78,
  "decode_tok_s_median": 33.83,
  "prefill_tok_s_median": 251.27,
  "per_stream_wall_tok_s_median": 33.35,
  "ttft_p50_ms": 250.0,
  "ttft_p95_ms": "",
  "ttft_samples": 8,
  "itl_p50_ms": 62.1,
  "token_source": "usage",
  "skipped_sse_lines": 0,
  "truncated_streams": 0,
  "power_w_max": "",
  "power_w_mean": "",
  "temp_c_max": "",
  "mem_used_mib_max": "",
  "sm_clock_min": "",
  "sm_clock_max": "",
  "throttle_seen": "",
  "gpu_samples": 0,
  "timestamp_utc": "2026-08-23T06:10:21.441415+00:00",
  "git_hash": "",
  "engine": "tp2-mia-soak",
  "engine_config": "SOAK-cycle42",
  "workload": "adversarial",
  "model": "deepseek-v4-flash-dspark",
  "repeat": 1,
  "max_tokens": 512,
  "temperature": 1.0,
  "top_p": 0.95
}

results -> /Users/<user>/sparxlab/bench/results/soak/20260823-060805-tp2-mia-soak-adversarial.csv
=== c=8 repeat=1 (adversarial) ===
{
  "concurrency": 8,
  "requests_ok": 64,
  "requests_err": 0,
  "first_error_ts": "",
  "tokens_in_window": 14504,
  "window_s": 300,
  "aggregate_tok_s": 48.35,
  "decode_tok_s_median": 13.1,
  "prefill_tok_s_median": 111.23,
  "per_stream_wall_tok_s_median": 12.94,
  "ttft_p50_ms": 579.0,
  "ttft_p95_ms": 687.0,
  "ttft_samples": 64,
  "itl_p50_ms": 161.4,
  "token_source": "usage",
  "skipped_sse_lines": 0,
  "truncated_streams": 0,
  "power_w_max": "",
  "power_w_mean": "",
  "temp_c_max": "",
  "mem_used_mib_max": "",
  "sm_clock_min": "",
  "sm_clock_max": "",
  "throttle_seen": "",
  "gpu_samples": 0,
  "timestamp_utc": "2026-08-23T06:16:53.465073+00:00",
  "git_hash": "",
  "engine": "tp2-mia-soak",
  "engine_config": "SOAK-cycle42",
  "workload": "adversarial",
  "model": "deepseek-v4-flash-dspark",
  "repeat": 1,
  "max_tokens": 512,
  "temperature": 1.0,
  "top_p": 0.95
}

results -> /Users/<user>/sparxlab/bench/results/soak/20260823-061051-tp2-mia-soak-adversarial.csv
=== c=4 repeat=1 (adversarial) ===
{
  "concurrency": 4,
  "requests_ok": 28,
  "requests_err": 0,
  "first_error_ts": "",
  "tokens_in_window": 6101,
  "window_s": 180,
  "aggregate_tok_s": 33.89,
  "decode_tok_s_median": 18.12,
  "prefill_tok_s_median": 140.79,
  "per_stream_wall_tok_s_median": 17.87,
  "ttft_p50_ms": 449.0,
  "ttft_p95_ms": 569.0,
  "ttft_samples": 28,
  "itl_p50_ms": 114.7,
  "token_source": "usage",
  "skipped_sse_lines": 0,
  "truncated_streams": 0,
  "power_w_max": "",
  "power_w_mean": "",
  "temp_c_max": "",
  "mem_used_mib_max": "",
  "sm_clock_min": "",
  "sm_clock_max": "",
  "throttle_seen": "",
  "gpu_samples": 0,
  "timestamp_utc": "2026-08-23T06:21:15.127576+00:00",
  "git_hash": "",
  "engine": "tp2-mia-soak",
  "engine_config": "SOAK-cycle42",
  "workload": "adversarial",
  "model": "deepseek-v4-flash-dspark",
  "repeat": 1,
  "max_tokens": 512,
  "temperature": 1.0,
  "top_p": 0.95
}

results -> /Users/<user>/sparxlab/bench/results/soak/20260823-061723-tp2-mia-soak-adversarial.csv
=== c=1 repeat=1 (draftable) ===
{
  "concurrency": 1,
  "requests_ok": 42,
  "requests_err": 0,
  "first_error_ts": "",
  "tokens_in_window": 1700,
  "window_s": 120,
  "aggregate_tok_s": 14.17,
  "decode_tok_s_median": 69.33,
  "prefill_tok_s_median": 372.11,
  "per_stream_wall_tok_s_median": 59.09,
  "ttft_p50_ms": 324.0,
  "ttft_p95_ms": 343.0,
  "ttft_samples": 42,
  "itl_p50_ms": 64.3,
  "token_source": "usage",
  "skipped_sse_lines": 0,
  "truncated_streams": 0,
  "power_w_max": "",
  "power_w_mean": "",
  "temp_c_max": "",
  "mem_used_mib_max": "",
  "sm_clock_min": "",
  "sm_clock_max": "",
  "throttle_seen": "",
  "gpu_samples": 0,
  "timestamp_utc": "2026-08-23T06:23:53.940361+00:00",
  "git_hash": "",
  "engine": "tp2-mia-soak",
  "engine_config": "SOAK-cycle43",
  "workload": "draftable",
  "model": "deepseek-v4-flash-dspark",
  "repeat": 1,
  "max_tokens": 512,
  "temperature": 1.0,
  "top_p": 0.95
}

results -> /Users/<user>/sparxlab/bench/results/soak/20260823-062145-tp2-mia-soak-draftable.csv
=== c=8 repeat=1 (draftable) ===
{
  "concurrency": 8,
  "requests_ok": 294,
  "requests_err": 0,
  "first_error_ts": "",
  "tokens_in_window": 10858,
  "window_s": 300,
  "aggregate_tok_s": 36.19,
  "decode_tok_s_median": 20.64,
  "prefill_tok_s_median": 172.65,
  "per_stream_wall_tok_s_median": 18.62,
  "ttft_p50_ms": 687.0,
  "ttft_p95_ms": 825.0,
  "ttft_samples": 294,
  "itl_p50_ms": 187.7,
  "token_source": "usage",
  "skipped_sse_lines": 0,
  "truncated_streams": 0,
  "power_w_max": "",
  "power_w_mean": "",
  "temp_c_max": "",
  "mem_used_mib_max": "",
  "sm_clock_min": "",
  "sm_clock_max": "",
  "throttle_seen": "",
  "gpu_samples": 0,
  "timestamp_utc": "2026-08-23T06:29:49.767227+00:00",
  "git_hash": "",
  "engine": "tp2-mia-soak",
  "engine_config": "SOAK-cycle43",
  "workload": "draftable",
  "model": "deepseek-v4-flash-dspark",
  "repeat": 1,
  "max_tokens": 512,
  "temperature": 1.0,
  "top_p": 0.95
}

results -> /Users/<user>/sparxlab/bench/results/soak/20260823-062424-tp2-mia-soak-draftable.csv
=== c=4 repeat=1 (draftable) ===
{
  "concurrency": 4,
  "requests_ok": 132,
  "requests_err": 0,
  "first_error_ts": "",
  "tokens_in_window": 4788,
  "window_s": 180,
  "aggregate_tok_s": 26.6,
  "decode_tok_s_median": 31.64,
  "prefill_tok_s_median": 236.54,
  "per_stream_wall_tok_s_median": 28.19,
  "ttft_p50_ms": 532.0,
  "ttft_p95_ms": 684.0,
  "ttft_samples": 132,
  "itl_p50_ms": 129.8,
  "token_source": "usage",
  "skipped_sse_lines": 0,
  "truncated_streams": 0,
  "power_w_max": "",
  "power_w_mean": "",
  "temp_c_max": "",
  "mem_used_mib_max": "",
  "sm_clock_min": "",
  "sm_clock_max": "",
  "throttle_seen": "",
  "gpu_samples": 0,
  "timestamp_utc": "2026-08-23T06:33:36.786254+00:00",
  "git_hash": "",
  "engine": "tp2-mia-soak",
  "engine_config": "SOAK-cycle43",
  "workload": "draftable",
  "model": "deepseek-v4-flash-dspark",
  "repeat": 1,
  "max_tokens": 512,
  "temperature": 1.0,
  "top_p": 0.95
}

results -> /Users/<user>/sparxlab/bench/results/soak/20260823-063019-tp2-mia-soak-draftable.csv
=== c=1 repeat=1 (adversarial) ===
{
  "concurrency": 1,
  "requests_ok": 8,
  "requests_err": 0,
  "first_error_ts": "",
  "tokens_in_window": 1896,
  "window_s": 120,
  "aggregate_tok_s": 15.8,
  "decode_tok_s_median": 34.68,
  "prefill_tok_s_median": 252.6,
  "per_stream_wall_tok_s_median": 34.21,
  "ttft_p50_ms": 247.0,
  "ttft_p95_ms": "",
  "ttft_samples": 8,
  "itl_p50_ms": 62.0,
  "token_source": "usage",
  "skipped_sse_lines": 0,
  "truncated_streams": 0,
  "power_w_max": "",
  "power_w_mean": "",
  "temp_c_max": "",
  "mem_used_mib_max": "",
  "sm_clock_min": "",
  "sm_clock_max": "",
  "throttle_seen": "",
  "gpu_samples": 0,
  "timestamp_utc": "2026-08-23T06:36:22.898781+00:00",
  "git_hash": "",
  "engine": "tp2-mia-soak",
  "engine_config": "SOAK-cycle44",
  "workload": "adversarial",
  "model": "deepseek-v4-flash-dspark",
  "repeat": 1,
  "max_tokens": 512,
  "temperature": 1.0,
  "top_p": 0.95
}

results -> /Users/<user>/sparxlab/bench/results/soak/20260823-063406-tp2-mia-soak-adversarial.csv
=== c=8 repeat=1 (adversarial) ===
{
  "concurrency": 8,
  "requests_ok": 64,
  "requests_err": 0,
  "first_error_ts": "",
  "tokens_in_window": 14496,
  "window_s": 300,
  "aggregate_tok_s": 48.32,
  "decode_tok_s_median": 13.1,
  "prefill_tok_s_median": 108.06,
  "per_stream_wall_tok_s_median": 12.93,
  "ttft_p50_ms": 578.0,
  "ttft_p95_ms": 681.0,
  "ttft_samples": 64,
  "itl_p50_ms": 161.3,
  "token_source": "usage",
  "skipped_sse_lines": 0,
  "truncated_streams": 0,
  "power_w_max": "",
  "power_w_mean": "",
  "temp_c_max": "",
  "mem_used_mib_max": "",
  "sm_clock_min": "",
  "sm_clock_max": "",
  "throttle_seen": "",
  "gpu_samples": 0,
  "timestamp_utc": "2026-08-23T06:42:54.648234+00:00",
  "git_hash": "",
  "engine": "tp2-mia-soak",
  "engine_config": "SOAK-cycle44",
  "workload": "adversarial",
  "model": "deepseek-v4-flash-dspark",
  "repeat": 1,
  "max_tokens": 512,
  "temperature": 1.0,
  "top_p": 0.95
}

results -> /Users/<user>/sparxlab/bench/results/soak/20260823-063653-tp2-mia-soak-adversarial.csv
=== c=4 repeat=1 (adversarial) ===
{
  "concurrency": 4,
  "requests_ok": 28,
  "requests_err": 0,
  "first_error_ts": "",
  "tokens_in_window": 6112,
  "window_s": 180,
  "aggregate_tok_s": 33.96,
  "decode_tok_s_median": 18.69,
  "prefill_tok_s_median": 147.25,
  "per_stream_wall_tok_s_median": 18.41,
  "ttft_p50_ms": 435.0,
  "ttft_p95_ms": 552.0,
  "ttft_samples": 28,
  "itl_p50_ms": 114.5,
  "token_source": "usage",
  "skipped_sse_lines": 0,
  "truncated_streams": 0,
  "power_w_max": "",
  "power_w_mean": "",
  "temp_c_max": "",
  "mem_used_mib_max": "",
  "sm_clock_min": "",
  "sm_clock_max": "",
  "throttle_seen": "",
  "gpu_samples": 0,
  "timestamp_utc": "2026-08-23T06:47:13.004688+00:00",
  "git_hash": "",
  "engine": "tp2-mia-soak",
  "engine_config": "SOAK-cycle44",
  "workload": "adversarial",
  "model": "deepseek-v4-flash-dspark",
  "repeat": 1,
  "max_tokens": 512,
  "temperature": 1.0,
  "top_p": 0.95
}

results -> /Users/<user>/sparxlab/bench/results/soak/20260823-064324-tp2-mia-soak-adversarial.csv
=== c=1 repeat=1 (draftable) ===
{
  "concurrency": 1,
  "requests_ok": 44,
  "requests_err": 0,
  "first_error_ts": "",
  "tokens_in_window": 1686,
  "window_s": 120,
  "aggregate_tok_s": 14.05,
  "decode_tok_s_median": 66.07,
  "prefill_tok_s_median": 374.83,
  "per_stream_wall_tok_s_median": 57.24,
  "ttft_p50_ms": 325.0,
  "ttft_p95_ms": 340.0,
  "ttft_samples": 44,
  "itl_p50_ms": 64.5,
  "token_source": "usage",
  "skipped_sse_lines": 0,
  "truncated_streams": 0,
  "power_w_max": "",
  "power_w_mean": "",
  "temp_c_max": "",
  "mem_used_mib_max": "",
  "sm_clock_min": "",
  "sm_clock_max": "",
  "throttle_seen": "",
  "gpu_samples": 0,
  "timestamp_utc": "2026-08-23T06:49:50.803363+00:00",
  "git_hash": "",
  "engine": "tp2-mia-soak",
  "engine_config": "SOAK-cycle45",
  "workload": "draftable",
  "model": "deepseek-v4-flash-dspark",
  "repeat": 1,
  "max_tokens": 512,
  "temperature": 1.0,
  "top_p": 0.95
}

results -> /Users/<user>/sparxlab/bench/results/soak/20260823-064743-tp2-mia-soak-draftable.csv
=== c=8 repeat=1 (draftable) ===
{
  "concurrency": 8,
  "requests_ok": 287,
  "requests_err": 0,
  "first_error_ts": "",
  "tokens_in_window": 10868,
  "window_s": 300,
  "aggregate_tok_s": 36.23,
  "decode_tok_s_median": 20.7,
  "prefill_tok_s_median": 171.8,
  "per_stream_wall_tok_s_median": 18.64,
  "ttft_p50_ms": 688.0,
  "ttft_p95_ms": 824.0,
  "ttft_samples": 287,
  "itl_p50_ms": 188.0,
  "token_source": "usage",
  "skipped_sse_lines": 0,
  "truncated_streams": 0,
  "power_w_max": "",
  "power_w_mean": "",
  "temp_c_max": "",
  "mem_used_mib_max": "",
  "sm_clock_min": "",
  "sm_clock_max": "",
  "throttle_seen": "",
  "gpu_samples": 0,
  "timestamp_utc": "2026-08-23T06:55:41.092735+00:00",
  "git_hash": "",
  "engine": "tp2-mia-soak",
  "engine_config": "SOAK-cycle45",
  "workload": "draftable",
  "model": "deepseek-v4-flash-dspark",
  "repeat": 1,
  "max_tokens": 512,
  "temperature": 1.0,
  "top_p": 0.95
}

results -> /Users/<user>/sparxlab/bench/results/soak/20260823-065020-tp2-mia-soak-draftable.csv
=== c=4 repeat=1 (draftable) ===
{
  "concurrency": 4,
  "requests_ok": 132,
  "requests_err": 0,
  "first_error_ts": "",
  "tokens_in_window": 4779,
  "window_s": 180,
  "aggregate_tok_s": 26.55,
  "decode_tok_s_median": 31.29,
  "prefill_tok_s_median": 227.97,
  "per_stream_wall_tok_s_median": 27.79,
  "ttft_p50_ms": 532.0,
  "ttft_p95_ms": 686.0,
  "ttft_samples": 132,
  "itl_p50_ms": 129.3,
  "token_source": "usage",
  "skipped_sse_lines": 0,
  "truncated_streams": 0,
  "power_w_max": "",
  "power_w_mean": "",
  "temp_c_max": "",
  "mem_used_mib_max": "",
  "sm_clock_min": "",
  "sm_clock_max": "",
  "throttle_seen": "",
  "gpu_samples": 0,
  "timestamp_utc": "2026-08-23T06:59:31.386731+00:00",
  "git_hash": "",
  "engine": "tp2-mia-soak",
  "engine_config": "SOAK-cycle45",
  "workload": "draftable",
  "model": "deepseek-v4-flash-dspark",
  "repeat": 1,
  "max_tokens": 512,
  "temperature": 1.0,
  "top_p": 0.95
}

results -> /Users/<user>/sparxlab/bench/results/soak/20260823-065611-tp2-mia-soak-draftable.csv
=== c=1 repeat=1 (adversarial) ===
{
  "concurrency": 1,
  "requests_ok": 8,
  "requests_err": 0,
  "first_error_ts": "",
  "tokens_in_window": 1890,
  "window_s": 120,
  "aggregate_tok_s": 15.75,
  "decode_tok_s_median": 34.39,
  "prefill_tok_s_median": 249.3,
  "per_stream_wall_tok_s_median": 33.82,
  "ttft_p50_ms": 245.0,
  "ttft_p95_ms": "",
  "ttft_samples": 8,
  "itl_p50_ms": 62.4,
  "token_source": "usage",
  "skipped_sse_lines": 0,
  "truncated_streams": 0,
  "power_w_max": "",
  "power_w_mean": "",
  "temp_c_max": "",
  "mem_used_mib_max": "",
  "sm_clock_min": "",
  "sm_clock_max": "",
  "throttle_seen": "",
  "gpu_samples": 0,
  "timestamp_utc": "2026-08-23T07:02:16.797288+00:00",
  "git_hash": "",
  "engine": "tp2-mia-soak",
  "engine_config": "SOAK-cycle46",
  "workload": "adversarial",
  "model": "deepseek-v4-flash-dspark",
  "repeat": 1,
  "max_tokens": 512,
  "temperature": 1.0,
  "top_p": 0.95
}

results -> /Users/<user>/sparxlab/bench/results/soak/20260823-070001-tp2-mia-soak-adversarial.csv
=== c=8 repeat=1 (adversarial) ===
{
  "concurrency": 8,
  "requests_ok": 65,
  "requests_err": 0,
  "first_error_ts": "",
  "tokens_in_window": 14421,
  "window_s": 300,
  "aggregate_tok_s": 48.07,
  "decode_tok_s_median": 13.06,
  "prefill_tok_s_median": 110.99,
  "per_stream_wall_tok_s_median": 12.89,
  "ttft_p50_ms": 576.0,
  "ttft_p95_ms": 678.0,
  "ttft_samples": 65,
  "itl_p50_ms": 162.1,
  "token_source": "usage",
  "skipped_sse_lines": 0,
  "truncated_streams": 0,
  "power_w_max": "",
  "power_w_mean": "",
  "temp_c_max": "",
  "mem_used_mib_max": "",
  "sm_clock_min": "",
  "sm_clock_max": "",
  "throttle_seen": "",
  "gpu_samples": 0,
  "timestamp_utc": "2026-08-23T07:08:51.952536+00:00",
  "git_hash": "",
  "engine": "tp2-mia-soak",
  "engine_config": "SOAK-cycle46",
  "workload": "adversarial",
  "model": "deepseek-v4-flash-dspark",
  "repeat": 1,
  "max_tokens": 512,
  "temperature": 1.0,
  "top_p": 0.95
}

results -> /Users/<user>/sparxlab/bench/results/soak/20260823-070246-tp2-mia-soak-adversarial.csv
=== c=4 repeat=1 (adversarial) ===
{
  "concurrency": 4,
  "requests_ok": 28,
  "requests_err": 0,
  "first_error_ts": "",
  "tokens_in_window": 6104,
  "window_s": 180,
  "aggregate_tok_s": 33.91,
  "decode_tok_s_median": 18.4,
  "prefill_tok_s_median": 144.41,
  "per_stream_wall_tok_s_median": 18.13,
  "ttft_p50_ms": 445.0,
  "ttft_p95_ms": 530.0,
  "ttft_samples": 28,
  "itl_p50_ms": 115.0,
  "token_source": "usage",
  "skipped_sse_lines": 0,
  "truncated_streams": 0,
  "power_w_max": "",
  "power_w_mean": "",
  "temp_c_max": "",
  "mem_used_mib_max": "",
  "sm_clock_min": "",
  "sm_clock_max": "",
  "throttle_seen": "",
  "gpu_samples": 0,
  "timestamp_utc": "2026-08-23T07:13:10.394694+00:00",
  "git_hash": "",
  "engine": "tp2-mia-soak",
  "engine_config": "SOAK-cycle46",
  "workload": "adversarial",
  "model": "deepseek-v4-flash-dspark",
  "repeat": 1,
  "max_tokens": 512,
  "temperature": 1.0,
  "top_p": 0.95
}

results -> /Users/<user>/sparxlab/bench/results/soak/20260823-070922-tp2-mia-soak-adversarial.csv
=== c=1 repeat=1 (draftable) ===
{
  "concurrency": 1,
  "requests_ok": 42,
  "requests_err": 0,
  "first_error_ts": "",
  "tokens_in_window": 1691,
  "window_s": 120,
  "aggregate_tok_s": 14.09,
  "decode_tok_s_median": 65.42,
  "prefill_tok_s_median": 367.25,
  "per_stream_wall_tok_s_median": 56.46,
  "ttft_p50_ms": 330.0,
  "ttft_p95_ms": 348.0,
  "ttft_samples": 42,
  "itl_p50_ms": 64.4,
  "token_source": "usage",
  "skipped_sse_lines": 0,
  "truncated_streams": 0,
  "power_w_max": "",
  "power_w_mean": "",
  "temp_c_max": "",
  "mem_used_mib_max": "",
  "sm_clock_min": "",
  "sm_clock_max": "",
  "throttle_seen": "",
  "gpu_samples": 0,
  "timestamp_utc": "2026-08-23T07:15:52.875087+00:00",
  "git_hash": "",
  "engine": "tp2-mia-soak",
  "engine_config": "SOAK-cycle47",
  "workload": "draftable",
  "model": "deepseek-v4-flash-dspark",
  "repeat": 1,
  "max_tokens": 512,
  "temperature": 1.0,
  "top_p": 0.95
}

results -> /Users/<user>/sparxlab/bench/results/soak/20260823-071340-tp2-mia-soak-draftable.csv
=== c=8 repeat=1 (draftable) ===
{
  "concurrency": 8,
  "requests_ok": 283,
  "requests_err": 0,
  "first_error_ts": "",
  "tokens_in_window": 10851,
  "window_s": 300,
  "aggregate_tok_s": 36.17,
  "decode_tok_s_median": 20.62,
  "prefill_tok_s_median": 172.58,
  "per_stream_wall_tok_s_median": 18.39,
  "ttft_p50_ms": 693.0,
  "ttft_p95_ms": 841.0,
  "ttft_samples": 283,
  "itl_p50_ms": 189.4,
  "token_source": "usage",
  "skipped_sse_lines": 0,
  "truncated_streams": 0,
  "power_w_max": "",
  "power_w_mean": "",
  "temp_c_max": "",
  "mem_used_mib_max": "",
  "sm_clock_min": "",
  "sm_clock_max": "",
  "throttle_seen": "",
  "gpu_samples": 0,
  "timestamp_utc": "2026-08-23T07:21:37.413052+00:00",
  "git_hash": "",
  "engine": "tp2-mia-soak",
  "engine_config": "SOAK-cycle47",
  "workload": "draftable",
  "model": "deepseek-v4-flash-dspark",
  "repeat": 1,
  "max_tokens": 512,
  "temperature": 1.0,
  "top_p": 0.95
}

results -> /Users/<user>/sparxlab/bench/results/soak/20260823-071623-tp2-mia-soak-draftable.csv
=== c=4 repeat=1 (draftable) ===
{
  "concurrency": 4,
  "requests_ok": 132,
  "requests_err": 0,
  "first_error_ts": "",
  "tokens_in_window": 4733,
  "window_s": 180,
  "aggregate_tok_s": 26.29,
  "decode_tok_s_median": 30.07,
  "prefill_tok_s_median": 231.25,
  "per_stream_wall_tok_s_median": 27.53,
  "ttft_p50_ms": 538.0,
  "ttft_p95_ms": 697.0,
  "ttft_samples": 132,
  "itl_p50_ms": 130.0,
  "token_source": "usage",
  "skipped_sse_lines": 0,
  "truncated_streams": 0,
  "power_w_max": "",
  "power_w_mean": "",
  "temp_c_max": "",
  "mem_used_mib_max": "",
  "sm_clock_min": "",
  "sm_clock_max": "",
  "throttle_seen": "",
  "gpu_samples": 0,
  "timestamp_utc": "2026-08-23T07:25:25.759526+00:00",
  "git_hash": "",
  "engine": "tp2-mia-soak",
  "engine_config": "SOAK-cycle47",
  "workload": "draftable",
  "model": "deepseek-v4-flash-dspark",
  "repeat": 1,
  "max_tokens": 512,
  "temperature": 1.0,
  "top_p": 0.95
}

results -> /Users/<user>/sparxlab/bench/results/soak/20260823-072207-tp2-mia-soak-draftable.csv
=== c=1 repeat=1 (adversarial) ===
{
  "concurrency": 1,
  "requests_ok": 8,
  "requests_err": 0,
  "first_error_ts": "",
  "tokens_in_window": 1892,
  "window_s": 120,
  "aggregate_tok_s": 15.77,
  "decode_tok_s_median": 34.22,
  "prefill_tok_s_median": 234.48,
  "per_stream_wall_tok_s_median": 33.6,
  "ttft_p50_ms": 264.0,
  "ttft_p95_ms": "",
  "ttft_samples": 8,
  "itl_p50_ms": 62.2,
  "token_source": "usage",
  "skipped_sse_lines": 0,
  "truncated_streams": 0,
  "power_w_max": "",
  "power_w_mean": "",
  "temp_c_max": "",
  "mem_used_mib_max": "",
  "sm_clock_min": "",
  "sm_clock_max": "",
  "throttle_seen": "",
  "gpu_samples": 0,
  "timestamp_utc": "2026-08-23T07:28:11.598565+00:00",
  "git_hash": "",
  "engine": "tp2-mia-soak",
  "engine_config": "SOAK-cycle48",
  "workload": "adversarial",
  "model": "deepseek-v4-flash-dspark",
  "repeat": 1,
  "max_tokens": 512,
  "temperature": 1.0,
  "top_p": 0.95
}

results -> /Users/<user>/sparxlab/bench/results/soak/20260823-072555-tp2-mia-soak-adversarial.csv
=== c=8 repeat=1 (adversarial) ===
{
  "concurrency": 8,
  "requests_ok": 64,
  "requests_err": 0,
  "first_error_ts": "",
  "tokens_in_window": 14471,
  "window_s": 300,
  "aggregate_tok_s": 48.24,
  "decode_tok_s_median": 12.89,
  "prefill_tok_s_median": 111.94,
  "per_stream_wall_tok_s_median": 12.73,
  "ttft_p50_ms": 576.0,
  "ttft_p95_ms": 667.0,
  "ttft_samples": 64,
  "itl_p50_ms": 161.9,
  "token_source": "usage",
  "skipped_sse_lines": 0,
  "truncated_streams": 0,
  "power_w_max": "",
  "power_w_mean": "",
  "temp_c_max": "",
  "mem_used_mib_max": "",
  "sm_clock_min": "",
  "sm_clock_max": "",
  "throttle_seen": "",
  "gpu_samples": 0,
  "timestamp_utc": "2026-08-23T07:34:49.270727+00:00",
  "git_hash": "",
  "engine": "tp2-mia-soak",
  "engine_config": "SOAK-cycle48",
  "workload": "adversarial",
  "model": "deepseek-v4-flash-dspark",
  "repeat": 1,
  "max_tokens": 512,
  "temperature": 1.0,
  "top_p": 0.95
}

results -> /Users/<user>/sparxlab/bench/results/soak/20260823-072841-tp2-mia-soak-adversarial.csv
=== c=4 repeat=1 (adversarial) ===
{
  "concurrency": 4,
  "requests_ok": 28,
  "requests_err": 0,
  "first_error_ts": "",
  "tokens_in_window": 6100,
  "window_s": 180,
  "aggregate_tok_s": 33.89,
  "decode_tok_s_median": 18.51,
  "prefill_tok_s_median": 145.45,
  "per_stream_wall_tok_s_median": 18.25,
  "ttft_p50_ms": 448.0,
  "ttft_p95_ms": 543.0,
  "ttft_samples": 28,
  "itl_p50_ms": 114.8,
  "token_source": "usage",
  "skipped_sse_lines": 0,
  "truncated_streams": 0,
  "power_w_max": "",
  "power_w_mean": "",
  "temp_c_max": "",
  "mem_used_mib_max": "",
  "sm_clock_min": "",
  "sm_clock_max": "",
  "throttle_seen": "",
  "gpu_samples": 0,
  "timestamp_utc": "2026-08-23T07:39:05.595207+00:00",
  "git_hash": "",
  "engine": "tp2-mia-soak",
  "engine_config": "SOAK-cycle48",
  "workload": "adversarial",
  "model": "deepseek-v4-flash-dspark",
  "repeat": 1,
  "max_tokens": 512,
  "temperature": 1.0,
  "top_p": 0.95
}

results -> /Users/<user>/sparxlab/bench/results/soak/20260823-073519-tp2-mia-soak-adversarial.csv
=== c=1 repeat=1 (draftable) ===
{
  "concurrency": 1,
  "requests_ok": 43,
  "requests_err": 0,
  "first_error_ts": "",
  "tokens_in_window": 1692,
  "window_s": 120,
  "aggregate_tok_s": 14.1,
  "decode_tok_s_median": 66.87,
  "prefill_tok_s_median": 367.02,
  "per_stream_wall_tok_s_median": 57.82,
  "ttft_p50_ms": 326.0,
  "ttft_p95_ms": 348.0,
  "ttft_samples": 43,
  "itl_p50_ms": 64.7,
  "token_source": "usage",
  "skipped_sse_lines": 0,
  "truncated_streams": 0,
  "power_w_max": "",
  "power_w_mean": "",
  "temp_c_max": "",
  "mem_used_mib_max": "",
  "sm_clock_min": "",
  "sm_clock_max": "",
  "throttle_seen": "",
  "gpu_samples": 0,
  "timestamp_utc": "2026-08-23T07:41:41.543123+00:00",
  "git_hash": "",
  "engine": "tp2-mia-soak",
  "engine_config": "SOAK-cycle49",
  "workload": "draftable",
  "model": "deepseek-v4-flash-dspark",
  "repeat": 1,
  "max_tokens": 512,
  "temperature": 1.0,
  "top_p": 0.95
}

results -> /Users/<user>/sparxlab/bench/results/soak/20260823-073935-tp2-mia-soak-draftable.csv
=== c=8 repeat=1 (draftable) ===
{
  "concurrency": 8,
  "requests_ok": 292,
  "requests_err": 0,
  "first_error_ts": "",
  "tokens_in_window": 10840,
  "window_s": 300,
  "aggregate_tok_s": 36.13,
  "decode_tok_s_median": 20.82,
  "prefill_tok_s_median": 172.16,
  "per_stream_wall_tok_s_median": 18.64,
  "ttft_p50_ms": 692.0,
  "ttft_p95_ms": 836.0,
  "ttft_samples": 292,
  "itl_p50_ms": 188.7,
  "token_source": "usage",
  "skipped_sse_lines": 0,
  "truncated_streams": 0,
  "power_w_max": "",
  "power_w_mean": "",
  "temp_c_max": "",
  "mem_used_mib_max": "",
  "sm_clock_min": "",
  "sm_clock_max": "",
  "throttle_seen": "",
  "gpu_samples": 0,
  "timestamp_utc": "2026-08-23T07:47:32.298634+00:00",
  "git_hash": "",
  "engine": "tp2-mia-soak",
  "engine_config": "SOAK-cycle49",
  "workload": "draftable",
  "model": "deepseek-v4-flash-dspark",
  "repeat": 1,
  "max_tokens": 512,
  "temperature": 1.0,
  "top_p": 0.95
}

results -> /Users/<user>/sparxlab/bench/results/soak/20260823-074211-tp2-mia-soak-draftable.csv
=== c=4 repeat=1 (draftable) ===
{
  "concurrency": 4,
  "requests_ok": 133,
  "requests_err": 0,
  "first_error_ts": "",
  "tokens_in_window": 4747,
  "window_s": 180,
  "aggregate_tok_s": 26.37,
  "decode_tok_s_median": 31.01,
  "prefill_tok_s_median": 234.87,
  "per_stream_wall_tok_s_median": 27.45,
  "ttft_p50_ms": 533.0,
  "ttft_p95_ms": 690.0,
  "ttft_samples": 133,
  "itl_p50_ms": 129.6,
  "token_source": "usage",
  "skipped_sse_lines": 0,
  "truncated_streams": 0,
  "power_w_max": "",
  "power_w_mean": "",
  "temp_c_max": "",
  "mem_used_mib_max": "",
  "sm_clock_min": "",
  "sm_clock_max": "",
  "throttle_seen": "",
  "gpu_samples": 0,
  "timestamp_utc": "2026-08-23T07:51:20.881742+00:00",
  "git_hash": "",
  "engine": "tp2-mia-soak",
  "engine_config": "SOAK-cycle49",
  "workload": "draftable",
  "model": "deepseek-v4-flash-dspark",
  "repeat": 1,
  "max_tokens": 512,
  "temperature": 1.0,
  "top_p": 0.95
}

results -> /Users/<user>/sparxlab/bench/results/soak/20260823-074802-tp2-mia-soak-draftable.csv
=== c=1 repeat=1 (adversarial) ===
{
  "concurrency": 1,
  "requests_ok": 9,
  "requests_err": 0,
  "first_error_ts": "",
  "tokens_in_window": 1893,
  "window_s": 120,
  "aggregate_tok_s": 15.78,
  "decode_tok_s_median": 35.38,
  "prefill_tok_s_median": 244.24,
  "per_stream_wall_tok_s_median": 34.8,
  "ttft_p50_ms": 260.0,
  "ttft_p95_ms": "",
  "ttft_samples": 9,
  "itl_p50_ms": 62.2,
  "token_source": "usage",
  "skipped_sse_lines": 0,
  "truncated_streams": 0,
  "power_w_max": "",
  "power_w_mean": "",
  "temp_c_max": "",
  "mem_used_mib_max": "",
  "sm_clock_min": "",
  "sm_clock_max": "",
  "throttle_seen": "",
  "gpu_samples": 0,
  "timestamp_utc": "2026-08-23T07:54:18.697770+00:00",
  "git_hash": "",
  "engine": "tp2-mia-soak",
  "engine_config": "SOAK-cycle50",
  "workload": "adversarial",
  "model": "deepseek-v4-flash-dspark",
  "repeat": 1,
  "max_tokens": 512,
  "temperature": 1.0,
  "top_p": 0.95
}

results -> /Users/<user>/sparxlab/bench/results/soak/20260823-075151-tp2-mia-soak-adversarial.csv
=== c=8 repeat=1 (adversarial) ===
{
  "concurrency": 8,
  "requests_ok": 64,
  "requests_err": 0,
  "first_error_ts": "",
  "tokens_in_window": 14447,
  "window_s": 300,
  "aggregate_tok_s": 48.16,
  "decode_tok_s_median": 13.03,
  "prefill_tok_s_median": 111.99,
  "per_stream_wall_tok_s_median": 12.87,
  "ttft_p50_ms": 576.0,
  "ttft_p95_ms": 651.0,
  "ttft_samples": 64,
  "itl_p50_ms": 162.2,
  "token_source": "usage",
  "skipped_sse_lines": 0,
  "truncated_streams": 0,
  "power_w_max": "",
  "power_w_mean": "",
  "temp_c_max": "",
  "mem_used_mib_max": "",
  "sm_clock_min": "",
  "sm_clock_max": "",
  "throttle_seen": "",
  "gpu_samples": 0,
  "timestamp_utc": "2026-08-23T08:00:53.072004+00:00",
  "git_hash": "",
  "engine": "tp2-mia-soak",
  "engine_config": "SOAK-cycle50",
  "workload": "adversarial",
  "model": "deepseek-v4-flash-dspark",
  "repeat": 1,
  "max_tokens": 512,
  "temperature": 1.0,
  "top_p": 0.95
}

results -> /Users/<user>/sparxlab/bench/results/soak/20260823-075448-tp2-mia-soak-adversarial.csv
=== c=4 repeat=1 (adversarial) ===
{
  "concurrency": 4,
  "requests_ok": 28,
  "requests_err": 0,
  "first_error_ts": "",
  "tokens_in_window": 6067,
  "window_s": 180,
  "aggregate_tok_s": 33.71,
  "decode_tok_s_median": 18.16,
  "prefill_tok_s_median": 140.41,
  "per_stream_wall_tok_s_median": 17.88,
  "ttft_p50_ms": 455.0,
  "ttft_p95_ms": 656.0,
  "ttft_samples": 28,
  "itl_p50_ms": 115.0,
  "token_source": "usage",
  "skipped_sse_lines": 0,
  "truncated_streams": 0,
  "power_w_max": "",
  "power_w_mean": "",
  "temp_c_max": "",
  "mem_used_mib_max": "",
  "sm_clock_min": "",
  "sm_clock_max": "",
  "throttle_seen": "",
  "gpu_samples": 0,
  "timestamp_utc": "2026-08-23T08:05:14.545948+00:00",
  "git_hash": "",
  "engine": "tp2-mia-soak",
  "engine_config": "SOAK-cycle50",
  "workload": "adversarial",
  "model": "deepseek-v4-flash-dspark",
  "repeat": 1,
  "max_tokens": 512,
  "temperature": 1.0,
  "top_p": 0.95
}

results -> /Users/<user>/sparxlab/bench/results/soak/20260823-080123-tp2-mia-soak-adversarial.csv
=== c=1 repeat=1 (draftable) ===
{
  "concurrency": 1,
  "requests_ok": 39,
  "requests_err": 0,
  "first_error_ts": "",
  "tokens_in_window": 1715,
  "window_s": 120,
  "aggregate_tok_s": 14.29,
  "decode_tok_s_median": 67.84,
  "prefill_tok_s_median": 369.61,
  "per_stream_wall_tok_s_median": 61.22,
  "ttft_p50_ms": 325.0,
  "ttft_p95_ms": 344.0,
  "ttft_samples": 39,
  "itl_p50_ms": 64.6,
  "token_source": "usage",
  "skipped_sse_lines": 0,
  "truncated_streams": 0,
  "power_w_max": "",
  "power_w_mean": "",
  "temp_c_max": "",
  "mem_used_mib_max": "",
  "sm_clock_min": "",
  "sm_clock_max": "",
  "throttle_seen": "",
  "gpu_samples": 0,
  "timestamp_utc": "2026-08-23T08:07:56.536781+00:00",
  "git_hash": "",
  "engine": "tp2-mia-soak",
  "engine_config": "SOAK-cycle51",
  "workload": "draftable",
  "model": "deepseek-v4-flash-dspark",
  "repeat": 1,
  "max_tokens": 512,
  "temperature": 1.0,
  "top_p": 0.95
}

results -> /Users/<user>/sparxlab/bench/results/soak/20260823-080544-tp2-mia-soak-draftable.csv
=== c=8 repeat=1 (draftable) ===
{
  "concurrency": 8,
  "requests_ok": 299,
  "requests_err": 0,
  "first_error_ts": "",
  "tokens_in_window": 10783,
  "window_s": 300,
  "aggregate_tok_s": 35.94,
  "decode_tok_s_median": 20.52,
  "prefill_tok_s_median": 170.39,
  "per_stream_wall_tok_s_median": 18.46,
  "ttft_p50_ms": 692.0,
  "ttft_p95_ms": 855.0,
  "ttft_samples": 299,
  "itl_p50_ms": 188.5,
  "token_source": "usage",
  "skipped_sse_lines": 0,
  "truncated_streams": 0,
  "power_w_max": "",
  "power_w_mean": "",
  "temp_c_max": "",
  "mem_used_mib_max": "",
  "sm_clock_min": "",
  "sm_clock_max": "",
  "throttle_seen": "",
  "gpu_samples": 0,
  "timestamp_utc": "2026-08-23T08:13:46.066649+00:00",
  "git_hash": "",
  "engine": "tp2-mia-soak",
  "engine_config": "SOAK-cycle51",
  "workload": "draftable",
  "model": "deepseek-v4-flash-dspark",
  "repeat": 1,
  "max_tokens": 512,
  "temperature": 1.0,
  "top_p": 0.95
}

results -> /Users/<user>/sparxlab/bench/results/soak/20260823-080826-tp2-mia-soak-draftable.csv
=== c=4 repeat=1 (draftable) ===
{
  "concurrency": 4,
  "requests_ok": 133,
  "requests_err": 0,
  "first_error_ts": "",
  "tokens_in_window": 4741,
  "window_s": 180,
  "aggregate_tok_s": 26.34,
  "decode_tok_s_median": 30.85,
  "prefill_tok_s_median": 225.07,
  "per_stream_wall_tok_s_median": 26.98,
  "ttft_p50_ms": 537.0,
  "ttft_p95_ms": 699.0,
  "ttft_samples": 133,
  "itl_p50_ms": 130.2,
  "token_source": "usage",
  "skipped_sse_lines": 0,
  "truncated_streams": 0,
  "power_w_max": "",
  "power_w_mean": "",
  "temp_c_max": "",
  "mem_used_mib_max": "",
  "sm_clock_min": "",
  "sm_clock_max": "",
  "throttle_seen": "",
  "gpu_samples": 0,
  "timestamp_utc": "2026-08-23T08:17:34.165351+00:00",
  "git_hash": "",
  "engine": "tp2-mia-soak",
  "engine_config": "SOAK-cycle51",
  "workload": "draftable",
  "model": "deepseek-v4-flash-dspark",
  "repeat": 1,
  "max_tokens": 512,
  "temperature": 1.0,
  "top_p": 0.95
}

results -> /Users/<user>/sparxlab/bench/results/soak/20260823-081416-tp2-mia-soak-draftable.csv
=== c=1 repeat=1 (adversarial) ===
{
  "concurrency": 1,
  "requests_ok": 8,
  "requests_err": 0,
  "first_error_ts": "",
  "tokens_in_window": 1888,
  "window_s": 120,
  "aggregate_tok_s": 15.73,
  "decode_tok_s_median": 33.67,
  "prefill_tok_s_median": 219.98,
  "per_stream_wall_tok_s_median": 33.13,
  "ttft_p50_ms": 258.0,
  "ttft_p95_ms": "",
  "ttft_samples": 8,
  "itl_p50_ms": 62.3,
  "token_source": "usage",
  "skipped_sse_lines": 0,
  "truncated_streams": 0,
  "power_w_max": "",
  "power_w_mean": "",
  "temp_c_max": "",
  "mem_used_mib_max": "",
  "sm_clock_min": "",
  "sm_clock_max": "",
  "throttle_seen": "",
  "gpu_samples": 0,
  "timestamp_utc": "2026-08-23T08:20:22.088385+00:00",
  "git_hash": "",
  "engine": "tp2-mia-soak",
  "engine_config": "SOAK-cycle52",
  "workload": "adversarial",
  "model": "deepseek-v4-flash-dspark",
  "repeat": 1,
  "max_tokens": 512,
  "temperature": 1.0,
  "top_p": 0.95
}

results -> /Users/<user>/sparxlab/bench/results/soak/20260823-081804-tp2-mia-soak-adversarial.csv
=== c=8 repeat=1 (adversarial) ===
{
  "concurrency": 8,
  "requests_ok": 64,
  "requests_err": 0,
  "first_error_ts": "",
  "tokens_in_window": 14433,
  "window_s": 300,
  "aggregate_tok_s": 48.11,
  "decode_tok_s_median": 12.95,
  "prefill_tok_s_median": 108.56,
  "per_stream_wall_tok_s_median": 12.8,
  "ttft_p50_ms": 586.0,
  "ttft_p95_ms": 682.0,
  "ttft_samples": 64,
  "itl_p50_ms": 162.1,
  "token_source": "usage",
  "skipped_sse_lines": 0,
  "truncated_streams": 0,
  "power_w_max": "",
  "power_w_mean": "",
  "temp_c_max": "",
  "mem_used_mib_max": "",
  "sm_clock_min": "",
  "sm_clock_max": "",
  "throttle_seen": "",
  "gpu_samples": 0,
  "timestamp_utc": "2026-08-23T08:26:56.235446+00:00",
  "git_hash": "",
  "engine": "tp2-mia-soak",
  "engine_config": "SOAK-cycle52",
  "workload": "adversarial",
  "model": "deepseek-v4-flash-dspark",
  "repeat": 1,
  "max_tokens": 512,
  "temperature": 1.0,
  "top_p": 0.95
}

results -> /Users/<user>/sparxlab/bench/results/soak/20260823-082052-tp2-mia-soak-adversarial.csv
=== c=4 repeat=1 (adversarial) ===
{
  "concurrency": 4,
  "requests_ok": 28,
  "requests_err": 0,
  "first_error_ts": "",
  "tokens_in_window": 6081,
  "window_s": 180,
  "aggregate_tok_s": 33.78,
  "decode_tok_s_median": 18.43,
  "prefill_tok_s_median": 140.85,
  "per_stream_wall_tok_s_median": 18.13,
  "ttft_p50_ms": 453.0,
  "ttft_p95_ms": 583.0,
  "ttft_samples": 28,
  "itl_p50_ms": 115.4,
  "token_source": "usage",
  "skipped_sse_lines": 0,
  "truncated_streams": 0,
  "power_w_max": "",
  "power_w_mean": "",
  "temp_c_max": "",
  "mem_used_mib_max": "",
  "sm_clock_min": "",
  "sm_clock_max": "",
  "throttle_seen": "",
  "gpu_samples": 0,
  "timestamp_utc": "2026-08-23T08:31:15.294903+00:00",
  "git_hash": "",
  "engine": "tp2-mia-soak",
  "engine_config": "SOAK-cycle52",
  "workload": "adversarial",
  "model": "deepseek-v4-flash-dspark",
  "repeat": 1,
  "max_tokens": 512,
  "temperature": 1.0,
  "top_p": 0.95
}

results -> /Users/<user>/sparxlab/bench/results/soak/20260823-082726-tp2-mia-soak-adversarial.csv
=== c=1 repeat=1 (draftable) ===
{
  "concurrency": 1,
  "requests_ok": 36,
  "requests_err": 0,
  "first_error_ts": "",
  "tokens_in_window": 1723,
  "window_s": 120,
  "aggregate_tok_s": 14.36,
  "decode_tok_s_median": 68.6,
  "prefill_tok_s_median": 368.71,
  "per_stream_wall_tok_s_median": 60.47,
  "ttft_p50_ms": 326.0,
  "ttft_p95_ms": 346.0,
  "ttft_samples": 36,
  "itl_p50_ms": 64.6,
  "token_source": "usage",
  "skipped_sse_lines": 0,
  "truncated_streams": 0,
  "power_w_max": "",
  "power_w_mean": "",
  "temp_c_max": "",
  "mem_used_mib_max": "",
  "sm_clock_min": "",
  "sm_clock_max": "",
  "throttle_seen": "",
  "gpu_samples": 0,
  "timestamp_utc": "2026-08-23T08:33:52.526790+00:00",
  "git_hash": "",
  "engine": "tp2-mia-soak",
  "engine_config": "SOAK-cycle53",
  "workload": "draftable",
  "model": "deepseek-v4-flash-dspark",
  "repeat": 1,
  "max_tokens": 512,
  "temperature": 1.0,
  "top_p": 0.95
}

results -> /Users/<user>/sparxlab/bench/results/soak/20260823-083145-tp2-mia-soak-draftable.csv
=== c=8 repeat=1 (draftable) ===
{
  "concurrency": 8,
  "requests_ok": 287,
  "requests_err": 0,
  "first_error_ts": "",
  "tokens_in_window": 10804,
  "window_s": 300,
  "aggregate_tok_s": 36.01,
  "decode_tok_s_median": 20.41,
  "prefill_tok_s_median": 171.49,
  "per_stream_wall_tok_s_median": 18.3,
  "ttft_p50_ms": 695.0,
  "ttft_p95_ms": 835.0,
  "ttft_samples": 287,
  "itl_p50_ms": 188.9,
  "token_source": "usage",
  "skipped_sse_lines": 0,
  "truncated_streams": 0,
  "power_w_max": "",
  "power_w_mean": "",
  "temp_c_max": "",
  "mem_used_mib_max": "",
  "sm_clock_min": "",
  "sm_clock_max": "",
  "throttle_seen": "",
  "gpu_samples": 0,
  "timestamp_utc": "2026-08-23T08:39:44.516648+00:00",
  "git_hash": "",
  "engine": "tp2-mia-soak",
  "engine_config": "SOAK-cycle53",
  "workload": "draftable",
  "model": "deepseek-v4-flash-dspark",
  "repeat": 1,
  "max_tokens": 512,
  "temperature": 1.0,
  "top_p": 0.95
}

results -> /Users/<user>/sparxlab/bench/results/soak/20260823-083422-tp2-mia-soak-draftable.csv
=== c=4 repeat=1 (draftable) ===
{
  "concurrency": 4,
  "requests_ok": 131,
  "requests_err": 0,
  "first_error_ts": "",
  "tokens_in_window": 4706,
  "window_s": 180,
  "aggregate_tok_s": 26.14,
  "decode_tok_s_median": 30.8,
  "prefill_tok_s_median": 238.2,
  "per_stream_wall_tok_s_median": 26.65,
  "ttft_p50_ms": 537.0,
  "ttft_p95_ms": 689.0,
  "ttft_samples": 131,
  "itl_p50_ms": 130.5,
  "token_source": "usage",
  "skipped_sse_lines": 0,
  "truncated_streams": 0,
  "power_w_max": "",
  "power_w_mean": "",
  "temp_c_max": "",
  "mem_used_mib_max": "",
  "sm_clock_min": "",
  "sm_clock_max": "",
  "throttle_seen": "",
  "gpu_samples": 0,
  "timestamp_utc": "2026-08-23T08:43:32.202402+00:00",
  "git_hash": "",
  "engine": "tp2-mia-soak",
  "engine_config": "SOAK-cycle53",
  "workload": "draftable",
  "model": "deepseek-v4-flash-dspark",
  "repeat": 1,
  "max_tokens": 512,
  "temperature": 1.0,
  "top_p": 0.95
}

results -> /Users/<user>/sparxlab/bench/results/soak/20260823-084014-tp2-mia-soak-draftable.csv
=== c=1 repeat=1 (adversarial) ===
{
  "concurrency": 1,
  "requests_ok": 9,
  "requests_err": 0,
  "first_error_ts": "",
  "tokens_in_window": 1885,
  "window_s": 120,
  "aggregate_tok_s": 15.71,
  "decode_tok_s_median": 34.53,
  "prefill_tok_s_median": 243.2,
  "per_stream_wall_tok_s_median": 33.93,
  "ttft_p50_ms": 268.0,
  "ttft_p95_ms": "",
  "ttft_samples": 9,
  "itl_p50_ms": 62.0,
  "token_source": "usage",
  "skipped_sse_lines": 0,
  "truncated_streams": 0,
  "power_w_max": "",
  "power_w_mean": "",
  "temp_c_max": "",
  "mem_used_mib_max": "",
  "sm_clock_min": "",
  "sm_clock_max": "",
  "throttle_seen": "",
  "gpu_samples": 0,
  "timestamp_utc": "2026-08-23T08:46:29.232936+00:00",
  "git_hash": "",
  "engine": "tp2-mia-soak",
  "engine_config": "SOAK-cycle54",
  "workload": "adversarial",
  "model": "deepseek-v4-flash-dspark",
  "repeat": 1,
  "max_tokens": 512,
  "temperature": 1.0,
  "top_p": 0.95
}

results -> /Users/<user>/sparxlab/bench/results/soak/20260823-084402-tp2-mia-soak-adversarial.csv
=== c=8 repeat=1 (adversarial) ===
{
  "concurrency": 8,
  "requests_ok": 64,
  "requests_err": 0,
  "first_error_ts": "",
  "tokens_in_window": 14425,
  "window_s": 300,
  "aggregate_tok_s": 48.08,
  "decode_tok_s_median": 13.23,
  "prefill_tok_s_median": 109.45,
  "per_stream_wall_tok_s_median": 13.05,
  "ttft_p50_ms": 588.0,
  "ttft_p95_ms": 659.0,
  "ttft_samples": 64,
  "itl_p50_ms": 162.0,
  "token_source": "usage",
  "skipped_sse_lines": 0,
  "truncated_streams": 0,
  "power_w_max": "",
  "power_w_mean": "",
  "temp_c_max": "",
  "mem_used_mib_max": "",
  "sm_clock_min": "",
  "sm_clock_max": "",
  "throttle_seen": "",
  "gpu_samples": 0,
  "timestamp_utc": "2026-08-23T08:52:58.371439+00:00",
  "git_hash": "",
  "engine": "tp2-mia-soak",
  "engine_config": "SOAK-cycle54",
  "workload": "adversarial",
  "model": "deepseek-v4-flash-dspark",
  "repeat": 1,
  "max_tokens": 512,
  "temperature": 1.0,
  "top_p": 0.95
}

results -> /Users/<user>/sparxlab/bench/results/soak/20260823-084659-tp2-mia-soak-adversarial.csv
=== c=4 repeat=1 (adversarial) ===
{
  "concurrency": 4,
  "requests_ok": 28,
  "requests_err": 0,
  "first_error_ts": "",
  "tokens_in_window": 6108,
  "window_s": 180,
  "aggregate_tok_s": 33.93,
  "decode_tok_s_median": 18.08,
  "prefill_tok_s_median": 146.78,
  "per_stream_wall_tok_s_median": 17.87,
  "ttft_p50_ms": 445.0,
  "ttft_p95_ms": 479.0,
  "ttft_samples": 28,
  "itl_p50_ms": 114.8,
  "token_source": "usage",
  "skipped_sse_lines": 0,
  "truncated_streams": 0,
  "power_w_max": "",
  "power_w_mean": "",
  "temp_c_max": "",
  "mem_used_mib_max": "",
  "sm_clock_min": "",
  "sm_clock_max": "",
  "throttle_seen": "",
  "gpu_samples": 0,
  "timestamp_utc": "2026-08-23T08:57:18.336114+00:00",
  "git_hash": "",
  "engine": "tp2-mia-soak",
  "engine_config": "SOAK-cycle54",
  "workload": "adversarial",
  "model": "deepseek-v4-flash-dspark",
  "repeat": 1,
  "max_tokens": 512,
  "temperature": 1.0,
  "top_p": 0.95
}

results -> /Users/<user>/sparxlab/bench/results/soak/20260823-085328-tp2-mia-soak-adversarial.csv
=== c=1 repeat=1 (draftable) ===
{
  "concurrency": 1,
  "requests_ok": 44,
  "requests_err": 0,
  "first_error_ts": "",
  "tokens_in_window": 1677,
  "window_s": 120,
  "aggregate_tok_s": 13.97,
  "decode_tok_s_median": 66.62,
  "prefill_tok_s_median": 366.61,
  "per_stream_wall_tok_s_median": 57.07,
  "ttft_p50_ms": 325.0,
  "ttft_p95_ms": 351.0,
  "ttft_samples": 44,
  "itl_p50_ms": 64.4,
  "token_source": "usage",
  "skipped_sse_lines": 0,
  "truncated_streams": 0,
  "power_w_max": "",
  "power_w_mean": "",
  "temp_c_max": "",
  "mem_used_mib_max": "",
  "sm_clock_min": "",
  "sm_clock_max": "",
  "throttle_seen": "",
  "gpu_samples": 0,
  "timestamp_utc": "2026-08-23T08:59:56.792256+00:00",
  "git_hash": "",
  "engine": "tp2-mia-soak",
  "engine_config": "SOAK-cycle55",
  "workload": "draftable",
  "model": "deepseek-v4-flash-dspark",
  "repeat": 1,
  "max_tokens": 512,
  "temperature": 1.0,
  "top_p": 0.95
}

results -> /Users/<user>/sparxlab/bench/results/soak/20260823-085748-tp2-mia-soak-draftable.csv
=== c=8 repeat=1 (draftable) ===
{
  "concurrency": 8,
  "requests_ok": 288,
  "requests_err": 0,
  "first_error_ts": "",
  "tokens_in_window": 10754,
  "window_s": 300,
  "aggregate_tok_s": 35.85,
  "decode_tok_s_median": 20.48,
  "prefill_tok_s_median": 168.58,
  "per_stream_wall_tok_s_median": 18.48,
  "ttft_p50_ms": 698.0,
  "ttft_p95_ms": 839.0,
  "ttft_samples": 288,
  "itl_p50_ms": 189.2,
  "token_source": "usage",
  "skipped_sse_lines": 0,
  "truncated_streams": 0,
  "power_w_max": "",
  "power_w_mean": "",
  "temp_c_max": "",
  "mem_used_mib_max": "",
  "sm_clock_min": "",
  "sm_clock_max": "",
  "throttle_seen": "",
  "gpu_samples": 0,
  "timestamp_utc": "2026-08-23T09:05:46.547813+00:00",
  "git_hash": "",
  "engine": "tp2-mia-soak",
  "engine_config": "SOAK-cycle55",
  "workload": "draftable",
  "model": "deepseek-v4-flash-dspark",
  "repeat": 1,
  "max_tokens": 512,
  "temperature": 1.0,
  "top_p": 0.95
}

results -> /Users/<user>/sparxlab/bench/results/soak/20260823-090026-tp2-mia-soak-draftable.csv
=== c=4 repeat=1 (draftable) ===
{
  "concurrency": 4,
  "requests_ok": 133,
  "requests_err": 0,
  "first_error_ts": "",
  "tokens_in_window": 4745,
  "window_s": 180,
  "aggregate_tok_s": 26.36,
  "decode_tok_s_median": 30.04,
  "prefill_tok_s_median": 237.7,
  "per_stream_wall_tok_s_median": 26.63,
  "ttft_p50_ms": 532.0,
  "ttft_p95_ms": 682.0,
  "ttft_samples": 133,
  "itl_p50_ms": 129.4,
  "token_source": "usage",
  "skipped_sse_lines": 0,
  "truncated_streams": 0,
  "power_w_max": "",
  "power_w_mean": "",
  "temp_c_max": "",
  "mem_used_mib_max": "",
  "sm_clock_min": "",
  "sm_clock_max": "",
  "throttle_seen": "",
  "gpu_samples": 0,
  "timestamp_utc": "2026-08-23T09:09:36.887679+00:00",
  "git_hash": "",
  "engine": "tp2-mia-soak",
  "engine_config": "SOAK-cycle55",
  "workload": "draftable",
  "model": "deepseek-v4-flash-dspark",
  "repeat": 1,
  "max_tokens": 512,
  "temperature": 1.0,
  "top_p": 0.95
}

results -> /Users/<user>/sparxlab/bench/results/soak/20260823-090616-tp2-mia-soak-draftable.csv
=== c=1 repeat=1 (adversarial) ===
{
  "concurrency": 1,
  "requests_ok": 9,
  "requests_err": 0,
  "first_error_ts": "",
  "tokens_in_window": 1884,
  "window_s": 120,
  "aggregate_tok_s": 15.7,
  "decode_tok_s_median": 34.93,
  "prefill_tok_s_median": 254.05,
  "per_stream_wall_tok_s_median": 34.42,
  "ttft_p50_ms": 269.0,
  "ttft_p95_ms": "",
  "ttft_samples": 9,
  "itl_p50_ms": 62.2,
  "token_source": "usage",
  "skipped_sse_lines": 0,
  "truncated_streams": 0,
  "power_w_max": "",
  "power_w_mean": "",
  "temp_c_max": "",
  "mem_used_mib_max": "",
  "sm_clock_min": "",
  "sm_clock_max": "",
  "throttle_seen": "",
  "gpu_samples": 0,
  "timestamp_utc": "2026-08-23T09:12:33.956499+00:00",
  "git_hash": "",
  "engine": "tp2-mia-soak",
  "engine_config": "SOAK-cycle56",
  "workload": "adversarial",
  "model": "deepseek-v4-flash-dspark",
  "repeat": 1,
  "max_tokens": 512,
  "temperature": 1.0,
  "top_p": 0.95
}

results -> /Users/<user>/sparxlab/bench/results/soak/20260823-091007-tp2-mia-soak-adversarial.csv
=== c=8 repeat=1 (adversarial) ===
{
  "concurrency": 8,
  "requests_ok": 64,
  "requests_err": 0,
  "first_error_ts": "",
  "tokens_in_window": 14428,
  "window_s": 300,
  "aggregate_tok_s": 48.09,
  "decode_tok_s_median": 13.05,
  "prefill_tok_s_median": 107.92,
  "per_stream_wall_tok_s_median": 12.94,
  "ttft_p50_ms": 585.0,
  "ttft_p95_ms": 699.0,
  "ttft_samples": 64,
  "itl_p50_ms": 162.1,
  "token_source": "usage",
  "skipped_sse_lines": 0,
  "truncated_streams": 0,
  "power_w_max": "",
  "power_w_mean": "",
  "temp_c_max": "",
  "mem_used_mib_max": "",
  "sm_clock_min": "",
  "sm_clock_max": "",
  "throttle_seen": "",
  "gpu_samples": 0,
  "timestamp_utc": "2026-08-23T09:19:03.442413+00:00",
  "git_hash": "",
  "engine": "tp2-mia-soak",
  "engine_config": "SOAK-cycle56",
  "workload": "adversarial",
  "model": "deepseek-v4-flash-dspark",
  "repeat": 1,
  "max_tokens": 512,
  "temperature": 1.0,
  "top_p": 0.95
}

results -> /Users/<user>/sparxlab/bench/results/soak/20260823-091304-tp2-mia-soak-adversarial.csv
=== c=4 repeat=1 (adversarial) ===
{
  "concurrency": 4,
  "requests_ok": 28,
  "requests_err": 0,
  "first_error_ts": "",
  "tokens_in_window": 6099,
  "window_s": 180,
  "aggregate_tok_s": 33.88,
  "decode_tok_s_median": 18.3,
  "prefill_tok_s_median": 145.99,
  "per_stream_wall_tok_s_median": 18.07,
  "ttft_p50_ms": 440.0,
  "ttft_p95_ms": 458.0,
  "ttft_samples": 28,
  "itl_p50_ms": 114.6,
  "token_source": "usage",
  "skipped_sse_lines": 0,
  "truncated_streams": 0,
  "power_w_max": "",
  "power_w_mean": "",
  "temp_c_max": "",
  "mem_used_mib_max": "",
  "sm_clock_min": "",
  "sm_clock_max": "",
  "throttle_seen": "",
  "gpu_samples": 0,
  "timestamp_utc": "2026-08-23T09:23:25.034399+00:00",
  "git_hash": "",
  "engine": "tp2-mia-soak",
  "engine_config": "SOAK-cycle56",
  "workload": "adversarial",
  "model": "deepseek-v4-flash-dspark",
  "repeat": 1,
  "max_tokens": 512,
  "temperature": 1.0,
  "top_p": 0.95
}

results -> /Users/<user>/sparxlab/bench/results/soak/20260823-091933-tp2-mia-soak-adversarial.csv
=== c=1 repeat=1 (draftable) ===
{
  "concurrency": 1,
  "requests_ok": 39,
  "requests_err": 0,
  "first_error_ts": "",
  "tokens_in_window": 1712,
  "window_s": 120,
  "aggregate_tok_s": 14.27,
  "decode_tok_s_median": 67.88,
  "prefill_tok_s_median": 364.51,
  "per_stream_wall_tok_s_median": 57.07,
  "ttft_p50_ms": 324.0,
  "ttft_p95_ms": 351.0,
  "ttft_samples": 39,
  "itl_p50_ms": 64.6,
  "token_source": "usage",
  "skipped_sse_lines": 0,
  "truncated_streams": 0,
  "power_w_max": "",
  "power_w_mean": "",
  "temp_c_max": "",
  "mem_used_mib_max": "",
  "sm_clock_min": "",
  "sm_clock_max": "",
  "throttle_seen": "",
  "gpu_samples": 0,
  "timestamp_utc": "2026-08-23T09:26:05.347039+00:00",
  "git_hash": "",
  "engine": "tp2-mia-soak",
  "engine_config": "SOAK-cycle57",
  "workload": "draftable",
  "model": "deepseek-v4-flash-dspark",
  "repeat": 1,
  "max_tokens": 512,
  "temperature": 1.0,
  "top_p": 0.95
}

results -> /Users/<user>/sparxlab/bench/results/soak/20260823-092355-tp2-mia-soak-draftable.csv
=== c=8 repeat=1 (draftable) ===
{
  "concurrency": 8,
  "requests_ok": 290,
  "requests_err": 0,
  "first_error_ts": "",
  "tokens_in_window": 10775,
  "window_s": 300,
  "aggregate_tok_s": 35.92,
  "decode_tok_s_median": 20.36,
  "prefill_tok_s_median": 173.44,
  "per_stream_wall_tok_s_median": 18.19,
  "ttft_p50_ms": 693.0,
  "ttft_p95_ms": 828.0,
  "ttft_samples": 290,
  "itl_p50_ms": 190.2,
  "token_source": "usage",
  "skipped_sse_lines": 0,
  "truncated_streams": 0,
  "power_w_max": "",
  "power_w_mean": "",
  "temp_c_max": "",
  "mem_used_mib_max": "",
  "sm_clock_min": "",
  "sm_clock_max": "",
  "throttle_seen": "",
  "gpu_samples": 0,
  "timestamp_utc": "2026-08-23T09:31:51.725819+00:00",
  "git_hash": "",
  "engine": "tp2-mia-soak",
  "engine_config": "SOAK-cycle57",
  "workload": "draftable",
  "model": "deepseek-v4-flash-dspark",
  "repeat": 1,
  "max_tokens": 512,
  "temperature": 1.0,
  "top_p": 0.95
}

results -> /Users/<user>/sparxlab/bench/results/soak/20260823-092635-tp2-mia-soak-draftable.csv
=== c=4 repeat=1 (draftable) ===
{
  "concurrency": 4,
  "requests_ok": 139,
  "requests_err": 0,
  "first_error_ts": "",
  "tokens_in_window": 4666,
  "window_s": 180,
  "aggregate_tok_s": 25.92,
  "decode_tok_s_median": 30.63,
  "prefill_tok_s_median": 236.39,
  "per_stream_wall_tok_s_median": 26.99,
  "ttft_p50_ms": 537.0,
  "ttft_p95_ms": 689.0,
  "ttft_samples": 139,
  "itl_p50_ms": 130.9,
  "token_source": "usage",
  "skipped_sse_lines": 0,
  "truncated_streams": 0,
  "power_w_max": "",
  "power_w_mean": "",
  "temp_c_max": "",
  "mem_used_mib_max": "",
  "sm_clock_min": "",
  "sm_clock_max": "",
  "throttle_seen": "",
  "gpu_samples": 0,
  "timestamp_utc": "2026-08-23T09:35:33.308606+00:00",
  "git_hash": "",
  "engine": "tp2-mia-soak",
  "engine_config": "SOAK-cycle57",
  "workload": "draftable",
  "model": "deepseek-v4-flash-dspark",
  "repeat": 1,
  "max_tokens": 512,
  "temperature": 1.0,
  "top_p": 0.95
}

results -> /Users/<user>/sparxlab/bench/results/soak/20260823-093221-tp2-mia-soak-draftable.csv
=== c=1 repeat=1 (adversarial) ===
{
  "concurrency": 1,
  "requests_ok": 9,
  "requests_err": 0,
  "first_error_ts": "",
  "tokens_in_window": 1888,
  "window_s": 120,
  "aggregate_tok_s": 15.73,
  "decode_tok_s_median": 34.75,
  "prefill_tok_s_median": 233.06,
  "per_stream_wall_tok_s_median": 34.24,
  "ttft_p50_ms": 273.0,
  "ttft_p95_ms": "",
  "ttft_samples": 9,
  "itl_p50_ms": 62.2,
  "token_source": "usage",
  "skipped_sse_lines": 0,
  "truncated_streams": 0,
  "power_w_max": "",
  "power_w_mean": "",
  "temp_c_max": "",
  "mem_used_mib_max": "",
  "sm_clock_min": "",
  "sm_clock_max": "",
  "throttle_seen": "",
  "gpu_samples": 0,
  "timestamp_utc": "2026-08-23T09:38:32.412218+00:00",
  "git_hash": "",
  "engine": "tp2-mia-soak",
  "engine_config": "SOAK-cycle58",
  "workload": "adversarial",
  "model": "deepseek-v4-flash-dspark",
  "repeat": 1,
  "max_tokens": 512,
  "temperature": 1.0,
  "top_p": 0.95
}

results -> /Users/<user>/sparxlab/bench/results/soak/20260823-093603-tp2-mia-soak-adversarial.csv
=== c=8 repeat=1 (adversarial) ===
{
  "concurrency": 8,
  "requests_ok": 64,
  "requests_err": 0,
  "first_error_ts": "",
  "tokens_in_window": 14447,
  "window_s": 300,
  "aggregate_tok_s": 48.16,
  "decode_tok_s_median": 12.92,
  "prefill_tok_s_median": 110.91,
  "per_stream_wall_tok_s_median": 12.78,
  "ttft_p50_ms": 580.0,
  "ttft_p95_ms": 687.0,
  "ttft_samples": 64,
  "itl_p50_ms": 161.9,
  "token_source": "usage",
  "skipped_sse_lines": 0,
  "truncated_streams": 0,
  "power_w_max": "",
  "power_w_mean": "",
  "temp_c_max": "",
  "mem_used_mib_max": "",
  "sm_clock_min": "",
  "sm_clock_max": "",
  "throttle_seen": "",
  "gpu_samples": 0,
  "timestamp_utc": "2026-08-23T09:45:06.773883+00:00",
  "git_hash": "",
  "engine": "tp2-mia-soak",
  "engine_config": "SOAK-cycle58",
  "workload": "adversarial",
  "model": "deepseek-v4-flash-dspark",
  "repeat": 1,
  "max_tokens": 512,
  "temperature": 1.0,
  "top_p": 0.95
}

results -> /Users/<user>/sparxlab/bench/results/soak/20260823-093902-tp2-mia-soak-adversarial.csv
=== c=4 repeat=1 (adversarial) ===
{
  "concurrency": 4,
  "requests_ok": 28,
  "requests_err": 0,
  "first_error_ts": "",
  "tokens_in_window": 6087,
  "window_s": 180,
  "aggregate_tok_s": 33.82,
  "decode_tok_s_median": 18.36,
  "prefill_tok_s_median": 144.15,
  "per_stream_wall_tok_s_median": 18.15,
  "ttft_p50_ms": 451.0,
  "ttft_p95_ms": 559.0,
  "ttft_samples": 28,
  "itl_p50_ms": 115.1,
  "token_source": "usage",
  "skipped_sse_lines": 0,
  "truncated_streams": 0,
  "power_w_max": "",
  "power_w_mean": "",
  "temp_c_max": "",
  "mem_used_mib_max": "",
  "sm_clock_min": "",
  "sm_clock_max": "",
  "throttle_seen": "",
  "gpu_samples": 0,
  "timestamp_utc": "2026-08-23T09:49:23.190876+00:00",
  "git_hash": "",
  "engine": "tp2-mia-soak",
  "engine_config": "SOAK-cycle58",
  "workload": "adversarial",
  "model": "deepseek-v4-flash-dspark",
  "repeat": 1,
  "max_tokens": 512,
  "temperature": 1.0,
  "top_p": 0.95
}

results -> /Users/<user>/sparxlab/bench/results/soak/20260823-094536-tp2-mia-soak-adversarial.csv
=== c=1 repeat=1 (draftable) ===
{
  "concurrency": 1,
  "requests_ok": 46,
  "requests_err": 0,
  "first_error_ts": "",
  "tokens_in_window": 1667,
  "window_s": 120,
  "aggregate_tok_s": 13.89,
  "decode_tok_s_median": 66.87,
  "prefill_tok_s_median": 373.03,
  "per_stream_wall_tok_s_median": 57.68,
  "ttft_p50_ms": 329.0,
  "ttft_p95_ms": 349.0,
  "ttft_samples": 46,
  "itl_p50_ms": 64.6,
  "token_source": "usage",
  "skipped_sse_lines": 0,
  "truncated_streams": 0,
  "power_w_max": "",
  "power_w_mean": "",
  "temp_c_max": "",
  "mem_used_mib_max": "",
  "sm_clock_min": "",
  "sm_clock_max": "",
  "throttle_seen": "",
  "gpu_samples": 0,
  "timestamp_utc": "2026-08-23T09:51:59.304811+00:00",
  "git_hash": "",
  "engine": "tp2-mia-soak",
  "engine_config": "SOAK-cycle59",
  "workload": "draftable",
  "model": "deepseek-v4-flash-dspark",
  "repeat": 1,
  "max_tokens": 512,
  "temperature": 1.0,
  "top_p": 0.95
}

results -> /Users/<user>/sparxlab/bench/results/soak/20260823-094953-tp2-mia-soak-draftable.csv
=== c=8 repeat=1 (draftable) ===
{
  "concurrency": 8,
  "requests_ok": 299,
  "requests_err": 0,
  "first_error_ts": "",
  "tokens_in_window": 10752,
  "window_s": 300,
  "aggregate_tok_s": 35.84,
  "decode_tok_s_median": 20.37,
  "prefill_tok_s_median": 170.83,
  "per_stream_wall_tok_s_median": 18.57,
  "ttft_p50_ms": 697.0,
  "ttft_p95_ms": 839.0,
  "ttft_samples": 299,
  "itl_p50_ms": 189.5,
  "token_source": "usage",
  "skipped_sse_lines": 0,
  "truncated_streams": 0,
  "power_w_max": "",
  "power_w_mean": "",
  "temp_c_max": "",
  "mem_used_mib_max": "",
  "sm_clock_min": "",
  "sm_clock_max": "",
  "throttle_seen": "",
  "gpu_samples": 0,
  "timestamp_utc": "2026-08-23T09:58:00.269934+00:00",
  "git_hash": "",
  "engine": "tp2-mia-soak",
  "engine_config": "SOAK-cycle59",
  "workload": "draftable",
  "model": "deepseek-v4-flash-dspark",
  "repeat": 1,
  "max_tokens": 512,
  "temperature": 1.0,
  "top_p": 0.95
}

results -> /Users/<user>/sparxlab/bench/results/soak/20260823-095229-tp2-mia-soak-draftable.csv
=== c=4 repeat=1 (draftable) ===
{
  "concurrency": 4,
  "requests_ok": 129,
  "requests_err": 0,
  "first_error_ts": "",
  "tokens_in_window": 4747,
  "window_s": 180,
  "aggregate_tok_s": 26.37,
  "decode_tok_s_median": 30.9,
  "prefill_tok_s_median": 238.47,
  "per_stream_wall_tok_s_median": 27.55,
  "ttft_p50_ms": 539.0,
  "ttft_p95_ms": 685.0,
  "ttft_samples": 129,
  "itl_p50_ms": 129.6,
  "token_source": "usage",
  "skipped_sse_lines": 0,
  "truncated_streams": 0,
  "power_w_max": "",
  "power_w_mean": "",
  "temp_c_max": "",
  "mem_used_mib_max": "",
  "sm_clock_min": "",
  "sm_clock_max": "",
  "throttle_seen": "",
  "gpu_samples": 0,
  "timestamp_utc": "2026-08-23T10:01:44.531324+00:00",
  "git_hash": "",
  "engine": "tp2-mia-soak",
  "engine_config": "SOAK-cycle59",
  "workload": "draftable",
  "model": "deepseek-v4-flash-dspark",
  "repeat": 1,
  "max_tokens": 512,
  "temperature": 1.0,
  "top_p": 0.95
}

results -> /Users/<user>/sparxlab/bench/results/soak/20260823-095830-tp2-mia-soak-draftable.csv
=== c=1 repeat=1 (adversarial) ===
{
  "concurrency": 1,
  "requests_ok": 8,
  "requests_err": 0,
  "first_error_ts": "",
  "tokens_in_window": 1893,
  "window_s": 120,
  "aggregate_tok_s": 15.78,
  "decode_tok_s_median": 34.17,
  "prefill_tok_s_median": 257.58,
  "per_stream_wall_tok_s_median": 33.67,
  "ttft_p50_ms": 224.0,
  "ttft_p95_ms": "",
  "ttft_samples": 8,
  "itl_p50_ms": 62.2,
  "token_source": "usage",
  "skipped_sse_lines": 0,
  "truncated_streams": 0,
  "power_w_max": "",
  "power_w_mean": "",
  "temp_c_max": "",
  "mem_used_mib_max": "",
  "sm_clock_min": "",
  "sm_clock_max": "",
  "throttle_seen": "",
  "gpu_samples": 0,
  "timestamp_utc": "2026-08-23T10:04:29.342938+00:00",
  "git_hash": "",
  "engine": "tp2-mia-soak",
  "engine_config": "SOAK-cycle60",
  "workload": "adversarial",
  "model": "deepseek-v4-flash-dspark",
  "repeat": 1,
  "max_tokens": 512,
  "temperature": 1.0,
  "top_p": 0.95
}

results -> /Users/<user>/sparxlab/bench/results/soak/20260823-100214-tp2-mia-soak-adversarial.csv
=== c=8 repeat=1 (adversarial) ===
{
  "concurrency": 8,
  "requests_ok": 64,
  "requests_err": 0,
  "first_error_ts": "",
  "tokens_in_window": 14439,
  "window_s": 300,
  "aggregate_tok_s": 48.13,
  "decode_tok_s_median": 12.88,
  "prefill_tok_s_median": 111.3,
  "per_stream_wall_tok_s_median": 12.72,
  "ttft_p50_ms": 579.0,
  "ttft_p95_ms": 692.0,
  "ttft_samples": 64,
  "itl_p50_ms": 161.5,
  "token_source": "usage",
  "skipped_sse_lines": 0,
  "truncated_streams": 0,
  "power_w_max": "",
  "power_w_mean": "",
  "temp_c_max": "",
  "mem_used_mib_max": "",
  "sm_clock_min": "",
  "sm_clock_max": "",
  "throttle_seen": "",
  "gpu_samples": 0,
  "timestamp_utc": "2026-08-23T10:11:04.397168+00:00",
  "git_hash": "",
  "engine": "tp2-mia-soak",
  "engine_config": "SOAK-cycle60",
  "workload": "adversarial",
  "model": "deepseek-v4-flash-dspark",
  "repeat": 1,
  "max_tokens": 512,
  "temperature": 1.0,
  "top_p": 0.95
}

results -> /Users/<user>/sparxlab/bench/results/soak/20260823-100459-tp2-mia-soak-adversarial.csv
=== c=4 repeat=1 (adversarial) ===
{
  "concurrency": 4,
  "requests_ok": 28,
  "requests_err": 0,
  "first_error_ts": "",
  "tokens_in_window": 6100,
  "window_s": 180,
  "aggregate_tok_s": 33.89,
  "decode_tok_s_median": 18.39,
  "prefill_tok_s_median": 146.44,
  "per_stream_wall_tok_s_median": 18.14,
  "ttft_p50_ms": 439.0,
  "ttft_p95_ms": 535.0,
  "ttft_samples": 28,
  "itl_p50_ms": 114.7,
  "token_source": "usage",
  "skipped_sse_lines": 0,
  "truncated_streams": 0,
  "power_w_max": "",
  "power_w_mean": "",
  "temp_c_max": "",
  "mem_used_mib_max": "",
  "sm_clock_min": "",
  "sm_clock_max": "",
  "throttle_seen": "",
  "gpu_samples": 0,
  "timestamp_utc": "2026-08-23T10:15:21.673966+00:00",
  "git_hash": "",
  "engine": "tp2-mia-soak",
  "engine_config": "SOAK-cycle60",
  "workload": "adversarial",
  "model": "deepseek-v4-flash-dspark",
  "repeat": 1,
  "max_tokens": 512,
  "temperature": 1.0,
  "top_p": 0.95
}

results -> /Users/<user>/sparxlab/bench/results/soak/20260823-101134-tp2-mia-soak-adversarial.csv
=== c=1 repeat=1 (draftable) ===
{
  "concurrency": 1,
  "requests_ok": 39,
  "requests_err": 0,
  "first_error_ts": "",
  "tokens_in_window": 1708,
  "window_s": 120,
  "aggregate_tok_s": 14.23,
  "decode_tok_s_median": 64.74,
  "prefill_tok_s_median": 368.08,
  "per_stream_wall_tok_s_median": 58.67,
  "ttft_p50_ms": 321.0,
  "ttft_p95_ms": 345.0,
  "ttft_samples": 39,
  "itl_p50_ms": 64.6,
  "token_source": "usage",
  "skipped_sse_lines": 0,
  "truncated_streams": 0,
  "power_w_max": "",
  "power_w_mean": "",
  "temp_c_max": "",
  "mem_used_mib_max": "",
  "sm_clock_min": "",
  "sm_clock_max": "",
  "throttle_seen": "",
  "gpu_samples": 0,
  "timestamp_utc": "2026-08-23T10:18:03.311235+00:00",
  "git_hash": "",
  "engine": "tp2-mia-soak",
  "engine_config": "SOAK-cycle61",
  "workload": "draftable",
  "model": "deepseek-v4-flash-dspark",
  "repeat": 1,
  "max_tokens": 512,
  "temperature": 1.0,
  "top_p": 0.95
}

results -> /Users/<user>/sparxlab/bench/results/soak/20260823-101551-tp2-mia-soak-draftable.csv
=== c=8 repeat=1 (draftable) ===
{
  "concurrency": 8,
  "requests_ok": 293,
  "requests_err": 0,
  "first_error_ts": "",
  "tokens_in_window": 10869,
  "window_s": 300,
  "aggregate_tok_s": 36.23,
  "decode_tok_s_median": 20.79,
  "prefill_tok_s_median": 171.06,
  "per_stream_wall_tok_s_median": 18.86,
  "ttft_p50_ms": 696.0,
  "ttft_p95_ms": 839.0,
  "ttft_samples": 293,
  "itl_p50_ms": 188.3,
  "token_source": "usage",
  "skipped_sse_lines": 0,
  "truncated_streams": 0,
  "power_w_max": "",
  "power_w_mean": "",
  "temp_c_max": "",
  "mem_used_mib_max": "",
  "sm_clock_min": "",
  "sm_clock_max": "",
  "throttle_seen": "",
  "gpu_samples": 0,
  "timestamp_utc": "2026-08-23T10:24:00.277381+00:00",
  "git_hash": "",
  "engine": "tp2-mia-soak",
  "engine_config": "SOAK-cycle61",
  "workload": "draftable",
  "model": "deepseek-v4-flash-dspark",
  "repeat": 1,
  "max_tokens": 512,
  "temperature": 1.0,
  "top_p": 0.95
}

results -> /Users/<user>/sparxlab/bench/results/soak/20260823-101833-tp2-mia-soak-draftable.csv
=== c=4 repeat=1 (draftable) ===
{
  "concurrency": 4,
  "requests_ok": 136,
  "requests_err": 0,
  "first_error_ts": "",
  "tokens_in_window": 4662,
  "window_s": 180,
  "aggregate_tok_s": 25.9,
  "decode_tok_s_median": 30.11,
  "prefill_tok_s_median": 236.81,
  "per_stream_wall_tok_s_median": 26.23,
  "ttft_p50_ms": 538.0,
  "ttft_p95_ms": 704.0,
  "ttft_samples": 136,
  "itl_p50_ms": 130.2,
  "token_source": "usage",
  "skipped_sse_lines": 0,
  "truncated_streams": 0,
  "power_w_max": "",
  "power_w_mean": "",
  "temp_c_max": "",
  "mem_used_mib_max": "",
  "sm_clock_min": "",
  "sm_clock_max": "",
  "throttle_seen": "",
  "gpu_samples": 0,
  "timestamp_utc": "2026-08-23T10:27:52.437630+00:00",
  "git_hash": "",
  "engine": "tp2-mia-soak",
  "engine_config": "SOAK-cycle61",
  "workload": "draftable",
  "model": "deepseek-v4-flash-dspark",
  "repeat": 1,
  "max_tokens": 512,
  "temperature": 1.0,
  "top_p": 0.95
}

results -> /Users/<user>/sparxlab/bench/results/soak/20260823-102430-tp2-mia-soak-draftable.csv
=== c=1 repeat=1 (adversarial) ===
{
  "concurrency": 1,
  "requests_ok": 9,
  "requests_err": 0,
  "first_error_ts": "",
  "tokens_in_window": 1892,
  "window_s": 120,
  "aggregate_tok_s": 15.77,
  "decode_tok_s_median": 34.32,
  "prefill_tok_s_median": 251.97,
  "per_stream_wall_tok_s_median": 33.87,
  "ttft_p50_ms": 229.0,
  "ttft_p95_ms": "",
  "ttft_samples": 9,
  "itl_p50_ms": 62.4,
  "token_source": "usage",
  "skipped_sse_lines": 0,
  "truncated_streams": 0,
  "power_w_max": "",
  "power_w_mean": "",
  "temp_c_max": "",
  "mem_used_mib_max": "",
  "sm_clock_min": "",
  "sm_clock_max": "",
  "throttle_seen": "",
  "gpu_samples": 0,
  "timestamp_utc": "2026-08-23T10:30:52.424474+00:00",
  "git_hash": "",
  "engine": "tp2-mia-soak",
  "engine_config": "SOAK-cycle62",
  "workload": "adversarial",
  "model": "deepseek-v4-flash-dspark",
  "repeat": 1,
  "max_tokens": 512,
  "temperature": 1.0,
  "top_p": 0.95
}

results -> /Users/<user>/sparxlab/bench/results/soak/20260823-102822-tp2-mia-soak-adversarial.csv
=== c=8 repeat=1 (adversarial) ===
{
  "concurrency": 8,
  "requests_ok": 64,
  "requests_err": 0,
  "first_error_ts": "",
  "tokens_in_window": 14433,
  "window_s": 300,
  "aggregate_tok_s": 48.11,
  "decode_tok_s_median": 12.9,
  "prefill_tok_s_median": 108.57,
  "per_stream_wall_tok_s_median": 12.78,
  "ttft_p50_ms": 583.0,
  "ttft_p95_ms": 659.0,
  "ttft_samples": 64,
  "itl_p50_ms": 161.6,
  "token_source": "usage",
  "skipped_sse_lines": 0,
  "truncated_streams": 0,
  "power_w_max": "",
  "power_w_mean": "",
  "temp_c_max": "",
  "mem_used_mib_max": "",
  "sm_clock_min": "",
  "sm_clock_max": "",
  "throttle_seen": "",
  "gpu_samples": 0,
  "timestamp_utc": "2026-08-23T10:37:27.065399+00:00",
  "git_hash": "",
  "engine": "tp2-mia-soak",
  "engine_config": "SOAK-cycle62",
  "workload": "adversarial",
  "model": "deepseek-v4-flash-dspark",
  "repeat": 1,
  "max_tokens": 512,
  "temperature": 1.0,
  "top_p": 0.95
}

results -> /Users/<user>/sparxlab/bench/results/soak/20260823-103122-tp2-mia-soak-adversarial.csv
=== c=4 repeat=1 (adversarial) ===
{
  "concurrency": 4,
  "requests_ok": 28,
  "requests_err": 0,
  "first_error_ts": "",
  "tokens_in_window": 6088,
  "window_s": 180,
  "aggregate_tok_s": 33.82,
  "decode_tok_s_median": 18.37,
  "prefill_tok_s_median": 143.53,
  "per_stream_wall_tok_s_median": 18.15,
  "ttft_p50_ms": 446.0,
  "ttft_p95_ms": 515.0,
  "ttft_samples": 28,
  "itl_p50_ms": 115.4,
  "token_source": "usage",
  "skipped_sse_lines": 0,
  "truncated_streams": 0,
  "power_w_max": "",
  "power_w_mean": "",
  "temp_c_max": "",
  "mem_used_mib_max": "",
  "sm_clock_min": "",
  "sm_clock_max": "",
  "throttle_seen": "",
  "gpu_samples": 0,
  "timestamp_utc": "2026-08-23T10:41:45.144005+00:00",
  "git_hash": "",
  "engine": "tp2-mia-soak",
  "engine_config": "SOAK-cycle62",
  "workload": "adversarial",
  "model": "deepseek-v4-flash-dspark",
  "repeat": 1,
  "max_tokens": 512,
  "temperature": 1.0,
  "top_p": 0.95
}

results -> /Users/<user>/sparxlab/bench/results/soak/20260823-103757-tp2-mia-soak-adversarial.csv
=== c=1 repeat=1 (draftable) ===
{
  "concurrency": 1,
  "requests_ok": 40,
  "requests_err": 0,
  "first_error_ts": "",
  "tokens_in_window": 1698,
  "window_s": 120,
  "aggregate_tok_s": 14.15,
  "decode_tok_s_median": 64.65,
  "prefill_tok_s_median": 364.73,
  "per_stream_wall_tok_s_median": 56.45,
  "ttft_p50_ms": 324.0,
  "ttft_p95_ms": 350.0,
  "ttft_samples": 40,
  "itl_p50_ms": 64.4,
  "token_source": "usage",
  "skipped_sse_lines": 0,
  "truncated_streams": 0,
  "power_w_max": "",
  "power_w_mean": "",
  "temp_c_max": "",
  "mem_used_mib_max": "",
  "sm_clock_min": "",
  "sm_clock_max": "",
  "throttle_seen": "",
  "gpu_samples": 0,
  "timestamp_utc": "2026-08-23T10:44:21.438698+00:00",
  "git_hash": "",
  "engine": "tp2-mia-soak",
  "engine_config": "SOAK-cycle63",
  "workload": "draftable",
  "model": "deepseek-v4-flash-dspark",
  "repeat": 1,
  "max_tokens": 512,
  "temperature": 1.0,
  "top_p": 0.95
}

results -> /Users/<user>/sparxlab/bench/results/soak/20260823-104215-tp2-mia-soak-draftable.csv
=== c=8 repeat=1 (draftable) ===
{
  "concurrency": 8,
  "requests_ok": 290,
  "requests_err": 0,
  "first_error_ts": "",
  "tokens_in_window": 10816,
  "window_s": 300,
  "aggregate_tok_s": 36.05,
  "decode_tok_s_median": 20.6,
  "prefill_tok_s_median": 170.11,
  "per_stream_wall_tok_s_median": 18.49,
  "ttft_p50_ms": 698.0,
  "ttft_p95_ms": 841.0,
  "ttft_samples": 290,
  "itl_p50_ms": 189.5,
  "token_source": "usage",
  "skipped_sse_lines": 0,
  "truncated_streams": 0,
  "power_w_max": "",
  "power_w_mean": "",
  "temp_c_max": "",
  "mem_used_mib_max": "",
  "sm_clock_min": "",
  "sm_clock_max": "",
  "throttle_seen": "",
  "gpu_samples": 0,
  "timestamp_utc": "2026-08-23T10:50:11.592435+00:00",
  "git_hash": "",
  "engine": "tp2-mia-soak",
  "engine_config": "SOAK-cycle63",
  "workload": "draftable",
  "model": "deepseek-v4-flash-dspark",
  "repeat": 1,
  "max_tokens": 512,
  "temperature": 1.0,
  "top_p": 0.95
}

results -> /Users/<user>/sparxlab/bench/results/soak/20260823-104451-tp2-mia-soak-draftable.csv
=== c=4 repeat=1 (draftable) ===
{
  "concurrency": 4,
  "requests_ok": 134,
  "requests_err": 0,
  "first_error_ts": "",
  "tokens_in_window": 4700,
  "window_s": 180,
  "aggregate_tok_s": 26.11,
  "decode_tok_s_median": 30.9,
  "prefill_tok_s_median": 236.87,
  "per_stream_wall_tok_s_median": 27.65,
  "ttft_p50_ms": 537.0,
  "ttft_p95_ms": 696.0,
  "ttft_samples": 134,
  "itl_p50_ms": 130.1,
  "token_source": "usage",
  "skipped_sse_lines": 0,
  "truncated_streams": 0,
  "power_w_max": "",
  "power_w_mean": "",
  "temp_c_max": "",
  "mem_used_mib_max": "",
  "sm_clock_min": "",
  "sm_clock_max": "",
  "throttle_seen": "",
  "gpu_samples": 0,
  "timestamp_utc": "2026-08-23T10:53:56.112776+00:00",
  "git_hash": "",
  "engine": "tp2-mia-soak",
  "engine_config": "SOAK-cycle63",
  "workload": "draftable",
  "model": "deepseek-v4-flash-dspark",
  "repeat": 1,
  "max_tokens": 512,
  "temperature": 1.0,
  "top_p": 0.95
}

results -> /Users/<user>/sparxlab/bench/results/soak/20260823-105041-tp2-mia-soak-draftable.csv
=== c=1 repeat=1 (adversarial) ===
{
  "concurrency": 1,
  "requests_ok": 9,
  "requests_err": 0,
  "first_error_ts": "",
  "tokens_in_window": 1880,
  "window_s": 120,
  "aggregate_tok_s": 15.67,
  "decode_tok_s_median": 34.41,
  "prefill_tok_s_median": 232.44,
  "per_stream_wall_tok_s_median": 33.64,
  "ttft_p50_ms": 272.0,
  "ttft_p95_ms": "",
  "ttft_samples": 9,
  "itl_p50_ms": 62.5,
  "token_source": "usage",
  "skipped_sse_lines": 0,
  "truncated_streams": 0,
  "power_w_max": "",
  "power_w_mean": "",
  "temp_c_max": "",
  "mem_used_mib_max": "",
  "sm_clock_min": "",
  "sm_clock_max": "",
  "throttle_seen": "",
  "gpu_samples": 0,
  "timestamp_utc": "2026-08-23T10:56:52.777456+00:00",
  "git_hash": "",
  "engine": "tp2-mia-soak",
  "engine_config": "SOAK-cycle64",
  "workload": "adversarial",
  "model": "deepseek-v4-flash-dspark",
  "repeat": 1,
  "max_tokens": 512,
  "temperature": 1.0,
  "top_p": 0.95
}

results -> /Users/<user>/sparxlab/bench/results/soak/20260823-105426-tp2-mia-soak-adversarial.csv
=== c=8 repeat=1 (adversarial) ===
{
  "concurrency": 8,
  "requests_ok": 64,
  "requests_err": 0,
  "first_error_ts": "",
  "tokens_in_window": 14441,
  "window_s": 300,
  "aggregate_tok_s": 48.14,
  "decode_tok_s_median": 12.97,
  "prefill_tok_s_median": 106.88,
  "per_stream_wall_tok_s_median": 12.81,
  "ttft_p50_ms": 591.0,
  "ttft_p95_ms": 693.0,
  "ttft_samples": 64,
  "itl_p50_ms": 162.3,
  "token_source": "usage",
  "skipped_sse_lines": 0,
  "truncated_streams": 0,
  "power_w_max": "",
  "power_w_mean": "",
  "temp_c_max": "",
  "mem_used_mib_max": "",
  "sm_clock_min": "",
  "sm_clock_max": "",
  "throttle_seen": "",
  "gpu_samples": 0,
  "timestamp_utc": "2026-08-23T11:03:25.063012+00:00",
  "git_hash": "",
  "engine": "tp2-mia-soak",
  "engine_config": "SOAK-cycle64",
  "workload": "adversarial",
  "model": "deepseek-v4-flash-dspark",
  "repeat": 1,
  "max_tokens": 512,
  "temperature": 1.0,
  "top_p": 0.95
}

results -> /Users/<user>/sparxlab/bench/results/soak/20260823-105722-tp2-mia-soak-adversarial.csv
=== c=4 repeat=1 (adversarial) ===
{
  "concurrency": 4,
  "requests_ok": 28,
  "requests_err": 0,
  "first_error_ts": "",
  "tokens_in_window": 6044,
  "window_s": 180,
  "aggregate_tok_s": 33.58,
  "decode_tok_s_median": 18.36,
  "prefill_tok_s_median": 135.25,
  "per_stream_wall_tok_s_median": 18.1,
  "ttft_p50_ms": 457.0,
  "ttft_p95_ms": 583.0,
  "ttft_samples": 28,
  "itl_p50_ms": 115.4,
  "token_source": "usage",
  "skipped_sse_lines": 0,
  "truncated_streams": 0,
  "power_w_max": "",
  "power_w_mean": "",
  "temp_c_max": "",
  "mem_used_mib_max": "",
  "sm_clock_min": "",
  "sm_clock_max": "",
  "throttle_seen": "",
  "gpu_samples": 0,
  "timestamp_utc": "2026-08-23T11:07:43.204605+00:00",
  "git_hash": "",
  "engine": "tp2-mia-soak",
  "engine_config": "SOAK-cycle64",
  "workload": "adversarial",
  "model": "deepseek-v4-flash-dspark",
  "repeat": 1,
  "max_tokens": 512,
  "temperature": 1.0,
  "top_p": 0.95
}

results -> /Users/<user>/sparxlab/bench/results/soak/20260823-110355-tp2-mia-soak-adversarial.csv
=== c=1 repeat=1 (draftable) ===
{
  "concurrency": 1,
  "requests_ok": 40,
  "requests_err": 0,
  "first_error_ts": "",
  "tokens_in_window": 1695,
  "window_s": 120,
  "aggregate_tok_s": 14.12,
  "decode_tok_s_median": 67.26,
  "prefill_tok_s_median": 364.65,
  "per_stream_wall_tok_s_median": 59.62,
  "ttft_p50_ms": 329.0,
  "ttft_p95_ms": 343.0,
  "ttft_samples": 40,
  "itl_p50_ms": 64.5,
  "token_source": "usage",
  "skipped_sse_lines": 0,
  "truncated_streams": 0,
  "power_w_max": "",
  "power_w_mean": "",
  "temp_c_max": "",
  "mem_used_mib_max": "",
  "sm_clock_min": "",
  "sm_clock_max": "",
  "throttle_seen": "",
  "gpu_samples": 0,
  "timestamp_utc": "2026-08-23T11:10:20.221418+00:00",
  "git_hash": "",
  "engine": "tp2-mia-soak",
  "engine_config": "SOAK-cycle65",
  "workload": "draftable",
  "model": "deepseek-v4-flash-dspark",
  "repeat": 1,
  "max_tokens": 512,
  "temperature": 1.0,
  "top_p": 0.95
}

results -> /Users/<user>/sparxlab/bench/results/soak/20260823-110813-tp2-mia-soak-draftable.csv
=== c=8 repeat=1 (draftable) ===
{
  "concurrency": 8,
  "requests_ok": 298,
  "requests_err": 0,
  "first_error_ts": "",
  "tokens_in_window": 10757,
  "window_s": 300,
  "aggregate_tok_s": 35.86,
  "decode_tok_s_median": 20.51,
  "prefill_tok_s_median": 170.89,
  "per_stream_wall_tok_s_median": 18.64,
  "ttft_p50_ms": 693.0,
  "ttft_p95_ms": 845.0,
  "ttft_samples": 298,
  "itl_p50_ms": 188.9,
  "token_source": "usage",
  "skipped_sse_lines": 0,
  "truncated_streams": 0,
  "power_w_max": "",
  "power_w_mean": "",
  "temp_c_max": "",
  "mem_used_mib_max": "",
  "sm_clock_min": "",
  "sm_clock_max": "",
  "throttle_seen": "",
  "gpu_samples": 0,
  "timestamp_utc": "2026-08-23T11:16:10.225625+00:00",
  "git_hash": "",
  "engine": "tp2-mia-soak",
  "engine_config": "SOAK-cycle65",
  "workload": "draftable",
  "model": "deepseek-v4-flash-dspark",
  "repeat": 1,
  "max_tokens": 512,
  "temperature": 1.0,
  "top_p": 0.95
}

results -> /Users/<user>/sparxlab/bench/results/soak/20260823-111050-tp2-mia-soak-draftable.csv
=== c=4 repeat=1 (draftable) ===
{
  "concurrency": 4,
  "requests_ok": 136,
  "requests_err": 0,
  "first_error_ts": "",
  "tokens_in_window": 4702,
  "window_s": 180,
  "aggregate_tok_s": 26.12,
  "decode_tok_s_median": 30.11,
  "prefill_tok_s_median": 234.98,
  "per_stream_wall_tok_s_median": 26.43,
  "ttft_p50_ms": 532.0,
  "ttft_p95_ms": 693.0,
  "ttft_samples": 136,
  "itl_p50_ms": 130.9,
  "token_source": "usage",
  "skipped_sse_lines": 0,
  "truncated_streams": 0,
  "power_w_max": "",
  "power_w_mean": "",
  "temp_c_max": "",
  "mem_used_mib_max": "",
  "sm_clock_min": "",
  "sm_clock_max": "",
  "throttle_seen": "",
  "gpu_samples": 0,
  "timestamp_utc": "2026-08-23T11:19:58.884318+00:00",
  "git_hash": "",
  "engine": "tp2-mia-soak",
  "engine_config": "SOAK-cycle65",
  "workload": "draftable",
  "model": "deepseek-v4-flash-dspark",
  "repeat": 1,
  "max_tokens": 512,
  "temperature": 1.0,
  "top_p": 0.95
}

results -> /Users/<user>/sparxlab/bench/results/soak/20260823-111640-tp2-mia-soak-draftable.csv
=== c=1 repeat=1 (adversarial) ===
{
  "concurrency": 1,
  "requests_ok": 9,
  "requests_err": 0,
  "first_error_ts": "",
  "tokens_in_window": 1887,
  "window_s": 120,
  "aggregate_tok_s": 15.72,
  "decode_tok_s_median": 35.0,
  "prefill_tok_s_median": 237.12,
  "per_stream_wall_tok_s_median": 34.49,
  "ttft_p50_ms": 270.0,
  "ttft_p95_ms": "",
  "ttft_samples": 9,
  "itl_p50_ms": 62.0,
  "token_source": "usage",
  "skipped_sse_lines": 0,
  "truncated_streams": 0,
  "power_w_max": "",
  "power_w_mean": "",
  "temp_c_max": "",
  "mem_used_mib_max": "",
  "sm_clock_min": "",
  "sm_clock_max": "",
  "throttle_seen": "",
  "gpu_samples": 0,
  "timestamp_utc": "2026-08-23T11:22:54.299727+00:00",
  "git_hash": "",
  "engine": "tp2-mia-soak",
  "engine_config": "SOAK-cycle66",
  "workload": "adversarial",
  "model": "deepseek-v4-flash-dspark",
  "repeat": 1,
  "max_tokens": 512,
  "temperature": 1.0,
  "top_p": 0.95
}

results -> /Users/<user>/sparxlab/bench/results/soak/20260823-112029-tp2-mia-soak-adversarial.csv
=== c=8 repeat=1 (adversarial) ===
{
  "concurrency": 8,
  "requests_ok": 64,
  "requests_err": 0,
  "first_error_ts": "",
  "tokens_in_window": 14455,
  "window_s": 300,
  "aggregate_tok_s": 48.18,
  "decode_tok_s_median": 12.91,
  "prefill_tok_s_median": 112.7,
  "per_stream_wall_tok_s_median": 12.75,
  "ttft_p50_ms": 579.0,
  "ttft_p95_ms": 680.0,
  "ttft_samples": 64,
  "itl_p50_ms": 161.3,
  "token_source": "usage",
  "skipped_sse_lines": 0,
  "truncated_streams": 0,
  "power_w_max": "",
  "power_w_mean": "",
  "temp_c_max": "",
  "mem_used_mib_max": "",
  "sm_clock_min": "",
  "sm_clock_max": "",
  "throttle_seen": "",
  "gpu_samples": 0,
  "timestamp_utc": "2026-08-23T11:29:30.866354+00:00",
  "git_hash": "",
  "engine": "tp2-mia-soak",
  "engine_config": "SOAK-cycle66",
  "workload": "adversarial",
  "model": "deepseek-v4-flash-dspark",
  "repeat": 1,
  "max_tokens": 512,
  "temperature": 1.0,
  "top_p": 0.95
}

results -> /Users/<user>/sparxlab/bench/results/soak/20260823-112324-tp2-mia-soak-adversarial.csv
=== c=4 repeat=1 (adversarial) ===
{
  "concurrency": 4,
  "requests_ok": 28,
  "requests_err": 0,
  "first_error_ts": "",
  "tokens_in_window": 6080,
  "window_s": 180,
  "aggregate_tok_s": 33.78,
  "decode_tok_s_median": 17.85,
  "prefill_tok_s_median": 149.9,
  "per_stream_wall_tok_s_median": 17.61,
  "ttft_p50_ms": 440.0,
  "ttft_p95_ms": 470.0,
  "ttft_samples": 28,
  "itl_p50_ms": 114.9,
  "token_source": "usage",
  "skipped_sse_lines": 0,
  "truncated_streams": 0,
  "power_w_max": "",
  "power_w_mean": "",
  "temp_c_max": "",
  "mem_used_mib_max": "",
  "sm_clock_min": "",
  "sm_clock_max": "",
  "throttle_seen": "",
  "gpu_samples": 0,
  "timestamp_utc": "2026-08-23T11:33:51.478603+00:00",
  "git_hash": "",
  "engine": "tp2-mia-soak",
  "engine_config": "SOAK-cycle66",
  "workload": "adversarial",
  "model": "deepseek-v4-flash-dspark",
  "repeat": 1,
  "max_tokens": 512,
  "temperature": 1.0,
  "top_p": 0.95
}

results -> /Users/<user>/sparxlab/bench/results/soak/20260823-113001-tp2-mia-soak-adversarial.csv
=== c=1 repeat=1 (draftable) ===
{
  "concurrency": 1,
  "requests_ok": 39,
  "requests_err": 0,
  "first_error_ts": "",
  "tokens_in_window": 1709,
  "window_s": 120,
  "aggregate_tok_s": 14.24,
  "decode_tok_s_median": 67.46,
  "prefill_tok_s_median": 373.66,
  "per_stream_wall_tok_s_median": 58.0,
  "ttft_p50_ms": 321.0,
  "ttft_p95_ms": 346.0,
  "ttft_samples": 39,
  "itl_p50_ms": 64.8,
  "token_source": "usage",
  "skipped_sse_lines": 0,
  "truncated_streams": 0,
  "power_w_max": "",
  "power_w_mean": "",
  "temp_c_max": "",
  "mem_used_mib_max": "",
  "sm_clock_min": "",
  "sm_clock_max": "",
  "throttle_seen": "",
  "gpu_samples": 0,
  "timestamp_utc": "2026-08-23T11:36:27.730609+00:00",
  "git_hash": "",
  "engine": "tp2-mia-soak",
  "engine_config": "SOAK-cycle67",
  "workload": "draftable",
  "model": "deepseek-v4-flash-dspark",
  "repeat": 1,
  "max_tokens": 512,
  "temperature": 1.0,
  "top_p": 0.95
}

results -> /Users/<user>/sparxlab/bench/results/soak/20260823-113421-tp2-mia-soak-draftable.csv
=== c=8 repeat=1 (draftable) ===
{
  "concurrency": 8,
  "requests_ok": 296,
  "requests_err": 0,
  "first_error_ts": "",
  "tokens_in_window": 10802,
  "window_s": 300,
  "aggregate_tok_s": 36.01,
  "decode_tok_s_median": 20.27,
  "prefill_tok_s_median": 169.88,
  "per_stream_wall_tok_s_median": 18.3,
  "ttft_p50_ms": 694.0,
  "ttft_p95_ms": 847.0,
  "ttft_samples": 296,
  "itl_p50_ms": 188.5,
  "token_source": "usage",
  "skipped_sse_lines": 0,
  "truncated_streams": 0,
  "power_w_max": "",
  "power_w_mean": "",
  "temp_c_max": "",
  "mem_used_mib_max": "",
  "sm_clock_min": "",
  "sm_clock_max": "",
  "throttle_seen": "",
  "gpu_samples": 0,
  "timestamp_utc": "2026-08-23T11:42:13.380216+00:00",
  "git_hash": "",
  "engine": "tp2-mia-soak",
  "engine_config": "SOAK-cycle67",
  "workload": "draftable",
  "model": "deepseek-v4-flash-dspark",
  "repeat": 1,
  "max_tokens": 512,
  "temperature": 1.0,
  "top_p": 0.95
}

results -> /Users/<user>/sparxlab/bench/results/soak/20260823-113657-tp2-mia-soak-draftable.csv
=== c=4 repeat=1 (draftable) ===
{
  "concurrency": 4,
  "requests_ok": 137,
  "requests_err": 0,
  "first_error_ts": "",
  "tokens_in_window": 4682,
  "window_s": 180,
  "aggregate_tok_s": 26.01,
  "decode_tok_s_median": 30.78,
  "prefill_tok_s_median": 237.66,
  "per_stream_wall_tok_s_median": 27.13,
  "ttft_p50_ms": 538.0,
  "ttft_p95_ms": 687.0,
  "ttft_samples": 137,
  "itl_p50_ms": 130.4,
  "token_source": "usage",
  "skipped_sse_lines": 0,
  "truncated_streams": 0,
  "power_w_max": "",
  "power_w_mean": "",
  "temp_c_max": "",
  "mem_used_mib_max": "",
  "sm_clock_min": "",
  "sm_clock_max": "",
  "throttle_seen": "",
  "gpu_samples": 0,
  "timestamp_utc": "2026-08-23T11:46:07.770924+00:00",
  "git_hash": "",
  "engine": "tp2-mia-soak",
  "engine_config": "SOAK-cycle67",
  "workload": "draftable",
  "model": "deepseek-v4-flash-dspark",
  "repeat": 1,
  "max_tokens": 512,
  "temperature": 1.0,
  "top_p": 0.95
}

results -> /Users/<user>/sparxlab/bench/results/soak/20260823-114243-tp2-mia-soak-draftable.csv
=== c=1 repeat=1 (adversarial) ===
{
  "concurrency": 1,
  "requests_ok": 8,
  "requests_err": 0,
  "first_error_ts": "",
  "tokens_in_window": 1892,
  "window_s": 120,
  "aggregate_tok_s": 15.77,
  "decode_tok_s_median": 34.9,
  "prefill_tok_s_median": 233.18,
  "per_stream_wall_tok_s_median": 34.29,
  "ttft_p50_ms": 259.0,
  "ttft_p95_ms": "",
  "ttft_samples": 8,
  "itl_p50_ms": 62.1,
  "token_source": "usage",
  "skipped_sse_lines": 0,
  "truncated_streams": 0,
  "power_w_max": "",
  "power_w_mean": "",
  "temp_c_max": "",
  "mem_used_mib_max": "",
  "sm_clock_min": "",
  "sm_clock_max": "",
  "throttle_seen": "",
  "gpu_samples": 0,
  "timestamp_utc": "2026-08-23T11:48:53.876838+00:00",
  "git_hash": "",
  "engine": "tp2-mia-soak",
  "engine_config": "SOAK-cycle68",
  "workload": "adversarial",
  "model": "deepseek-v4-flash-dspark",
  "repeat": 1,
  "max_tokens": 512,
  "temperature": 1.0,
  "top_p": 0.95
}

results -> /Users/<user>/sparxlab/bench/results/soak/20260823-114637-tp2-mia-soak-adversarial.csv
=== c=8 repeat=1 (adversarial) ===
{
  "concurrency": 8,
  "requests_ok": 64,
  "requests_err": 0,
  "first_error_ts": "",
  "tokens_in_window": 14416,
  "window_s": 300,
  "aggregate_tok_s": 48.05,
  "decode_tok_s_median": 13.08,
  "prefill_tok_s_median": 108.13,
  "per_stream_wall_tok_s_median": 12.91,
  "ttft_p50_ms": 583.0,
  "ttft_p95_ms": 682.0,
  "ttft_samples": 64,
  "itl_p50_ms": 162.3,
  "token_source": "usage",
  "skipped_sse_lines": 0,
  "truncated_streams": 0,
  "power_w_max": "",
  "power_w_mean": "",
  "temp_c_max": "",
  "mem_used_mib_max": "",
  "sm_clock_min": "",
  "sm_clock_max": "",
  "throttle_seen": "",
  "gpu_samples": 0,
  "timestamp_utc": "2026-08-23T11:55:27.460327+00:00",
  "git_hash": "",
  "engine": "tp2-mia-soak",
  "engine_config": "SOAK-cycle68",
  "workload": "adversarial",
  "model": "deepseek-v4-flash-dspark",
  "repeat": 1,
  "max_tokens": 512,
  "temperature": 1.0,
  "top_p": 0.95
}

results -> /Users/<user>/sparxlab/bench/results/soak/20260823-114924-tp2-mia-soak-adversarial.csv
=== c=4 repeat=1 (adversarial) ===
{
  "concurrency": 4,
  "requests_ok": 28,
  "requests_err": 0,
  "first_error_ts": "",
  "tokens_in_window": 6077,
  "window_s": 180,
  "aggregate_tok_s": 33.76,
  "decode_tok_s_median": 18.17,
  "prefill_tok_s_median": 142.36,
  "per_stream_wall_tok_s_median": 17.84,
  "ttft_p50_ms": 443.0,
  "ttft_p95_ms": 594.0,
  "ttft_samples": 28,
  "itl_p50_ms": 115.5,
  "token_source": "usage",
  "skipped_sse_lines": 0,
  "truncated_streams": 0,
  "power_w_max": "",
  "power_w_mean": "",
  "temp_c_max": "",
  "mem_used_mib_max": "",
  "sm_clock_min": "",
  "sm_clock_max": "",
  "throttle_seen": "",
  "gpu_samples": 0,
  "timestamp_utc": "2026-08-23T11:59:47.492765+00:00",
  "git_hash": "",
  "engine": "tp2-mia-soak",
  "engine_config": "SOAK-cycle68",
  "workload": "adversarial",
  "model": "deepseek-v4-flash-dspark",
  "repeat": 1,
  "max_tokens": 512,
  "temperature": 1.0,
  "top_p": 0.95
}

results -> /Users/<user>/sparxlab/bench/results/soak/20260823-115557-tp2-mia-soak-adversarial.csv
=== c=1 repeat=1 (draftable) ===
{
  "concurrency": 1,
  "requests_ok": 42,
  "requests_err": 0,
  "first_error_ts": "",
  "tokens_in_window": 1688,
  "window_s": 120,
  "aggregate_tok_s": 14.07,
  "decode_tok_s_median": 64.32,
  "prefill_tok_s_median": 375.82,
  "per_stream_wall_tok_s_median": 55.81,
  "ttft_p50_ms": 326.0,
  "ttft_p95_ms": 346.0,
  "ttft_samples": 42,
  "itl_p50_ms": 64.7,
  "token_source": "usage",
  "skipped_sse_lines": 0,
  "truncated_streams": 0,
  "power_w_max": "",
  "power_w_mean": "",
  "temp_c_max": "",
  "mem_used_mib_max": "",
  "sm_clock_min": "",
  "sm_clock_max": "",
  "throttle_seen": "",
  "gpu_samples": 0,
  "timestamp_utc": "2026-08-23T12:02:23.937900+00:00",
  "git_hash": "",
  "engine": "tp2-mia-soak",
  "engine_config": "SOAK-cycle69",
  "workload": "draftable",
  "model": "deepseek-v4-flash-dspark",
  "repeat": 1,
  "max_tokens": 512,
  "temperature": 1.0,
  "top_p": 0.95
}

results -> /Users/<user>/sparxlab/bench/results/soak/20260823-120017-tp2-mia-soak-draftable.csv
=== c=8 repeat=1 (draftable) ===
{
  "concurrency": 8,
  "requests_ok": 295,
  "requests_err": 0,
  "first_error_ts": "",
  "tokens_in_window": 10710,
  "window_s": 300,
  "aggregate_tok_s": 35.7,
  "decode_tok_s_median": 20.18,
  "prefill_tok_s_median": 170.99,
  "per_stream_wall_tok_s_median": 18.11,
  "ttft_p50_ms": 700.0,
  "ttft_p95_ms": 841.0,
  "ttft_samples": 295,
  "itl_p50_ms": 190.1,
  "token_source": "usage",
  "skipped_sse_lines": 0,
  "truncated_streams": 0,
  "power_w_max": "",
  "power_w_mean": "",
  "temp_c_max": "",
  "mem_used_mib_max": "",
  "sm_clock_min": "",
  "sm_clock_max": "",
  "throttle_seen": "",
  "gpu_samples": 0,
  "timestamp_utc": "2026-08-23T12:08:20.401899+00:00",
  "git_hash": "",
  "engine": "tp2-mia-soak",
  "engine_config": "SOAK-cycle69",
  "workload": "draftable",
  "model": "deepseek-v4-flash-dspark",
  "repeat": 1,
  "max_tokens": 512,
  "temperature": 1.0,
  "top_p": 0.95
}

results -> /Users/<user>/sparxlab/bench/results/soak/20260823-120254-tp2-mia-soak-draftable.csv
=== c=4 repeat=1 (draftable) ===
{
  "concurrency": 4,
  "requests_ok": 132,
  "requests_err": 0,
  "first_error_ts": "",
  "tokens_in_window": 4692,
  "window_s": 180,
  "aggregate_tok_s": 26.07,
  "decode_tok_s_median": 30.67,
  "prefill_tok_s_median": 234.43,
  "per_stream_wall_tok_s_median": 27.34,
  "ttft_p50_ms": 536.0,
  "ttft_p95_ms": 690.0,
  "ttft_samples": 132,
  "itl_p50_ms": 130.3,
  "token_source": "usage",
  "skipped_sse_lines": 0,
  "truncated_streams": 0,
  "power_w_max": "",
  "power_w_mean": "",
  "temp_c_max": "",
  "mem_used_mib_max": "",
  "sm_clock_min": "",
  "sm_clock_max": "",
  "throttle_seen": "",
  "gpu_samples": 0,
  "timestamp_utc": "2026-08-23T12:12:03.485484+00:00",
  "git_hash": "",
  "engine": "tp2-mia-soak",
  "engine_config": "SOAK-cycle69",
  "workload": "draftable",
  "model": "deepseek-v4-flash-dspark",
  "repeat": 1,
  "max_tokens": 512,
  "temperature": 1.0,
  "top_p": 0.95
}

results -> /Users/<user>/sparxlab/bench/results/soak/20260823-120850-tp2-mia-soak-draftable.csv
=== c=1 repeat=1 (adversarial) ===
{
  "concurrency": 1,
  "requests_ok": 9,
  "requests_err": 0,
  "first_error_ts": "",
  "tokens_in_window": 1893,
  "window_s": 120,
  "aggregate_tok_s": 15.78,
  "decode_tok_s_median": 35.19,
  "prefill_tok_s_median": 257.88,
  "per_stream_wall_tok_s_median": 34.75,
  "ttft_p50_ms": 227.0,
  "ttft_p95_ms": "",
  "ttft_samples": 9,
  "itl_p50_ms": 62.1,
  "token_source": "usage",
  "skipped_sse_lines": 0,
  "truncated_streams": 0,
  "power_w_max": "",
  "power_w_mean": "",
  "temp_c_max": "",
  "mem_used_mib_max": "",
  "sm_clock_min": "",
  "sm_clock_max": "",
  "throttle_seen": "",
  "gpu_samples": 0,
  "timestamp_utc": "2026-08-23T12:15:01.911516+00:00",
  "git_hash": "",
  "engine": "tp2-mia-soak",
  "engine_config": "SOAK-cycle70",
  "workload": "adversarial",
  "model": "deepseek-v4-flash-dspark",
  "repeat": 1,
  "max_tokens": 512,
  "temperature": 1.0,
  "top_p": 0.95
}

results -> /Users/<user>/sparxlab/bench/results/soak/20260823-121233-tp2-mia-soak-adversarial.csv
=== c=8 repeat=1 (adversarial) ===
{
  "concurrency": 8,
  "requests_ok": 64,
  "requests_err": 0,
  "first_error_ts": "",
  "tokens_in_window": 14418,
  "window_s": 300,
  "aggregate_tok_s": 48.06,
  "decode_tok_s_median": 12.91,
  "prefill_tok_s_median": 109.41,
  "per_stream_wall_tok_s_median": 12.72,
  "ttft_p50_ms": 584.0,
  "ttft_p95_ms": 757.0,
  "ttft_samples": 64,
  "itl_p50_ms": 162.6,
  "token_source": "usage",
  "skipped_sse_lines": 0,
  "truncated_streams": 0,
  "power_w_max": "",
  "power_w_mean": "",
  "temp_c_max": "",
  "mem_used_mib_max": "",
  "sm_clock_min": "",
  "sm_clock_max": "",
  "throttle_seen": "",
  "gpu_samples": 0,
  "timestamp_utc": "2026-08-23T12:21:37.668054+00:00",
  "git_hash": "",
  "engine": "tp2-mia-soak",
  "engine_config": "SOAK-cycle70",
  "workload": "adversarial",
  "model": "deepseek-v4-flash-dspark",
  "repeat": 1,
  "max_tokens": 512,
  "temperature": 1.0,
  "top_p": 0.95
}

results -> /Users/<user>/sparxlab/bench/results/soak/20260823-121532-tp2-mia-soak-adversarial.csv
=== c=4 repeat=1 (adversarial) ===
{
  "concurrency": 4,
  "requests_ok": 28,
  "requests_err": 0,
  "first_error_ts": "",
  "tokens_in_window": 6104,
  "window_s": 180,
  "aggregate_tok_s": 33.91,
  "decode_tok_s_median": 18.36,
  "prefill_tok_s_median": 146.4,
  "per_stream_wall_tok_s_median": 18.09,
  "ttft_p50_ms": 442.0,
  "ttft_p95_ms": 523.0,
  "ttft_samples": 28,
  "itl_p50_ms": 114.5,
  "token_source": "usage",
  "skipped_sse_lines": 0,
  "truncated_streams": 0,
  "power_w_max": "",
  "power_w_mean": "",
  "temp_c_max": "",
  "mem_used_mib_max": "",
  "sm_clock_min": "",
  "sm_clock_max": "",
  "throttle_seen": "",
  "gpu_samples": 0,
  "timestamp_utc": "2026-08-23T12:25:56.069411+00:00",
  "git_hash": "",
  "engine": "tp2-mia-soak",
  "engine_config": "SOAK-cycle70",
  "workload": "adversarial",
  "model": "deepseek-v4-flash-dspark",
  "repeat": 1,
  "max_tokens": 512,
  "temperature": 1.0,
  "top_p": 0.95
}

results -> /Users/<user>/sparxlab/bench/results/soak/20260823-122207-tp2-mia-soak-adversarial.csv
=== c=1 repeat=1 (draftable) ===
{
  "concurrency": 1,
  "requests_ok": 43,
  "requests_err": 0,
  "first_error_ts": "",
  "tokens_in_window": 1681,
  "window_s": 120,
  "aggregate_tok_s": 14.01,
  "decode_tok_s_median": 65.84,
  "prefill_tok_s_median": 366.04,
  "per_stream_wall_tok_s_median": 57.19,
  "ttft_p50_ms": 328.0,
  "ttft_p95_ms": 343.0,
  "ttft_samples": 43,
  "itl_p50_ms": 64.8,
  "token_source": "usage",
  "skipped_sse_lines": 0,
  "truncated_streams": 0,
  "power_w_max": "",
  "power_w_mean": "",
  "temp_c_max": "",
  "mem_used_mib_max": "",
  "sm_clock_min": "",
  "sm_clock_max": "",
  "throttle_seen": "",
  "gpu_samples": 0,
  "timestamp_utc": "2026-08-23T12:28:33.194700+00:00",
  "git_hash": "",
  "engine": "tp2-mia-soak",
  "engine_config": "SOAK-cycle71",
  "workload": "draftable",
  "model": "deepseek-v4-flash-dspark",
  "repeat": 1,
  "max_tokens": 512,
  "temperature": 1.0,
  "top_p": 0.95
}

results -> /Users/<user>/sparxlab/bench/results/soak/20260823-122626-tp2-mia-soak-draftable.csv
=== c=8 repeat=1 (draftable) ===
{
  "concurrency": 8,
  "requests_ok": 288,
  "requests_err": 0,
  "first_error_ts": "",
  "tokens_in_window": 10784,
  "window_s": 300,
  "aggregate_tok_s": 35.95,
  "decode_tok_s_median": 20.39,
  "prefill_tok_s_median": 169.3,
  "per_stream_wall_tok_s_median": 18.37,
  "ttft_p50_ms": 693.0,
  "ttft_p95_ms": 844.0,
  "ttft_samples": 288,
  "itl_p50_ms": 189.3,
  "token_source": "usage",
  "skipped_sse_lines": 0,
  "truncated_streams": 0,
  "power_w_max": "",
  "power_w_mean": "",
  "temp_c_max": "",
  "mem_used_mib_max": "",
  "sm_clock_min": "",
  "sm_clock_max": "",
  "throttle_seen": "",
  "gpu_samples": 0,
  "timestamp_utc": "2026-08-23T12:34:19.856797+00:00",
  "git_hash": "",
  "engine": "tp2-mia-soak",
  "engine_config": "SOAK-cycle71",
  "workload": "draftable",
  "model": "deepseek-v4-flash-dspark",
  "repeat": 1,
  "max_tokens": 512,
  "temperature": 1.0,
  "top_p": 0.95
}

results -> /Users/<user>/sparxlab/bench/results/soak/20260823-122903-tp2-mia-soak-draftable.csv
=== c=4 repeat=1 (draftable) ===
{
  "concurrency": 4,
  "requests_ok": 133,
  "requests_err": 0,
  "first_error_ts": "",
  "tokens_in_window": 4693,
  "window_s": 180,
  "aggregate_tok_s": 26.07,
  "decode_tok_s_median": 30.73,
  "prefill_tok_s_median": 230.8,
  "per_stream_wall_tok_s_median": 27.0,
  "ttft_p50_ms": 538.0,
  "ttft_p95_ms": 698.0,
  "ttft_samples": 133,
  "itl_p50_ms": 131.1,
  "token_source": "usage",
  "skipped_sse_lines": 0,
  "truncated_streams": 0,
  "power_w_max": "",
  "power_w_mean": "",
  "temp_c_max": "",
  "mem_used_mib_max": "",
  "sm_clock_min": "",
  "sm_clock_max": "",
  "throttle_seen": "",
  "gpu_samples": 0,
  "timestamp_utc": "2026-08-23T12:38:05.969788+00:00",
  "git_hash": "",
  "engine": "tp2-mia-soak",
  "engine_config": "SOAK-cycle71",
  "workload": "draftable",
  "model": "deepseek-v4-flash-dspark",
  "repeat": 1,
  "max_tokens": 512,
  "temperature": 1.0,
  "top_p": 0.95
}

results -> /Users/<user>/sparxlab/bench/results/soak/20260823-123450-tp2-mia-soak-draftable.csv
=== c=1 repeat=1 (adversarial) ===
{
  "concurrency": 1,
  "requests_ok": 9,
  "requests_err": 0,
  "first_error_ts": "",
  "tokens_in_window": 1879,
  "window_s": 120,
  "aggregate_tok_s": 15.66,
  "decode_tok_s_median": 35.25,
  "prefill_tok_s_median": 233.77,
  "per_stream_wall_tok_s_median": 34.71,
  "ttft_p50_ms": 268.0,
  "ttft_p95_ms": "",
  "ttft_samples": 9,
  "itl_p50_ms": 62.5,
  "token_source": "usage",
  "skipped_sse_lines": 0,
  "truncated_streams": 0,
  "power_w_max": "",
  "power_w_mean": "",
  "temp_c_max": "",
  "mem_used_mib_max": "",
  "sm_clock_min": "",
  "sm_clock_max": "",
  "throttle_seen": "",
  "gpu_samples": 0,
  "timestamp_utc": "2026-08-23T12:41:05.020972+00:00",
  "git_hash": "",
  "engine": "tp2-mia-soak",
  "engine_config": "SOAK-cycle72",
  "workload": "adversarial",
  "model": "deepseek-v4-flash-dspark",
  "repeat": 1,
  "max_tokens": 512,
  "temperature": 1.0,
  "top_p": 0.95
}

results -> /Users/<user>/sparxlab/bench/results/soak/20260823-123836-tp2-mia-soak-adversarial.csv
=== c=8 repeat=1 (adversarial) ===
{
  "concurrency": 8,
  "requests_ok": 64,
  "requests_err": 0,
  "first_error_ts": "",
  "tokens_in_window": 14431,
  "window_s": 300,
  "aggregate_tok_s": 48.1,
  "decode_tok_s_median": 12.85,
  "prefill_tok_s_median": 112.09,
  "per_stream_wall_tok_s_median": 12.68,
  "ttft_p50_ms": 580.0,
  "ttft_p95_ms": 644.0,
  "ttft_samples": 64,
  "itl_p50_ms": 162.5,
  "token_source": "usage",
  "skipped_sse_lines": 0,
  "truncated_streams": 0,
  "power_w_max": "",
  "power_w_mean": "",
  "temp_c_max": "",
  "mem_used_mib_max": "",
  "sm_clock_min": "",
  "sm_clock_max": "",
  "throttle_seen": "",
  "gpu_samples": 0,
  "timestamp_utc": "2026-08-23T12:47:40.000331+00:00",
  "git_hash": "",
  "engine": "tp2-mia-soak",
  "engine_config": "SOAK-cycle72",
  "workload": "adversarial",
  "model": "deepseek-v4-flash-dspark",
  "repeat": 1,
  "max_tokens": 512,
  "temperature": 1.0,
  "top_p": 0.95
}

results -> /Users/<user>/sparxlab/bench/results/soak/20260823-124135-tp2-mia-soak-adversarial.csv
=== c=4 repeat=1 (adversarial) ===
{
  "concurrency": 4,
  "requests_ok": 28,
  "requests_err": 0,
  "first_error_ts": "",
  "tokens_in_window": 6103,
  "window_s": 180,
  "aggregate_tok_s": 33.91,
  "decode_tok_s_median": 18.35,
  "prefill_tok_s_median": 146.87,
  "per_stream_wall_tok_s_median": 18.1,
  "ttft_p50_ms": 445.0,
  "ttft_p95_ms": 507.0,
  "ttft_samples": 28,
  "itl_p50_ms": 115.1,
  "token_source": "usage",
  "skipped_sse_lines": 0,
  "truncated_streams": 0,
  "power_w_max": "",
  "power_w_mean": "",
  "temp_c_max": "",
  "mem_used_mib_max": "",
  "sm_clock_min": "",
  "sm_clock_max": "",
  "throttle_seen": "",
  "gpu_samples": 0,
  "timestamp_utc": "2026-08-23T12:51:59.649733+00:00",
  "git_hash": "",
  "engine": "tp2-mia-soak",
  "engine_config": "SOAK-cycle72",
  "workload": "adversarial",
  "model": "deepseek-v4-flash-dspark",
  "repeat": 1,
  "max_tokens": 512,
  "temperature": 1.0,
  "top_p": 0.95
}

results -> /Users/<user>/sparxlab/bench/results/soak/20260823-124810-tp2-mia-soak-adversarial.csv
=== c=1 repeat=1 (draftable) ===
{
  "concurrency": 1,
  "requests_ok": 41,
  "requests_err": 0,
  "first_error_ts": "",
  "tokens_in_window": 1699,
  "window_s": 120,
  "aggregate_tok_s": 14.16,
  "decode_tok_s_median": 68.04,
  "prefill_tok_s_median": 385.02,
  "per_stream_wall_tok_s_median": 60.93,
  "ttft_p50_ms": 328.0,
  "ttft_p95_ms": 346.0,
  "ttft_samples": 41,
  "itl_p50_ms": 64.6,
  "token_source": "usage",
  "skipped_sse_lines": 0,
  "truncated_streams": 0,
  "power_w_max": "",
  "power_w_mean": "",
  "temp_c_max": "",
  "mem_used_mib_max": "",
  "sm_clock_min": "",
  "sm_clock_max": "",
  "throttle_seen": "",
  "gpu_samples": 0,
  "timestamp_utc": "2026-08-23T12:54:37.461239+00:00",
  "git_hash": "",
  "engine": "tp2-mia-soak",
  "engine_config": "SOAK-cycle73",
  "workload": "draftable",
  "model": "deepseek-v4-flash-dspark",
  "repeat": 1,
  "max_tokens": 512,
  "temperature": 1.0,
  "top_p": 0.95
}

results -> /Users/<user>/sparxlab/bench/results/soak/20260823-125229-tp2-mia-soak-draftable.csv
=== c=8 repeat=1 (draftable) ===
{
  "concurrency": 8,
  "requests_ok": 296,
  "requests_err": 0,
  "first_error_ts": "",
  "tokens_in_window": 10783,
  "window_s": 300,
  "aggregate_tok_s": 35.94,
  "decode_tok_s_median": 20.5,
  "prefill_tok_s_median": 169.21,
  "per_stream_wall_tok_s_median": 18.46,
  "ttft_p50_ms": 701.0,
  "ttft_p95_ms": 848.0,
  "ttft_samples": 296,
  "itl_p50_ms": 188.9,
  "token_source": "usage",
  "skipped_sse_lines": 0,
  "truncated_streams": 0,
  "power_w_max": "",
  "power_w_mean": "",
  "temp_c_max": "",
  "mem_used_mib_max": "",
  "sm_clock_min": "",
  "sm_clock_max": "",
  "throttle_seen": "",
  "gpu_samples": 0,
  "timestamp_utc": "2026-08-23T13:00:26.590742+00:00",
  "git_hash": "",
  "engine": "tp2-mia-soak",
  "engine_config": "SOAK-cycle73",
  "workload": "draftable",
  "model": "deepseek-v4-flash-dspark",
  "repeat": 1,
  "max_tokens": 512,
  "temperature": 1.0,
  "top_p": 0.95
}

results -> /Users/<user>/sparxlab/bench/results/soak/20260823-125507-tp2-mia-soak-draftable.csv
=== c=4 repeat=1 (draftable) ===
{
  "concurrency": 4,
  "requests_ok": 131,
  "requests_err": 0,
  "first_error_ts": "",
  "tokens_in_window": 4732,
  "window_s": 180,
  "aggregate_tok_s": 26.29,
  "decode_tok_s_median": 31.13,
  "prefill_tok_s_median": 226.87,
  "per_stream_wall_tok_s_median": 27.48,
  "ttft_p50_ms": 539.0,
  "ttft_p95_ms": 696.0,
  "ttft_samples": 131,
  "itl_p50_ms": 130.4,
  "token_source": "usage",
  "skipped_sse_lines": 0,
  "truncated_streams": 0,
  "power_w_max": "",
  "power_w_mean": "",
  "temp_c_max": "",
  "mem_used_mib_max": "",
  "sm_clock_min": "",
  "sm_clock_max": "",
  "throttle_seen": "",
  "gpu_samples": 0,
  "timestamp_utc": "2026-08-23T13:04:11.994614+00:00",
  "git_hash": "",
  "engine": "tp2-mia-soak",
  "engine_config": "SOAK-cycle73",
  "workload": "draftable",
  "model": "deepseek-v4-flash-dspark",
  "repeat": 1,
  "max_tokens": 512,
  "temperature": 1.0,
  "top_p": 0.95
}

results -> /Users/<user>/sparxlab/bench/results/soak/20260823-130056-tp2-mia-soak-draftable.csv
=== c=1 repeat=1 (adversarial) ===
{
  "concurrency": 1,
  "requests_ok": 9,
  "requests_err": 0,
  "first_error_ts": "",
  "tokens_in_window": 1873,
  "window_s": 120,
  "aggregate_tok_s": 15.61,
  "decode_tok_s_median": 34.13,
  "prefill_tok_s_median": 218.55,
  "per_stream_wall_tok_s_median": 33.63,
  "ttft_p50_ms": 263.0,
  "ttft_p95_ms": "",
  "ttft_samples": 9,
  "itl_p50_ms": 62.2,
  "token_source": "usage",
  "skipped_sse_lines": 0,
  "truncated_streams": 0,
  "power_w_max": "",
  "power_w_mean": "",
  "temp_c_max": "",
  "mem_used_mib_max": "",
  "sm_clock_min": "",
  "sm_clock_max": "",
  "throttle_seen": "",
  "gpu_samples": 0,
  "timestamp_utc": "2026-08-23T13:07:12.608172+00:00",
  "git_hash": "",
  "engine": "tp2-mia-soak",
  "engine_config": "SOAK-cycle74",
  "workload": "adversarial",
  "model": "deepseek-v4-flash-dspark",
  "repeat": 1,
  "max_tokens": 512,
  "temperature": 1.0,
  "top_p": 0.95
}

results -> /Users/<user>/sparxlab/bench/results/soak/20260823-130442-tp2-mia-soak-adversarial.csv
=== c=8 repeat=1 (adversarial) ===
{
  "concurrency": 8,
  "requests_ok": 64,
  "requests_err": 0,
  "first_error_ts": "",
  "tokens_in_window": 14440,
  "window_s": 300,
  "aggregate_tok_s": 48.13,
  "decode_tok_s_median": 13.14,
  "prefill_tok_s_median": 107.43,
  "per_stream_wall_tok_s_median": 12.96,
  "ttft_p50_ms": 588.0,
  "ttft_p95_ms": 695.0,
  "ttft_samples": 64,
  "itl_p50_ms": 162.1,
  "token_source": "usage",
  "skipped_sse_lines": 0,
  "truncated_streams": 0,
  "power_w_max": "",
  "power_w_mean": "",
  "temp_c_max": "",
  "mem_used_mib_max": "",
  "sm_clock_min": "",
  "sm_clock_max": "",
  "throttle_seen": "",
  "gpu_samples": 0,
  "timestamp_utc": "2026-08-23T13:13:41.399540+00:00",
  "git_hash": "",
  "engine": "tp2-mia-soak",
  "engine_config": "SOAK-cycle74",
  "workload": "adversarial",
  "model": "deepseek-v4-flash-dspark",
  "repeat": 1,
  "max_tokens": 512,
  "temperature": 1.0,
  "top_p": 0.95
}

results -> /Users/<user>/sparxlab/bench/results/soak/20260823-130742-tp2-mia-soak-adversarial.csv
=== c=4 repeat=1 (adversarial) ===
{
  "concurrency": 4,
  "requests_ok": 28,
  "requests_err": 0,
  "first_error_ts": "",
  "tokens_in_window": 6092,
  "window_s": 180,
  "aggregate_tok_s": 33.84,
  "decode_tok_s_median": 18.56,
  "prefill_tok_s_median": 144.09,
  "per_stream_wall_tok_s_median": 18.31,
  "ttft_p50_ms": 437.0,
  "ttft_p95_ms": 474.0,
  "ttft_samples": 28,
  "itl_p50_ms": 115.4,
  "token_source": "usage",
  "skipped_sse_lines": 0,
  "truncated_streams": 0,
  "power_w_max": "",
  "power_w_mean": "",
  "temp_c_max": "",
  "mem_used_mib_max": "",
  "sm_clock_min": "",
  "sm_clock_max": "",
  "throttle_seen": "",
  "gpu_samples": 0,
  "timestamp_utc": "2026-08-23T13:18:00.192634+00:00",
  "git_hash": "",
  "engine": "tp2-mia-soak",
  "engine_config": "SOAK-cycle74",
  "workload": "adversarial",
  "model": "deepseek-v4-flash-dspark",
  "repeat": 1,
  "max_tokens": 512,
  "temperature": 1.0,
  "top_p": 0.95
}

results -> /Users/<user>/sparxlab/bench/results/soak/20260823-131411-tp2-mia-soak-adversarial.csv
=== c=1 repeat=1 (draftable) ===
{
  "concurrency": 1,
  "requests_ok": 44,
  "requests_err": 0,
  "first_error_ts": "",
  "tokens_in_window": 1682,
  "window_s": 120,
  "aggregate_tok_s": 14.02,
  "decode_tok_s_median": 66.8,
  "prefill_tok_s_median": 368.5,
  "per_stream_wall_tok_s_median": 56.51,
  "ttft_p50_ms": 327.0,
  "ttft_p95_ms": 352.0,
  "ttft_samples": 44,
  "itl_p50_ms": 64.5,
  "token_source": "usage",
  "skipped_sse_lines": 0,
  "truncated_streams": 0,
  "power_w_max": "",
  "power_w_mean": "",
  "temp_c_max": "",
  "mem_used_mib_max": "",
  "sm_clock_min": "",
  "sm_clock_max": "",
  "throttle_seen": "",
  "gpu_samples": 0,
  "timestamp_utc": "2026-08-23T13:20:38.557213+00:00",
  "git_hash": "",
  "engine": "tp2-mia-soak",
  "engine_config": "SOAK-cycle75",
  "workload": "draftable",
  "model": "deepseek-v4-flash-dspark",
  "repeat": 1,
  "max_tokens": 512,
  "temperature": 1.0,
  "top_p": 0.95
}

results -> /Users/<user>/sparxlab/bench/results/soak/20260823-131830-tp2-mia-soak-draftable.csv
=== c=8 repeat=1 (draftable) ===
{
  "concurrency": 8,
  "requests_ok": 277,
  "requests_err": 0,
  "first_error_ts": "",
  "tokens_in_window": 10866,
  "window_s": 300,
  "aggregate_tok_s": 36.22,
  "decode_tok_s_median": 20.42,
  "prefill_tok_s_median": 176.12,
  "per_stream_wall_tok_s_median": 18.62,
  "ttft_p50_ms": 693.0,
  "ttft_p95_ms": 825.0,
  "ttft_samples": 277,
  "itl_p50_ms": 188.6,
  "token_source": "usage",
  "skipped_sse_lines": 0,
  "truncated_streams": 0,
  "power_w_max": "",
  "power_w_mean": "",
  "temp_c_max": "",
  "mem_used_mib_max": "",
  "sm_clock_min": "",
  "sm_clock_max": "",
  "throttle_seen": "",
  "gpu_samples": 0,
  "timestamp_utc": "2026-08-23T13:26:33.638861+00:00",
  "git_hash": "",
  "engine": "tp2-mia-soak",
  "engine_config": "SOAK-cycle75",
  "workload": "draftable",
  "model": "deepseek-v4-flash-dspark",
  "repeat": 1,
  "max_tokens": 512,
  "temperature": 1.0,
  "top_p": 0.95
}

results -> /Users/<user>/sparxlab/bench/results/soak/20260823-132108-tp2-mia-soak-draftable.csv
=== c=4 repeat=1 (draftable) ===
{
  "concurrency": 4,
  "requests_ok": 133,
  "requests_err": 0,
  "first_error_ts": "",
  "tokens_in_window": 4710,
  "window_s": 180,
  "aggregate_tok_s": 26.17,
  "decode_tok_s_median": 31.05,
  "prefill_tok_s_median": 238.14,
  "per_stream_wall_tok_s_median": 27.6,
  "ttft_p50_ms": 535.0,
  "ttft_p95_ms": 695.0,
  "ttft_samples": 133,
  "itl_p50_ms": 130.5,
  "token_source": "usage",
  "skipped_sse_lines": 0,
  "truncated_streams": 0,
  "power_w_max": "",
  "power_w_mean": "",
  "temp_c_max": "",
  "mem_used_mib_max": "",
  "sm_clock_min": "",
  "sm_clock_max": "",
  "throttle_seen": "",
  "gpu_samples": 0,
  "timestamp_utc": "2026-08-23T13:30:26.661268+00:00",
  "git_hash": "",
  "engine": "tp2-mia-soak",
  "engine_config": "SOAK-cycle75",
  "workload": "draftable",
  "model": "deepseek-v4-flash-dspark",
  "repeat": 1,
  "max_tokens": 512,
  "temperature": 1.0,
  "top_p": 0.95
}

results -> /Users/<user>/sparxlab/bench/results/soak/20260823-132703-tp2-mia-soak-draftable.csv
=== c=1 repeat=1 (adversarial) ===
{
  "concurrency": 1,
  "requests_ok": 8,
  "requests_err": 0,
  "first_error_ts": "",
  "tokens_in_window": 1886,
  "window_s": 120,
  "aggregate_tok_s": 15.72,
  "decode_tok_s_median": 34.17,
  "prefill_tok_s_median": 216.18,
  "per_stream_wall_tok_s_median": 33.51,
  "ttft_p50_ms": 270.0,
  "ttft_p95_ms": "",
  "ttft_samples": 8,
  "itl_p50_ms": 62.2,
  "token_source": "usage",
  "skipped_sse_lines": 0,
  "truncated_streams": 0,
  "power_w_max": "",
  "power_w_mean": "",
  "temp_c_max": "",
  "mem_used_mib_max": "",
  "sm_clock_min": "",
  "sm_clock_max": "",
  "throttle_seen": "",
  "gpu_samples": 0,
  "timestamp_utc": "2026-08-23T13:33:12.552169+00:00",
  "git_hash": "",
  "engine": "tp2-mia-soak",
  "engine_config": "SOAK-cycle76",
  "workload": "adversarial",
  "model": "deepseek-v4-flash-dspark",
  "repeat": 1,
  "max_tokens": 512,
  "temperature": 1.0,
  "top_p": 0.95
}

results -> /Users/<user>/sparxlab/bench/results/soak/20260823-133056-tp2-mia-soak-adversarial.csv
=== c=8 repeat=1 (adversarial) ===
{
  "concurrency": 8,
  "requests_ok": 64,
  "requests_err": 0,
  "first_error_ts": "",
  "tokens_in_window": 14416,
  "window_s": 300,
  "aggregate_tok_s": 48.05,
  "decode_tok_s_median": 12.99,
  "prefill_tok_s_median": 108.65,
  "per_stream_wall_tok_s_median": 12.81,
  "ttft_p50_ms": 581.0,
  "ttft_p95_ms": 781.0,
  "ttft_samples": 64,
  "itl_p50_ms": 162.7,
  "token_source": "usage",
  "skipped_sse_lines": 0,
  "truncated_streams": 0,
  "power_w_max": "",
  "power_w_mean": "",
  "temp_c_max": "",
  "mem_used_mib_max": "",
  "sm_clock_min": "",
  "sm_clock_max": "",
  "throttle_seen": "",
  "gpu_samples": 0,
  "timestamp_utc": "2026-08-23T13:39:48.115209+00:00",
  "git_hash": "",
  "engine": "tp2-mia-soak",
  "engine_config": "SOAK-cycle76",
  "workload": "adversarial",
  "model": "deepseek-v4-flash-dspark",
  "repeat": 1,
  "max_tokens": 512,
  "temperature": 1.0,
  "top_p": 0.95
}

results -> /Users/<user>/sparxlab/bench/results/soak/20260823-133342-tp2-mia-soak-adversarial.csv
=== c=4 repeat=1 (adversarial) ===
{
  "concurrency": 4,
  "requests_ok": 28,
  "requests_err": 0,
  "first_error_ts": "",
  "tokens_in_window": 6098,
  "window_s": 180,
  "aggregate_tok_s": 33.88,
  "decode_tok_s_median": 18.09,
  "prefill_tok_s_median": 137.21,
  "per_stream_wall_tok_s_median": 17.84,
  "ttft_p50_ms": 451.0,
  "ttft_p95_ms": 590.0,
  "ttft_samples": 28,
  "itl_p50_ms": 115.2,
  "token_source": "usage",
  "skipped_sse_lines": 0,
  "truncated_streams": 0,
  "power_w_max": "",
  "power_w_mean": "",
  "temp_c_max": "",
  "mem_used_mib_max": "",
  "sm_clock_min": "",
  "sm_clock_max": "",
  "throttle_seen": "",
  "gpu_samples": 0,
  "timestamp_utc": "2026-08-23T13:44:10.387272+00:00",
  "git_hash": "",
  "engine": "tp2-mia-soak",
  "engine_config": "SOAK-cycle76",
  "workload": "adversarial",
  "model": "deepseek-v4-flash-dspark",
  "repeat": 1,
  "max_tokens": 512,
  "temperature": 1.0,
  "top_p": 0.95
}

results -> /Users/<user>/sparxlab/bench/results/soak/20260823-134018-tp2-mia-soak-adversarial.csv
=== c=1 repeat=1 (draftable) ===
{
  "concurrency": 1,
  "requests_ok": 43,
  "requests_err": 0,
  "first_error_ts": "",
  "tokens_in_window": 1684,
  "window_s": 120,
  "aggregate_tok_s": 14.03,
  "decode_tok_s_median": 64.55,
  "prefill_tok_s_median": 369.3,
  "per_stream_wall_tok_s_median": 59.21,
  "ttft_p50_ms": 326.0,
  "ttft_p95_ms": 347.0,
  "ttft_samples": 43,
  "itl_p50_ms": 64.5,
  "token_source": "usage",
  "skipped_sse_lines": 0,
  "truncated_streams": 0,
  "power_w_max": "",
  "power_w_mean": "",
  "temp_c_max": "",
  "mem_used_mib_max": "",
  "sm_clock_min": "",
  "sm_clock_max": "",
  "throttle_seen": "",
  "gpu_samples": 0,
  "timestamp_utc": "2026-08-23T13:46:47.020615+00:00",
  "git_hash": "",
  "engine": "tp2-mia-soak",
  "engine_config": "SOAK-cycle77",
  "workload": "draftable",
  "model": "deepseek-v4-flash-dspark",
  "repeat": 1,
  "max_tokens": 512,
  "temperature": 1.0,
  "top_p": 0.95
}

results -> /Users/<user>/sparxlab/bench/results/soak/20260823-134440-tp2-mia-soak-draftable.csv
=== c=8 repeat=1 (draftable) ===
{
  "concurrency": 8,
  "requests_ok": 286,
  "requests_err": 0,
  "first_error_ts": "",
  "tokens_in_window": 10774,
  "window_s": 300,
  "aggregate_tok_s": 35.91,
  "decode_tok_s_median": 20.45,
  "prefill_tok_s_median": 172.14,
  "per_stream_wall_tok_s_median": 18.52,
  "ttft_p50_ms": 694.0,
  "ttft_p95_ms": 832.0,
  "ttft_samples": 286,
  "itl_p50_ms": 189.1,
  "token_source": "usage",
  "skipped_sse_lines": 0,
  "truncated_streams": 0,
  "power_w_max": "",
  "power_w_mean": "",
  "temp_c_max": "",
  "mem_used_mib_max": "",
  "sm_clock_min": "",
  "sm_clock_max": "",
  "throttle_seen": "",
  "gpu_samples": 0,
  "timestamp_utc": "2026-08-23T13:52:39.794019+00:00",
  "git_hash": "",
  "engine": "tp2-mia-soak",
  "engine_config": "SOAK-cycle77",
  "workload": "draftable",
  "model": "deepseek-v4-flash-dspark",
  "repeat": 1,
  "max_tokens": 512,
  "temperature": 1.0,
  "top_p": 0.95
}

results -> /Users/<user>/sparxlab/bench/results/soak/20260823-134717-tp2-mia-soak-draftable.csv
=== c=4 repeat=1 (draftable) ===
{
  "concurrency": 4,
  "requests_ok": 126,
  "requests_err": 0,
  "first_error_ts": "",
  "tokens_in_window": 4793,
  "window_s": 180,
  "aggregate_tok_s": 26.63,
  "decode_tok_s_median": 31.0,
  "prefill_tok_s_median": 234.49,
  "per_stream_wall_tok_s_median": 27.72,
  "ttft_p50_ms": 533.0,
  "ttft_p95_ms": 702.0,
  "ttft_samples": 126,
  "itl_p50_ms": 130.1,
  "token_source": "usage",
  "skipped_sse_lines": 0,
  "truncated_streams": 0,
  "power_w_max": "",
  "power_w_mean": "",
  "temp_c_max": "",
  "mem_used_mib_max": "",
  "sm_clock_min": "",
  "sm_clock_max": "",
  "throttle_seen": "",
  "gpu_samples": 0,
  "timestamp_utc": "2026-08-23T13:56:29.001885+00:00",
  "git_hash": "",
  "engine": "tp2-mia-soak",
  "engine_config": "SOAK-cycle77",
  "workload": "draftable",
  "model": "deepseek-v4-flash-dspark",
  "repeat": 1,
  "max_tokens": 512,
  "temperature": 1.0,
  "top_p": 0.95
}

results -> /Users/<user>/sparxlab/bench/results/soak/20260823-135309-tp2-mia-soak-draftable.csv
=== c=1 repeat=1 (adversarial) ===
{
  "concurrency": 1,
  "requests_ok": 8,
  "requests_err": 0,
  "first_error_ts": "",
  "tokens_in_window": 1890,
  "window_s": 120,
  "aggregate_tok_s": 15.75,
  "decode_tok_s_median": 34.02,
  "prefill_tok_s_median": 243.16,
  "per_stream_wall_tok_s_median": 33.47,
  "ttft_p50_ms": 250.0,
  "ttft_p95_ms": "",
  "ttft_samples": 8,
  "itl_p50_ms": 62.4,
  "token_source": "usage",
  "skipped_sse_lines": 0,
  "truncated_streams": 0,
  "power_w_max": "",
  "power_w_mean": "",
  "temp_c_max": "",
  "mem_used_mib_max": "",
  "sm_clock_min": "",
  "sm_clock_max": "",
  "throttle_seen": "",
  "gpu_samples": 0,
  "timestamp_utc": "2026-08-23T13:59:15.564968+00:00",
  "git_hash": "",
  "engine": "tp2-mia-soak",
  "engine_config": "SOAK-cycle78",
  "workload": "adversarial",
  "model": "deepseek-v4-flash-dspark",
  "repeat": 1,
  "max_tokens": 512,
  "temperature": 1.0,
  "top_p": 0.95
}

results -> /Users/<user>/sparxlab/bench/results/soak/20260823-135659-tp2-mia-soak-adversarial.csv
=== c=8 repeat=1 (adversarial) ===
{
  "concurrency": 8,
  "requests_ok": 64,
  "requests_err": 0,
  "first_error_ts": "",
  "tokens_in_window": 14384,
  "window_s": 300,
  "aggregate_tok_s": 47.95,
  "decode_tok_s_median": 12.97,
  "prefill_tok_s_median": 110.81,
  "per_stream_wall_tok_s_median": 12.79,
  "ttft_p50_ms": 577.0,
  "ttft_p95_ms": 691.0,
  "ttft_samples": 64,
  "itl_p50_ms": 162.5,
  "token_source": "usage",
  "skipped_sse_lines": 0,
  "truncated_streams": 0,
  "power_w_max": "",
  "power_w_mean": "",
  "temp_c_max": "",
  "mem_used_mib_max": "",
  "sm_clock_min": "",
  "sm_clock_max": "",
  "throttle_seen": "",
  "gpu_samples": 0,
  "timestamp_utc": "2026-08-23T14:05:51.261183+00:00",
  "git_hash": "",
  "engine": "tp2-mia-soak",
  "engine_config": "SOAK-cycle78",
  "workload": "adversarial",
  "model": "deepseek-v4-flash-dspark",
  "repeat": 1,
  "max_tokens": 512,
  "temperature": 1.0,
  "top_p": 0.95
}

results -> /Users/<user>/sparxlab/bench/results/soak/20260823-135945-tp2-mia-soak-adversarial.csv
=== c=4 repeat=1 (adversarial) ===
{
  "concurrency": 4,
  "requests_ok": 28,
  "requests_err": 0,
  "first_error_ts": "",
  "tokens_in_window": 6094,
  "window_s": 180,
  "aggregate_tok_s": 33.86,
  "decode_tok_s_median": 18.14,
  "prefill_tok_s_median": 137.51,
  "per_stream_wall_tok_s_median": 17.89,
  "ttft_p50_ms": 451.0,
  "ttft_p95_ms": 672.0,
  "ttft_samples": 28,
  "itl_p50_ms": 114.3,
  "token_source": "usage",
  "skipped_sse_lines": 0,
  "truncated_streams": 0,
  "power_w_max": "",
  "power_w_mean": "",
  "temp_c_max": "",
  "mem_used_mib_max": "",
  "sm_clock_min": "",
  "sm_clock_max": "",
  "throttle_seen": "",
  "gpu_samples": 0,
  "timestamp_utc": "2026-08-23T14:10:10.564873+00:00",
  "git_hash": "",
  "engine": "tp2-mia-soak",
  "engine_config": "SOAK-cycle78",
  "workload": "adversarial",
  "model": "deepseek-v4-flash-dspark",
  "repeat": 1,
  "max_tokens": 512,
  "temperature": 1.0,
  "top_p": 0.95
}

results -> /Users/<user>/sparxlab/bench/results/soak/20260823-140621-tp2-mia-soak-adversarial.csv
=== c=1 repeat=1 (draftable) ===
{
  "concurrency": 1,
  "requests_ok": 40,
  "requests_err": 0,
  "first_error_ts": "",
  "tokens_in_window": 1704,
  "window_s": 120,
  "aggregate_tok_s": 14.2,
  "decode_tok_s_median": 66.6,
  "prefill_tok_s_median": 377.25,
  "per_stream_wall_tok_s_median": 58.08,
  "ttft_p50_ms": 325.0,
  "ttft_p95_ms": 346.0,
  "ttft_samples": 40,
  "itl_p50_ms": 64.5,
  "token_source": "usage",
  "skipped_sse_lines": 0,
  "truncated_streams": 0,
  "power_w_max": "",
  "power_w_mean": "",
  "temp_c_max": "",
  "mem_used_mib_max": "",
  "sm_clock_min": "",
  "sm_clock_max": "",
  "throttle_seen": "",
  "gpu_samples": 0,
  "timestamp_utc": "2026-08-23T14:12:47.377756+00:00",
  "git_hash": "",
  "engine": "tp2-mia-soak",
  "engine_config": "SOAK-cycle79",
  "workload": "draftable",
  "model": "deepseek-v4-flash-dspark",
  "repeat": 1,
  "max_tokens": 512,
  "temperature": 1.0,
  "top_p": 0.95
}

results -> /Users/<user>/sparxlab/bench/results/soak/20260823-141040-tp2-mia-soak-draftable.csv
=== c=8 repeat=1 (draftable) ===
{
  "concurrency": 8,
  "requests_ok": 286,
  "requests_err": 0,
  "first_error_ts": "",
  "tokens_in_window": 10870,
  "window_s": 300,
  "aggregate_tok_s": 36.23,
  "decode_tok_s_median": 20.32,
  "prefill_tok_s_median": 171.64,
  "per_stream_wall_tok_s_median": 18.68,
  "ttft_p50_ms": 695.0,
  "ttft_p95_ms": 841.0,
  "ttft_samples": 286,
  "itl_p50_ms": 188.4,
  "token_source": "usage",
  "skipped_sse_lines": 0,
  "truncated_streams": 0,
  "power_w_max": "",
  "power_w_mean": "",
  "temp_c_max": "",
  "mem_used_mib_max": "",
  "sm_clock_min": "",
  "sm_clock_max": "",
  "throttle_seen": "",
  "gpu_samples": 0,
  "timestamp_utc": "2026-08-23T14:18:41.530186+00:00",
  "git_hash": "",
  "engine": "tp2-mia-soak",
  "engine_config": "SOAK-cycle79",
  "workload": "draftable",
  "model": "deepseek-v4-flash-dspark",
  "repeat": 1,
  "max_tokens": 512,
  "temperature": 1.0,
  "top_p": 0.95
}

results -> /Users/<user>/sparxlab/bench/results/soak/20260823-141317-tp2-mia-soak-draftable.csv
=== c=4 repeat=1 (draftable) ===
{
  "concurrency": 4,
  "requests_ok": 138,
  "requests_err": 0,
  "first_error_ts": "",
  "tokens_in_window": 4656,
  "window_s": 180,
  "aggregate_tok_s": 25.87,
  "decode_tok_s_median": 29.85,
  "prefill_tok_s_median": 237.6,
  "per_stream_wall_tok_s_median": 26.21,
  "ttft_p50_ms": 534.0,
  "ttft_p95_ms": 693.0,
  "ttft_samples": 138,
  "itl_p50_ms": 131.5,
  "token_source": "usage",
  "skipped_sse_lines": 0,
  "truncated_streams": 0,
  "power_w_max": "",
  "power_w_mean": "",
  "temp_c_max": "",
  "mem_used_mib_max": "",
  "sm_clock_min": "",
  "sm_clock_max": "",
  "throttle_seen": "",
  "gpu_samples": 0,
  "timestamp_utc": "2026-08-23T14:22:32.739975+00:00",
  "git_hash": "",
  "engine": "tp2-mia-soak",
  "engine_config": "SOAK-cycle79",
  "workload": "draftable",
  "model": "deepseek-v4-flash-dspark",
  "repeat": 1,
  "max_tokens": 512,
  "temperature": 1.0,
  "top_p": 0.95
}

results -> /Users/<user>/sparxlab/bench/results/soak/20260823-141911-tp2-mia-soak-draftable.csv
=== c=1 repeat=1 (adversarial) ===
{
  "concurrency": 1,
  "requests_ok": 9,
  "requests_err": 0,
  "first_error_ts": "",
  "tokens_in_window": 1888,
  "window_s": 120,
  "aggregate_tok_s": 15.73,
  "decode_tok_s_median": 35.05,
  "prefill_tok_s_median": 250.01,
  "per_stream_wall_tok_s_median": 34.54,
  "ttft_p50_ms": 233.0,
  "ttft_p95_ms": "",
  "ttft_samples": 9,
  "itl_p50_ms": 62.4,
  "token_source": "usage",
  "skipped_sse_lines": 0,
  "truncated_streams": 0,
  "power_w_max": "",
  "power_w_mean": "",
  "temp_c_max": "",
  "mem_used_mib_max": "",
  "sm_clock_min": "",
  "sm_clock_max": "",
  "throttle_seen": "",
  "gpu_samples": 0,
  "timestamp_utc": "2026-08-23T14:25:32.652543+00:00",
  "git_hash": "",
  "engine": "tp2-mia-soak",
  "engine_config": "SOAK-cycle80",
  "workload": "adversarial",
  "model": "deepseek-v4-flash-dspark",
  "repeat": 1,
  "max_tokens": 512,
  "temperature": 1.0,
  "top_p": 0.95
}

results -> /Users/<user>/sparxlab/bench/results/soak/20260823-142302-tp2-mia-soak-adversarial.csv
=== c=8 repeat=1 (adversarial) ===
{
  "concurrency": 8,
  "requests_ok": 64,
  "requests_err": 0,
  "first_error_ts": "",
  "tokens_in_window": 14479,
  "window_s": 300,
  "aggregate_tok_s": 48.26,
  "decode_tok_s_median": 13.05,
  "prefill_tok_s_median": 113.06,
  "per_stream_wall_tok_s_median": 12.87,
  "ttft_p50_ms": 579.0,
  "ttft_p95_ms": 680.0,
  "ttft_samples": 64,
  "itl_p50_ms": 161.7,
  "token_source": "usage",
  "skipped_sse_lines": 0,
  "truncated_streams": 0,
  "power_w_max": "",
  "power_w_mean": "",
  "temp_c_max": "",
  "mem_used_mib_max": "",
  "sm_clock_min": "",
  "sm_clock_max": "",
  "throttle_seen": "",
  "gpu_samples": 0,
  "timestamp_utc": "2026-08-23T14:32:07.246393+00:00",
  "git_hash": "",
  "engine": "tp2-mia-soak",
  "engine_config": "SOAK-cycle80",
  "workload": "adversarial",
  "model": "deepseek-v4-flash-dspark",
  "repeat": 1,
  "max_tokens": 512,
  "temperature": 1.0,
  "top_p": 0.95
}

results -> /Users/<user>/sparxlab/bench/results/soak/20260823-142602-tp2-mia-soak-adversarial.csv
=== c=4 repeat=1 (adversarial) ===
{
  "concurrency": 4,
  "requests_ok": 28,
  "requests_err": 0,
  "first_error_ts": "",
  "tokens_in_window": 6092,
  "window_s": 180,
  "aggregate_tok_s": 33.84,
  "decode_tok_s_median": 18.45,
  "prefill_tok_s_median": 144.15,
  "per_stream_wall_tok_s_median": 18.22,
  "ttft_p50_ms": 446.0,
  "ttft_p95_ms": 578.0,
  "ttft_samples": 28,
  "itl_p50_ms": 115.1,
  "token_source": "usage",
  "skipped_sse_lines": 0,
  "truncated_streams": 0,
  "power_w_max": "",
  "power_w_mean": "",
  "temp_c_max": "",
  "mem_used_mib_max": "",
  "sm_clock_min": "",
  "sm_clock_max": "",
  "throttle_seen": "",
  "gpu_samples": 0,
  "timestamp_utc": "2026-08-23T14:36:23.211552+00:00",
  "git_hash": "",
  "engine": "tp2-mia-soak",
  "engine_config": "SOAK-cycle80",
  "workload": "adversarial",
  "model": "deepseek-v4-flash-dspark",
  "repeat": 1,
  "max_tokens": 512,
  "temperature": 1.0,
  "top_p": 0.95
}

results -> /Users/<user>/sparxlab/bench/results/soak/20260823-143237-tp2-mia-soak-adversarial.csv
=== c=1 repeat=1 (draftable) ===
{
  "concurrency": 1,
  "requests_ok": 39,
  "requests_err": 0,
  "first_error_ts": "",
  "tokens_in_window": 1708,
  "window_s": 120,
  "aggregate_tok_s": 14.23,
  "decode_tok_s_median": 64.79,
  "prefill_tok_s_median": 366.77,
  "per_stream_wall_tok_s_median": 58.78,
  "ttft_p50_ms": 327.0,
  "ttft_p95_ms": 343.0,
  "ttft_samples": 39,
  "itl_p50_ms": 64.8,
  "token_source": "usage",
  "skipped_sse_lines": 0,
  "truncated_streams": 0,
  "power_w_max": "",
  "power_w_mean": "",
  "temp_c_max": "",
  "mem_used_mib_max": "",
  "sm_clock_min": "",
  "sm_clock_max": "",
  "throttle_seen": "",
  "gpu_samples": 0,
  "timestamp_utc": "2026-08-23T14:39:02.595784+00:00",
  "git_hash": "",
  "engine": "tp2-mia-soak",
  "engine_config": "SOAK-cycle81",
  "workload": "draftable",
  "model": "deepseek-v4-flash-dspark",
  "repeat": 1,
  "max_tokens": 512,
  "temperature": 1.0,
  "top_p": 0.95
}

results -> /Users/<user>/sparxlab/bench/results/soak/20260823-143653-tp2-mia-soak-draftable.csv
=== c=8 repeat=1 (draftable) ===
{
  "concurrency": 8,
  "requests_ok": 296,
  "requests_err": 0,
  "first_error_ts": "",
  "tokens_in_window": 10730,
  "window_s": 300,
  "aggregate_tok_s": 35.77,
  "decode_tok_s_median": 20.43,
  "prefill_tok_s_median": 171.15,
  "per_stream_wall_tok_s_median": 18.46,
  "ttft_p50_ms": 696.0,
  "ttft_p95_ms": 842.0,
  "ttft_samples": 296,
  "itl_p50_ms": 190.0,
  "token_source": "usage",
  "skipped_sse_lines": 0,
  "truncated_streams": 0,
  "power_w_max": "",
  "power_w_mean": "",
  "temp_c_max": "",
  "mem_used_mib_max": "",
  "sm_clock_min": "",
  "sm_clock_max": "",
  "throttle_seen": "",
  "gpu_samples": 0,
  "timestamp_utc": "2026-08-23T14:44:56.741761+00:00",
  "git_hash": "",
  "engine": "tp2-mia-soak",
  "engine_config": "SOAK-cycle81",
  "workload": "draftable",
  "model": "deepseek-v4-flash-dspark",
  "repeat": 1,
  "max_tokens": 512,
  "temperature": 1.0,
  "top_p": 0.95
}

results -> /Users/<user>/sparxlab/bench/results/soak/20260823-143932-tp2-mia-soak-draftable.csv
=== c=4 repeat=1 (draftable) ===
{
  "concurrency": 4,
  "requests_ok": 134,
  "requests_err": 0,
  "first_error_ts": "",
  "tokens_in_window": 4715,
  "window_s": 180,
  "aggregate_tok_s": 26.19,
  "decode_tok_s_median": 30.33,
  "prefill_tok_s_median": 237.87,
  "per_stream_wall_tok_s_median": 26.89,
  "ttft_p50_ms": 535.0,
  "ttft_p95_ms": 692.0,
  "ttft_samples": 134,
  "itl_p50_ms": 130.5,
  "token_source": "usage",
  "skipped_sse_lines": 0,
  "truncated_streams": 0,
  "power_w_max": "",
  "power_w_mean": "",
  "temp_c_max": "",
  "mem_used_mib_max": "",
  "sm_clock_min": "",
  "sm_clock_max": "",
  "throttle_seen": "",
  "gpu_samples": 0,
  "timestamp_utc": "2026-08-23T14:48:43.588252+00:00",
  "git_hash": "",
  "engine": "tp2-mia-soak",
  "engine_config": "SOAK-cycle81",
  "workload": "draftable",
  "model": "deepseek-v4-flash-dspark",
  "repeat": 1,
  "max_tokens": 512,
  "temperature": 1.0,
  "top_p": 0.95
}

results -> /Users/<user>/sparxlab/bench/results/soak/20260823-144526-tp2-mia-soak-draftable.csv
=== c=1 repeat=1 (adversarial) ===
{
  "concurrency": 1,
  "requests_ok": 9,
  "requests_err": 0,
  "first_error_ts": "",
  "tokens_in_window": 1891,
  "window_s": 120,
  "aggregate_tok_s": 15.76,
  "decode_tok_s_median": 35.74,
  "prefill_tok_s_median": 249.38,
  "per_stream_wall_tok_s_median": 35.29,
  "ttft_p50_ms": 226.0,
  "ttft_p95_ms": "",
  "ttft_samples": 9,
  "itl_p50_ms": 62.1,
  "token_source": "usage",
  "skipped_sse_lines": 0,
  "truncated_streams": 0,
  "power_w_max": "",
  "power_w_mean": "",
  "temp_c_max": "",
  "mem_used_mib_max": "",
  "sm_clock_min": "",
  "sm_clock_max": "",
  "throttle_seen": "",
  "gpu_samples": 0,
  "timestamp_utc": "2026-08-23T14:51:42.870000+00:00",
  "git_hash": "",
  "engine": "tp2-mia-soak",
  "engine_config": "SOAK-cycle82",
  "workload": "adversarial",
  "model": "deepseek-v4-flash-dspark",
  "repeat": 1,
  "max_tokens": 512,
  "temperature": 1.0,
  "top_p": 0.95
}

results -> /Users/<user>/sparxlab/bench/results/soak/20260823-144913-tp2-mia-soak-adversarial.csv
=== c=8 repeat=1 (adversarial) ===
{
  "concurrency": 8,
  "requests_ok": 64,
  "requests_err": 0,
  "first_error_ts": "",
  "tokens_in_window": 14442,
  "window_s": 300,
  "aggregate_tok_s": 48.14,
  "decode_tok_s_median": 13.08,
  "prefill_tok_s_median": 109.61,
  "per_stream_wall_tok_s_median": 12.88,
  "ttft_p50_ms": 583.0,
  "ttft_p95_ms": 750.0,
  "ttft_samples": 64,
  "itl_p50_ms": 162.3,
  "token_source": "usage",
  "skipped_sse_lines": 0,
  "truncated_streams": 0,
  "power_w_max": "",
  "power_w_mean": "",
  "temp_c_max": "",
  "mem_used_mib_max": "",
  "sm_clock_min": "",
  "sm_clock_max": "",
  "throttle_seen": "",
  "gpu_samples": 0,
  "timestamp_utc": "2026-08-23T14:58:16.101565+00:00",
  "git_hash": "",
  "engine": "tp2-mia-soak",
  "engine_config": "SOAK-cycle82",
  "workload": "adversarial",
  "model": "deepseek-v4-flash-dspark",
  "repeat": 1,
  "max_tokens": 512,
  "temperature": 1.0,
  "top_p": 0.95
}

results -> /Users/<user>/sparxlab/bench/results/soak/20260823-145213-tp2-mia-soak-adversarial.csv
=== c=4 repeat=1 (adversarial) ===
{
  "concurrency": 4,
  "requests_ok": 28,
  "requests_err": 0,
  "first_error_ts": "",
  "tokens_in_window": 6081,
  "window_s": 180,
  "aggregate_tok_s": 33.78,
  "decode_tok_s_median": 18.34,
  "prefill_tok_s_median": 143.3,
  "per_stream_wall_tok_s_median": 18.09,
  "ttft_p50_ms": 445.0,
  "ttft_p95_ms": 606.0,
  "ttft_samples": 28,
  "itl_p50_ms": 116.1,
  "token_source": "usage",
  "skipped_sse_lines": 0,
  "truncated_streams": 0,
  "power_w_max": "",
  "power_w_mean": "",
  "temp_c_max": "",
  "mem_used_mib_max": "",
  "sm_clock_min": "",
  "sm_clock_max": "",
  "throttle_seen": "",
  "gpu_samples": 0,
  "timestamp_utc": "2026-08-23T15:02:36.547154+00:00",
  "git_hash": "",
  "engine": "tp2-mia-soak",
  "engine_config": "SOAK-cycle82",
  "workload": "adversarial",
  "model": "deepseek-v4-flash-dspark",
  "repeat": 1,
  "max_tokens": 512,
  "temperature": 1.0,
  "top_p": 0.95
}

results -> /Users/<user>/sparxlab/bench/results/soak/20260823-145846-tp2-mia-soak-adversarial.csv
=== c=1 repeat=1 (draftable) ===
{
  "concurrency": 1,
  "requests_ok": 46,
  "requests_err": 0,
  "first_error_ts": "",
  "tokens_in_window": 1652,
  "window_s": 120,
  "aggregate_tok_s": 13.77,
  "decode_tok_s_median": 67.24,
  "prefill_tok_s_median": 372.97,
  "per_stream_wall_tok_s_median": 57.12,
  "ttft_p50_ms": 329.0,
  "ttft_p95_ms": 353.0,
  "ttft_samples": 46,
  "itl_p50_ms": 65.0,
  "token_source": "usage",
  "skipped_sse_lines": 0,
  "truncated_streams": 0,
  "power_w_max": "",
  "power_w_mean": "",
  "temp_c_max": "",
  "mem_used_mib_max": "",
  "sm_clock_min": "",
  "sm_clock_max": "",
  "throttle_seen": "",
  "gpu_samples": 0,
  "timestamp_utc": "2026-08-23T15:05:16.146862+00:00",
  "git_hash": "",
  "engine": "tp2-mia-soak",
  "engine_config": "SOAK-cycle83",
  "workload": "draftable",
  "model": "deepseek-v4-flash-dspark",
  "repeat": 1,
  "max_tokens": 512,
  "temperature": 1.0,
  "top_p": 0.95
}

results -> /Users/<user>/sparxlab/bench/results/soak/20260823-150306-tp2-mia-soak-draftable.csv
=== c=8 repeat=1 (draftable) ===
{
  "concurrency": 8,
  "requests_ok": 294,
  "requests_err": 0,
  "first_error_ts": "",
  "tokens_in_window": 10783,
  "window_s": 300,
  "aggregate_tok_s": 35.94,
  "decode_tok_s_median": 20.37,
  "prefill_tok_s_median": 171.9,
  "per_stream_wall_tok_s_median": 18.42,
  "ttft_p50_ms": 696.0,
  "ttft_p95_ms": 846.0,
  "ttft_samples": 294,
  "itl_p50_ms": 188.8,
  "token_source": "usage",
  "skipped_sse_lines": 0,
  "truncated_streams": 0,
  "power_w_max": "",
  "power_w_mean": "",
  "temp_c_max": "",
  "mem_used_mib_max": "",
  "sm_clock_min": "",
  "sm_clock_max": "",
  "throttle_seen": "",
  "gpu_samples": 0,
  "timestamp_utc": "2026-08-23T15:11:12.637268+00:00",
  "git_hash": "",
  "engine": "tp2-mia-soak",
  "engine_config": "SOAK-cycle83",
  "workload": "draftable",
  "model": "deepseek-v4-flash-dspark",
  "repeat": 1,
  "max_tokens": 512,
  "temperature": 1.0,
  "top_p": 0.95
}

results -> /Users/<user>/sparxlab/bench/results/soak/20260823-150546-tp2-mia-soak-draftable.csv
=== c=4 repeat=1 (draftable) ===
{
  "concurrency": 4,
  "requests_ok": 133,
  "requests_err": 0,
  "first_error_ts": "",
  "tokens_in_window": 4729,
  "window_s": 180,
  "aggregate_tok_s": 26.27,
  "decode_tok_s_median": 30.33,
  "prefill_tok_s_median": 238.13,
  "per_stream_wall_tok_s_median": 26.79,
  "ttft_p50_ms": 534.0,
  "ttft_p95_ms": 677.0,
  "ttft_samples": 133,
  "itl_p50_ms": 131.3,
  "token_source": "usage",
  "skipped_sse_lines": 0,
  "truncated_streams": 0,
  "power_w_max": "",
  "power_w_mean": "",
  "temp_c_max": "",
  "mem_used_mib_max": "",
  "sm_clock_min": "",
  "sm_clock_max": "",
  "throttle_seen": "",
  "gpu_samples": 0,
  "timestamp_utc": "2026-08-23T15:14:59.796365+00:00",
  "git_hash": "",
  "engine": "tp2-mia-soak",
  "engine_config": "SOAK-cycle83",
  "workload": "draftable",
  "model": "deepseek-v4-flash-dspark",
  "repeat": 1,
  "max_tokens": 512,
  "temperature": 1.0,
  "top_p": 0.95
}

results -> /Users/<user>/sparxlab/bench/results/soak/20260823-151142-tp2-mia-soak-draftable.csv
=== c=1 repeat=1 (adversarial) ===
{
  "concurrency": 1,
  "requests_ok": 9,
  "requests_err": 0,
  "first_error_ts": "",
  "tokens_in_window": 1880,
  "window_s": 120,
  "aggregate_tok_s": 15.67,
  "decode_tok_s_median": 34.18,
  "prefill_tok_s_median": 221.28,
  "per_stream_wall_tok_s_median": 33.64,
  "ttft_p50_ms": 270.0,
  "ttft_p95_ms": "",
  "ttft_samples": 9,
  "itl_p50_ms": 62.4,
  "token_source": "usage",
  "skipped_sse_lines": 0,
  "truncated_streams": 0,
  "power_w_max": "",
  "power_w_mean": "",
  "temp_c_max": "",
  "mem_used_mib_max": "",
  "sm_clock_min": "",
  "sm_clock_max": "",
  "throttle_seen": "",
  "gpu_samples": 0,
  "timestamp_utc": "2026-08-23T15:17:57.445579+00:00",
  "git_hash": "",
  "engine": "tp2-mia-soak",
  "engine_config": "SOAK-cycle84",
  "workload": "adversarial",
  "model": "deepseek-v4-flash-dspark",
  "repeat": 1,
  "max_tokens": 512,
  "temperature": 1.0,
  "top_p": 0.95
}

results -> /Users/<user>/sparxlab/bench/results/soak/20260823-151529-tp2-mia-soak-adversarial.csv
=== c=8 repeat=1 (adversarial) ===
{
  "concurrency": 8,
  "requests_ok": 64,
  "requests_err": 0,
  "first_error_ts": "",
  "tokens_in_window": 14482,
  "window_s": 300,
  "aggregate_tok_s": 48.27,
  "decode_tok_s_median": 13.04,
  "prefill_tok_s_median": 107.71,
  "per_stream_wall_tok_s_median": 12.88,
  "ttft_p50_ms": 583.0,
  "ttft_p95_ms": 712.0,
  "ttft_samples": 64,
  "itl_p50_ms": 161.8,
  "token_source": "usage",
  "skipped_sse_lines": 0,
  "truncated_streams": 0,
  "power_w_max": "",
  "power_w_mean": "",
  "temp_c_max": "",
  "mem_used_mib_max": "",
  "sm_clock_min": "",
  "sm_clock_max": "",
  "throttle_seen": "",
  "gpu_samples": 0,
  "timestamp_utc": "2026-08-23T15:24:31.693849+00:00",
  "git_hash": "",
  "engine": "tp2-mia-soak",
  "engine_config": "SOAK-cycle84",
  "workload": "adversarial",
  "model": "deepseek-v4-flash-dspark",
  "repeat": 1,
  "max_tokens": 512,
  "temperature": 1.0,
  "top_p": 0.95
}

results -> /Users/<user>/sparxlab/bench/results/soak/20260823-151827-tp2-mia-soak-adversarial.csv
=== c=4 repeat=1 (adversarial) ===
{
  "concurrency": 4,
  "requests_ok": 28,
  "requests_err": 0,
  "first_error_ts": "",
  "tokens_in_window": 6094,
  "window_s": 180,
  "aggregate_tok_s": 33.86,
  "decode_tok_s_median": 18.4,
  "prefill_tok_s_median": 144.24,
  "per_stream_wall_tok_s_median": 18.14,
  "ttft_p50_ms": 448.0,
  "ttft_p95_ms": 580.0,
  "ttft_samples": 28,
  "itl_p50_ms": 115.6,
  "token_source": "usage",
  "skipped_sse_lines": 0,
  "truncated_streams": 0,
  "power_w_max": "",
  "power_w_mean": "",
  "temp_c_max": "",
  "mem_used_mib_max": "",
  "sm_clock_min": "",
  "sm_clock_max": "",
  "throttle_seen": "",
  "gpu_samples": 0,
  "timestamp_utc": "2026-08-23T15:28:50.984721+00:00",
  "git_hash": "",
  "engine": "tp2-mia-soak",
  "engine_config": "SOAK-cycle84",
  "workload": "adversarial",
  "model": "deepseek-v4-flash-dspark",
  "repeat": 1,
  "max_tokens": 512,
  "temperature": 1.0,
  "top_p": 0.95
}

results -> /Users/<user>/sparxlab/bench/results/soak/20260823-152501-tp2-mia-soak-adversarial.csv
=== c=1 repeat=1 (draftable) ===
{
  "concurrency": 1,
  "requests_ok": 43,
  "requests_err": 0,
  "first_error_ts": "",
  "tokens_in_window": 1682,
  "window_s": 120,
  "aggregate_tok_s": 14.02,
  "decode_tok_s_median": 66.41,
  "prefill_tok_s_median": 371.72,
  "per_stream_wall_tok_s_median": 59.45,
  "ttft_p50_ms": 329.0,
  "ttft_p95_ms": 343.0,
  "ttft_samples": 43,
  "itl_p50_ms": 64.6,
  "token_source": "usage",
  "skipped_sse_lines": 0,
  "truncated_streams": 0,
  "power_w_max": "",
  "power_w_mean": "",
  "temp_c_max": "",
  "mem_used_mib_max": "",
  "sm_clock_min": "",
  "sm_clock_max": "",
  "throttle_seen": "",
  "gpu_samples": 0,
  "timestamp_utc": "2026-08-23T15:31:28.352629+00:00",
  "git_hash": "",
  "engine": "tp2-mia-soak",
  "engine_config": "SOAK-cycle85",
  "workload": "draftable",
  "model": "deepseek-v4-flash-dspark",
  "repeat": 1,
  "max_tokens": 512,
  "temperature": 1.0,
  "top_p": 0.95
}

results -> /Users/<user>/sparxlab/bench/results/soak/20260823-152921-tp2-mia-soak-draftable.csv
=== c=8 repeat=1 (draftable) ===
{
  "concurrency": 8,
  "requests_ok": 290,
  "requests_err": 0,
  "first_error_ts": "",
  "tokens_in_window": 10758,
  "window_s": 300,
  "aggregate_tok_s": 35.86,
  "decode_tok_s_median": 20.24,
  "prefill_tok_s_median": 172.58,
  "per_stream_wall_tok_s_median": 18.27,
  "ttft_p50_ms": 693.0,
  "ttft_p95_ms": 837.0,
  "ttft_samples": 290,
  "itl_p50_ms": 189.4,
  "token_source": "usage",
  "skipped_sse_lines": 0,
  "truncated_streams": 0,
  "power_w_max": "",
  "power_w_mean": "",
  "temp_c_max": "",
  "mem_used_mib_max": "",
  "sm_clock_min": "",
  "sm_clock_max": "",
  "throttle_seen": "",
  "gpu_samples": 0,
  "timestamp_utc": "2026-08-23T15:37:19.369589+00:00",
  "git_hash": "",
  "engine": "tp2-mia-soak",
  "engine_config": "SOAK-cycle85",
  "workload": "draftable",
  "model": "deepseek-v4-flash-dspark",
  "repeat": 1,
  "max_tokens": 512,
  "temperature": 1.0,
  "top_p": 0.95
}

results -> /Users/<user>/sparxlab/bench/results/soak/20260823-153158-tp2-mia-soak-draftable.csv
=== c=4 repeat=1 (draftable) ===
{
  "concurrency": 4,
  "requests_ok": 134,
  "requests_err": 0,
  "first_error_ts": "",
  "tokens_in_window": 4729,
  "window_s": 180,
  "aggregate_tok_s": 26.27,
  "decode_tok_s_median": 31.08,
  "prefill_tok_s_median": 235.53,
  "per_stream_wall_tok_s_median": 27.43,
  "ttft_p50_ms": 536.0,
  "ttft_p95_ms": 699.0,
  "ttft_samples": 134,
  "itl_p50_ms": 130.6,
  "token_source": "usage",
  "skipped_sse_lines": 0,
  "truncated_streams": 0,
  "power_w_max": "",
  "power_w_mean": "",
  "temp_c_max": "",
  "mem_used_mib_max": "",
  "sm_clock_min": "",
  "sm_clock_max": "",
  "throttle_seen": "",
  "gpu_samples": 0,
  "timestamp_utc": "2026-08-23T15:41:06.997141+00:00",
  "git_hash": "",
  "engine": "tp2-mia-soak",
  "engine_config": "SOAK-cycle85",
  "workload": "draftable",
  "model": "deepseek-v4-flash-dspark",
  "repeat": 1,
  "max_tokens": 512,
  "temperature": 1.0,
  "top_p": 0.95
}

results -> /Users/<user>/sparxlab/bench/results/soak/20260823-153749-tp2-mia-soak-draftable.csv
=== c=1 repeat=1 (adversarial) ===
{
  "concurrency": 1,
  "requests_ok": 9,
  "requests_err": 0,
  "first_error_ts": "",
  "tokens_in_window": 1894,
  "window_s": 120,
  "aggregate_tok_s": 15.78,
  "decode_tok_s_median": 34.99,
  "prefill_tok_s_median": 247.26,
  "per_stream_wall_tok_s_median": 34.42,
  "ttft_p50_ms": 267.0,
  "ttft_p95_ms": "",
  "ttft_samples": 9,
  "itl_p50_ms": 61.9,
  "token_source": "usage",
  "skipped_sse_lines": 0,
  "truncated_streams": 0,
  "power_w_max": "",
  "power_w_mean": "",
  "temp_c_max": "",
  "mem_used_mib_max": "",
  "sm_clock_min": "",
  "sm_clock_max": "",
  "throttle_seen": "",
  "gpu_samples": 0,
  "timestamp_utc": "2026-08-23T15:44:02.506325+00:00",
  "git_hash": "",
  "engine": "tp2-mia-soak",
  "engine_config": "SOAK-cycle86",
  "workload": "adversarial",
  "model": "deepseek-v4-flash-dspark",
  "repeat": 1,
  "max_tokens": 512,
  "temperature": 1.0,
  "top_p": 0.95
}

results -> /Users/<user>/sparxlab/bench/results/soak/20260823-154137-tp2-mia-soak-adversarial.csv
=== c=8 repeat=1 (adversarial) ===
{
  "concurrency": 8,
  "requests_ok": 64,
  "requests_err": 0,
  "first_error_ts": "",
  "tokens_in_window": 14470,
  "window_s": 300,
  "aggregate_tok_s": 48.23,
  "decode_tok_s_median": 13.16,
  "prefill_tok_s_median": 111.17,
  "per_stream_wall_tok_s_median": 12.98,
  "ttft_p50_ms": 581.0,
  "ttft_p95_ms": 689.0,
  "ttft_samples": 64,
  "itl_p50_ms": 161.9,
  "token_source": "usage",
  "skipped_sse_lines": 0,
  "truncated_streams": 0,
  "power_w_max": "",
  "power_w_mean": "",
  "temp_c_max": "",
  "mem_used_mib_max": "",
  "sm_clock_min": "",
  "sm_clock_max": "",
  "throttle_seen": "",
  "gpu_samples": 0,
  "timestamp_utc": "2026-08-23T15:50:34.133687+00:00",
  "git_hash": "",
  "engine": "tp2-mia-soak",
  "engine_config": "SOAK-cycle86",
  "workload": "adversarial",
  "model": "deepseek-v4-flash-dspark",
  "repeat": 1,
  "max_tokens": 512,
  "temperature": 1.0,
  "top_p": 0.95
}

results -> /Users/<user>/sparxlab/bench/results/soak/20260823-154432-tp2-mia-soak-adversarial.csv
=== c=4 repeat=1 (adversarial) ===
{
  "concurrency": 4,
  "requests_ok": 28,
  "requests_err": 0,
  "first_error_ts": "",
  "tokens_in_window": 6083,
  "window_s": 180,
  "aggregate_tok_s": 33.79,
  "decode_tok_s_median": 18.35,
  "prefill_tok_s_median": 145.41,
  "per_stream_wall_tok_s_median": 18.07,
  "ttft_p50_ms": 448.0,
  "ttft_p95_ms": 521.0,
  "ttft_samples": 28,
  "itl_p50_ms": 115.8,
  "token_source": "usage",
  "skipped_sse_lines": 0,
  "truncated_streams": 0,
  "power_w_max": "",
  "power_w_mean": "",
  "temp_c_max": "",
  "mem_used_mib_max": "",
  "sm_clock_min": "",
  "sm_clock_max": "",
  "throttle_seen": "",
  "gpu_samples": 0,
  "timestamp_utc": "2026-08-23T15:54:55.051155+00:00",
  "git_hash": "",
  "engine": "tp2-mia-soak",
  "engine_config": "SOAK-cycle86",
  "workload": "adversarial",
  "model": "deepseek-v4-flash-dspark",
  "repeat": 1,
  "max_tokens": 512,
  "temperature": 1.0,
  "top_p": 0.95
}

results -> /Users/<user>/sparxlab/bench/results/soak/20260823-155104-tp2-mia-soak-adversarial.csv
=== c=1 repeat=1 (draftable) ===
{
  "concurrency": 1,
  "requests_ok": 43,
  "requests_err": 0,
  "first_error_ts": "",
  "tokens_in_window": 1695,
  "window_s": 120,
  "aggregate_tok_s": 14.12,
  "decode_tok_s_median": 70.0,
  "prefill_tok_s_median": 381.15,
  "per_stream_wall_tok_s_median": 58.42,
  "ttft_p50_ms": 324.0,
  "ttft_p95_ms": 353.0,
  "ttft_samples": 43,
  "itl_p50_ms": 64.5,
  "token_source": "usage",
  "skipped_sse_lines": 0,
  "truncated_streams": 0,
  "power_w_max": "",
  "power_w_mean": "",
  "temp_c_max": "",
  "mem_used_mib_max": "",
  "sm_clock_min": "",
  "sm_clock_max": "",
  "throttle_seen": "",
  "gpu_samples": 0,
  "timestamp_utc": "2026-08-23T15:57:33.761102+00:00",
  "git_hash": "",
  "engine": "tp2-mia-soak",
  "engine_config": "SOAK-cycle87",
  "workload": "draftable",
  "model": "deepseek-v4-flash-dspark",
  "repeat": 1,
  "max_tokens": 512,
  "temperature": 1.0,
  "top_p": 0.95
}

results -> /Users/<user>/sparxlab/bench/results/soak/20260823-155525-tp2-mia-soak-draftable.csv
=== c=8 repeat=1 (draftable) ===
{
  "concurrency": 8,
  "requests_ok": 294,
  "requests_err": 0,
  "first_error_ts": "",
  "tokens_in_window": 10724,
  "window_s": 300,
  "aggregate_tok_s": 35.75,
  "decode_tok_s_median": 20.91,
  "prefill_tok_s_median": 170.42,
  "per_stream_wall_tok_s_median": 18.76,
  "ttft_p50_ms": 693.0,
  "ttft_p95_ms": 834.0,
  "ttft_samples": 294,
  "itl_p50_ms": 189.1,
  "token_source": "usage",
  "skipped_sse_lines": 0,
  "truncated_streams": 0,
  "power_w_max": "",
  "power_w_mean": "",
  "temp_c_max": "",
  "mem_used_mib_max": "",
  "sm_clock_min": "",
  "sm_clock_max": "",
  "throttle_seen": "",
  "gpu_samples": 0,
  "timestamp_utc": "2026-08-23T16:03:21.910519+00:00",
  "git_hash": "",
  "engine": "tp2-mia-soak",
  "engine_config": "SOAK-cycle87",
  "workload": "draftable",
  "model": "deepseek-v4-flash-dspark",
  "repeat": 1,
  "max_tokens": 512,
  "temperature": 1.0,
  "top_p": 0.95
}

results -> /Users/<user>/sparxlab/bench/results/soak/20260823-155803-tp2-mia-soak-draftable.csv
=== c=4 repeat=1 (draftable) ===
{
  "concurrency": 4,
  "requests_ok": 137,
  "requests_err": 0,
  "first_error_ts": "",
  "tokens_in_window": 4631,
  "window_s": 180,
  "aggregate_tok_s": 25.73,
  "decode_tok_s_median": 30.22,
  "prefill_tok_s_median": 234.76,
  "per_stream_wall_tok_s_median": 27.09,
  "ttft_p50_ms": 537.0,
  "ttft_p95_ms": 708.0,
  "ttft_samples": 137,
  "itl_p50_ms": 131.2,
  "token_source": "usage",
  "skipped_sse_lines": 0,
  "truncated_streams": 0,
  "power_w_max": "",
  "power_w_mean": "",
  "temp_c_max": "",
  "mem_used_mib_max": "",
  "sm_clock_min": "",
  "sm_clock_max": "",
  "throttle_seen": "",
  "gpu_samples": 0,
  "timestamp_utc": "2026-08-23T16:07:11.952285+00:00",
  "git_hash": "",
  "engine": "tp2-mia-soak",
  "engine_config": "SOAK-cycle87",
  "workload": "draftable",
  "model": "deepseek-v4-flash-dspark",
  "repeat": 1,
  "max_tokens": 512,
  "temperature": 1.0,
  "top_p": 0.95
}

results -> /Users/<user>/sparxlab/bench/results/soak/20260823-160352-tp2-mia-soak-draftable.csv
=== c=1 repeat=1 (adversarial) ===
{
  "concurrency": 1,
  "requests_ok": 9,
  "requests_err": 0,
  "first_error_ts": "",
  "tokens_in_window": 1887,
  "window_s": 120,
  "aggregate_tok_s": 15.72,
  "decode_tok_s_median": 34.31,
  "prefill_tok_s_median": 223.44,
  "per_stream_wall_tok_s_median": 33.7,
  "ttft_p50_ms": 268.0,
  "ttft_p95_ms": "",
  "ttft_samples": 9,
  "itl_p50_ms": 62.3,
  "token_source": "usage",
  "skipped_sse_lines": 0,
  "truncated_streams": 0,
  "power_w_max": "",
  "power_w_mean": "",
  "temp_c_max": "",
  "mem_used_mib_max": "",
  "sm_clock_min": "",
  "sm_clock_max": "",
  "throttle_seen": "",
  "gpu_samples": 0,
  "timestamp_utc": "2026-08-23T16:10:09.504397+00:00",
  "git_hash": "",
  "engine": "tp2-mia-soak",
  "engine_config": "SOAK-cycle88",
  "workload": "adversarial",
  "model": "deepseek-v4-flash-dspark",
  "repeat": 1,
  "max_tokens": 512,
  "temperature": 1.0,
  "top_p": 0.95
}

results -> /Users/<user>/sparxlab/bench/results/soak/20260823-160742-tp2-mia-soak-adversarial.csv
=== c=8 repeat=1 (adversarial) ===
{
  "concurrency": 8,
  "requests_ok": 64,
  "requests_err": 0,
  "first_error_ts": "",
  "tokens_in_window": 14473,
  "window_s": 300,
  "aggregate_tok_s": 48.24,
  "decode_tok_s_median": 13.04,
  "prefill_tok_s_median": 106.92,
  "per_stream_wall_tok_s_median": 12.86,
  "ttft_p50_ms": 584.0,
  "ttft_p95_ms": 694.0,
  "ttft_samples": 64,
  "itl_p50_ms": 161.3,
  "token_source": "usage",
  "skipped_sse_lines": 0,
  "truncated_streams": 0,
  "power_w_max": "",
  "power_w_mean": "",
  "temp_c_max": "",
  "mem_used_mib_max": "",
  "sm_clock_min": "",
  "sm_clock_max": "",
  "throttle_seen": "",
  "gpu_samples": 0,
  "timestamp_utc": "2026-08-23T16:16:41.465681+00:00",
  "git_hash": "",
  "engine": "tp2-mia-soak",
  "engine_config": "SOAK-cycle88",
  "workload": "adversarial",
  "model": "deepseek-v4-flash-dspark",
  "repeat": 1,
  "max_tokens": 512,
  "temperature": 1.0,
  "top_p": 0.95
}

results -> /Users/<user>/sparxlab/bench/results/soak/20260823-161039-tp2-mia-soak-adversarial.csv
=== c=4 repeat=1 (adversarial) ===
{
  "concurrency": 4,
  "requests_ok": 28,
  "requests_err": 0,
  "first_error_ts": "",
  "tokens_in_window": 6102,
  "window_s": 180,
  "aggregate_tok_s": 33.9,
  "decode_tok_s_median": 18.17,
  "prefill_tok_s_median": 143.16,
  "per_stream_wall_tok_s_median": 17.93,
  "ttft_p50_ms": 444.0,
  "ttft_p95_ms": 596.0,
  "ttft_samples": 28,
  "itl_p50_ms": 114.9,
  "token_source": "usage",
  "skipped_sse_lines": 0,
  "truncated_streams": 0,
  "power_w_max": "",
  "power_w_mean": "",
  "temp_c_max": "",
  "mem_used_mib_max": "",
  "sm_clock_min": "",
  "sm_clock_max": "",
  "throttle_seen": "",
  "gpu_samples": 0,
  "timestamp_utc": "2026-08-23T16:21:03.264877+00:00",
  "git_hash": "",
  "engine": "tp2-mia-soak",
  "engine_config": "SOAK-cycle88",
  "workload": "adversarial",
  "model": "deepseek-v4-flash-dspark",
  "repeat": 1,
  "max_tokens": 512,
  "temperature": 1.0,
  "top_p": 0.95
}

results -> /Users/<user>/sparxlab/bench/results/soak/20260823-161711-tp2-mia-soak-adversarial.csv
=== c=1 repeat=1 (draftable) ===
{
  "concurrency": 1,
  "requests_ok": 44,
  "requests_err": 0,
  "first_error_ts": "",
  "tokens_in_window": 1684,
  "window_s": 120,
  "aggregate_tok_s": 14.03,
  "decode_tok_s_median": 67.09,
  "prefill_tok_s_median": 365.88,
  "per_stream_wall_tok_s_median": 59.34,
  "ttft_p50_ms": 325.0,
  "ttft_p95_ms": 342.0,
  "ttft_samples": 44,
  "itl_p50_ms": 64.4,
  "token_source": "usage",
  "skipped_sse_lines": 0,
  "truncated_streams": 0,
  "power_w_max": "",
  "power_w_mean": "",
  "temp_c_max": "",
  "mem_used_mib_max": "",
  "sm_clock_min": "",
  "sm_clock_max": "",
  "throttle_seen": "",
  "gpu_samples": 0,
  "timestamp_utc": "2026-08-23T16:23:46.377598+00:00",
  "git_hash": "",
  "engine": "tp2-mia-soak",
  "engine_config": "SOAK-cycle89",
  "workload": "draftable",
  "model": "deepseek-v4-flash-dspark",
  "repeat": 1,
  "max_tokens": 512,
  "temperature": 1.0,
  "top_p": 0.95
}

results -> /Users/<user>/sparxlab/bench/results/soak/20260823-162133-tp2-mia-soak-draftable.csv
=== c=8 repeat=1 (draftable) ===
{
  "concurrency": 8,
  "requests_ok": 289,
  "requests_err": 0,
  "first_error_ts": "",
  "tokens_in_window": 10820,
  "window_s": 300,
  "aggregate_tok_s": 36.07,
  "decode_tok_s_median": 20.48,
  "prefill_tok_s_median": 170.25,
  "per_stream_wall_tok_s_median": 18.52,
  "ttft_p50_ms": 694.0,
  "ttft_p95_ms": 838.0,
  "ttft_samples": 289,
  "itl_p50_ms": 189.1,
  "token_source": "usage",
  "skipped_sse_lines": 0,
  "truncated_streams": 0,
  "power_w_max": "",
  "power_w_mean": "",
  "temp_c_max": "",
  "mem_used_mib_max": "",
  "sm_clock_min": "",
  "sm_clock_max": "",
  "throttle_seen": "",
  "gpu_samples": 0,
  "timestamp_utc": "2026-08-23T16:29:37.984071+00:00",
  "git_hash": "",
  "engine": "tp2-mia-soak",
  "engine_config": "SOAK-cycle89",
  "workload": "draftable",
  "model": "deepseek-v4-flash-dspark",
  "repeat": 1,
  "max_tokens": 512,
  "temperature": 1.0,
  "top_p": 0.95
}

results -> /Users/<user>/sparxlab/bench/results/soak/20260823-162416-tp2-mia-soak-draftable.csv
=== c=4 repeat=1 (draftable) ===
{
  "concurrency": 4,
  "requests_ok": 133,
  "requests_err": 0,
  "first_error_ts": "",
  "tokens_in_window": 4717,
  "window_s": 180,
  "aggregate_tok_s": 26.21,
  "decode_tok_s_median": 30.86,
  "prefill_tok_s_median": 238.73,
  "per_stream_wall_tok_s_median": 27.21,
  "ttft_p50_ms": 535.0,
  "ttft_p95_ms": 681.0,
  "ttft_samples": 133,
  "itl_p50_ms": 129.3,
  "token_source": "usage",
  "skipped_sse_lines": 0,
  "truncated_streams": 0,
  "power_w_max": "",
  "power_w_mean": "",
  "temp_c_max": "",
  "mem_used_mib_max": "",
  "sm_clock_min": "",
  "sm_clock_max": "",
  "throttle_seen": "",
  "gpu_samples": 0,
  "timestamp_utc": "2026-08-23T16:33:25.501719+00:00",
  "git_hash": "",
  "engine": "tp2-mia-soak",
  "engine_config": "SOAK-cycle89",
  "workload": "draftable",
  "model": "deepseek-v4-flash-dspark",
  "repeat": 1,
  "max_tokens": 512,
  "temperature": 1.0,
  "top_p": 0.95
}

results -> /Users/<user>/sparxlab/bench/results/soak/20260823-163008-tp2-mia-soak-draftable.csv
=== c=1 repeat=1 (adversarial) ===
{
  "concurrency": 1,
  "requests_ok": 8,
  "requests_err": 0,
  "first_error_ts": "",
  "tokens_in_window": 1892,
  "window_s": 120,
  "aggregate_tok_s": 15.77,
  "decode_tok_s_median": 33.99,
  "prefill_tok_s_median": 226.61,
  "per_stream_wall_tok_s_median": 33.59,
  "ttft_p50_ms": 259.0,
  "ttft_p95_ms": "",
  "ttft_samples": 8,
  "itl_p50_ms": 62.2,
  "token_source": "usage",
  "skipped_sse_lines": 0,
  "truncated_streams": 0,
  "power_w_max": "",
  "power_w_mean": "",
  "temp_c_max": "",
  "mem_used_mib_max": "",
  "sm_clock_min": "",
  "sm_clock_max": "",
  "throttle_seen": "",
  "gpu_samples": 0,
  "timestamp_utc": "2026-08-23T16:36:11.530363+00:00",
  "git_hash": "",
  "engine": "tp2-mia-soak",
  "engine_config": "SOAK-cycle90",
  "workload": "adversarial",
  "model": "deepseek-v4-flash-dspark",
  "repeat": 1,
  "max_tokens": 512,
  "temperature": 1.0,
  "top_p": 0.95
}

results -> /Users/<user>/sparxlab/bench/results/soak/20260823-163355-tp2-mia-soak-adversarial.csv
=== c=8 repeat=1 (adversarial) ===
{
  "concurrency": 8,
  "requests_ok": 64,
  "requests_err": 0,
  "first_error_ts": "",
  "tokens_in_window": 14473,
  "window_s": 300,
  "aggregate_tok_s": 48.24,
  "decode_tok_s_median": 12.87,
  "prefill_tok_s_median": 109.4,
  "per_stream_wall_tok_s_median": 12.71,
  "ttft_p50_ms": 583.0,
  "ttft_p95_ms": 661.0,
  "ttft_samples": 64,
  "itl_p50_ms": 161.6,
  "token_source": "usage",
  "skipped_sse_lines": 0,
  "truncated_streams": 0,
  "power_w_max": "",
  "power_w_mean": "",
  "temp_c_max": "",
  "mem_used_mib_max": "",
  "sm_clock_min": "",
  "sm_clock_max": "",
  "throttle_seen": "",
  "gpu_samples": 0,
  "timestamp_utc": "2026-08-23T16:42:46.626239+00:00",
  "git_hash": "",
  "engine": "tp2-mia-soak",
  "engine_config": "SOAK-cycle90",
  "workload": "adversarial",
  "model": "deepseek-v4-flash-dspark",
  "repeat": 1,
  "max_tokens": 512,
  "temperature": 1.0,
  "top_p": 0.95
}

results -> /Users/<user>/sparxlab/bench/results/soak/20260823-163641-tp2-mia-soak-adversarial.csv
=== c=4 repeat=1 (adversarial) ===
{
  "concurrency": 4,
  "requests_ok": 28,
  "requests_err": 0,
  "first_error_ts": "",
  "tokens_in_window": 6120,
  "window_s": 180,
  "aggregate_tok_s": 34.0,
  "decode_tok_s_median": 18.56,
  "prefill_tok_s_median": 143.62,
  "per_stream_wall_tok_s_median": 18.29,
  "ttft_p50_ms": 443.0,
  "ttft_p95_ms": 468.0,
  "ttft_samples": 28,
  "itl_p50_ms": 114.6,
  "token_source": "usage",
  "skipped_sse_lines": 0,
  "truncated_streams": 0,
  "power_w_max": "",
  "power_w_mean": "",
  "temp_c_max": "",
  "mem_used_mib_max": "",
  "sm_clock_min": "",
  "sm_clock_max": "",
  "throttle_seen": "",
  "gpu_samples": 0,
  "timestamp_utc": "2026-08-23T16:47:04.433483+00:00",
  "git_hash": "",
  "engine": "tp2-mia-soak",
  "engine_config": "SOAK-cycle90",
  "workload": "adversarial",
  "model": "deepseek-v4-flash-dspark",
  "repeat": 1,
  "max_tokens": 512,
  "temperature": 1.0,
  "top_p": 0.95
}

results -> /Users/<user>/sparxlab/bench/results/soak/20260823-164316-tp2-mia-soak-adversarial.csv
=== c=1 repeat=1 (draftable) ===
{
  "concurrency": 1,
  "requests_ok": 41,
  "requests_err": 0,
  "first_error_ts": "",
  "tokens_in_window": 1701,
  "window_s": 120,
  "aggregate_tok_s": 14.18,
  "decode_tok_s_median": 66.76,
  "prefill_tok_s_median": 366.53,
  "per_stream_wall_tok_s_median": 57.68,
  "ttft_p50_ms": 324.0,
  "ttft_p95_ms": 340.0,
  "ttft_samples": 41,
  "itl_p50_ms": 64.5,
  "token_source": "usage",
  "skipped_sse_lines": 0,
  "truncated_streams": 0,
  "power_w_max": "",
  "power_w_mean": "",
  "temp_c_max": "",
  "mem_used_mib_max": "",
  "sm_clock_min": "",
  "sm_clock_max": "",
  "throttle_seen": "",
  "gpu_samples": 0,
  "timestamp_utc": "2026-08-23T16:49:42.320802+00:00",
  "git_hash": "",
  "engine": "tp2-mia-soak",
  "engine_config": "SOAK-cycle91",
  "workload": "draftable",
  "model": "deepseek-v4-flash-dspark",
  "repeat": 1,
  "max_tokens": 512,
  "temperature": 1.0,
  "top_p": 0.95
}

results -> /Users/<user>/sparxlab/bench/results/soak/20260823-164734-tp2-mia-soak-draftable.csv
=== c=8 repeat=1 (draftable) ===
{
  "concurrency": 8,
  "requests_ok": 294,
  "requests_err": 0,
  "first_error_ts": "",
  "tokens_in_window": 10806,
  "window_s": 300,
  "aggregate_tok_s": 36.02,
  "decode_tok_s_median": 20.72,
  "prefill_tok_s_median": 172.08,
  "per_stream_wall_tok_s_median": 18.57,
  "ttft_p50_ms": 695.0,
  "ttft_p95_ms": 829.0,
  "ttft_samples": 294,
  "itl_p50_ms": 188.9,
  "token_source": "usage",
  "skipped_sse_lines": 0,
  "truncated_streams": 0,
  "power_w_max": "",
  "power_w_mean": "",
  "temp_c_max": "",
  "mem_used_mib_max": "",
  "sm_clock_min": "",
  "sm_clock_max": "",
  "throttle_seen": "",
  "gpu_samples": 0,
  "timestamp_utc": "2026-08-23T16:55:39.596352+00:00",
  "git_hash": "",
  "engine": "tp2-mia-soak",
  "engine_config": "SOAK-cycle91",
  "workload": "draftable",
  "model": "deepseek-v4-flash-dspark",
  "repeat": 1,
  "max_tokens": 512,
  "temperature": 1.0,
  "top_p": 0.95
}

results -> /Users/<user>/sparxlab/bench/results/soak/20260823-165012-tp2-mia-soak-draftable.csv
=== c=4 repeat=1 (draftable) ===
{
  "concurrency": 4,
  "requests_ok": 133,
  "requests_err": 0,
  "first_error_ts": "",
  "tokens_in_window": 4750,
  "window_s": 180,
  "aggregate_tok_s": 26.39,
  "decode_tok_s_median": 30.3,
  "prefill_tok_s_median": 236.15,
  "per_stream_wall_tok_s_median": 27.49,
  "ttft_p50_ms": 534.0,
  "ttft_p95_ms": 690.0,
  "ttft_samples": 133,
  "itl_p50_ms": 129.2,
  "token_source": "usage",
  "skipped_sse_lines": 0,
  "truncated_streams": 0,
  "power_w_max": "",
  "power_w_mean": "",
  "temp_c_max": "",
  "mem_used_mib_max": "",
  "sm_clock_min": "",
  "sm_clock_max": "",
  "throttle_seen": "",
  "gpu_samples": 0,
  "timestamp_utc": "2026-08-23T16:59:22.761764+00:00",
  "git_hash": "",
  "engine": "tp2-mia-soak",
  "engine_config": "SOAK-cycle91",
  "workload": "draftable",
  "model": "deepseek-v4-flash-dspark",
  "repeat": 1,
  "max_tokens": 512,
  "temperature": 1.0,
  "top_p": 0.95
}

results -> /Users/<user>/sparxlab/bench/results/soak/20260823-165609-tp2-mia-soak-draftable.csv
=== c=1 repeat=1 (adversarial) ===
{
  "concurrency": 1,
  "requests_ok": 8,
  "requests_err": 0,
  "first_error_ts": "",
  "tokens_in_window": 1894,
  "window_s": 120,
  "aggregate_tok_s": 15.78,
  "decode_tok_s_median": 34.88,
  "prefill_tok_s_median": 242.79,
  "per_stream_wall_tok_s_median": 34.39,
  "ttft_p50_ms": 268.0,
  "ttft_p95_ms": "",
  "ttft_samples": 8,
  "itl_p50_ms": 62.0,
  "token_source": "usage",
  "skipped_sse_lines": 0,
  "truncated_streams": 0,
  "power_w_max": "",
  "power_w_mean": "",
  "temp_c_max": "",
  "mem_used_mib_max": "",
  "sm_clock_min": "",
  "sm_clock_max": "",
  "throttle_seen": "",
  "gpu_samples": 0,
  "timestamp_utc": "2026-08-23T17:02:07.556784+00:00",
  "git_hash": "",
  "engine": "tp2-mia-soak",
  "engine_config": "SOAK-cycle92",
  "workload": "adversarial",
  "model": "deepseek-v4-flash-dspark",
  "repeat": 1,
  "max_tokens": 512,
  "temperature": 1.0,
  "top_p": 0.95
}

results -> /Users/<user>/sparxlab/bench/results/soak/20260823-165952-tp2-mia-soak-adversarial.csv
=== c=8 repeat=1 (adversarial) ===
{
  "concurrency": 8,
  "requests_ok": 64,
  "requests_err": 0,
  "first_error_ts": "",
  "tokens_in_window": 14440,
  "window_s": 300,
  "aggregate_tok_s": 48.13,
  "decode_tok_s_median": 13.2,
  "prefill_tok_s_median": 111.29,
  "per_stream_wall_tok_s_median": 13.04,
  "ttft_p50_ms": 579.0,
  "ttft_p95_ms": 679.0,
  "ttft_samples": 64,
  "itl_p50_ms": 161.8,
  "token_source": "usage",
  "skipped_sse_lines": 0,
  "truncated_streams": 0,
  "power_w_max": "",
  "power_w_mean": "",
  "temp_c_max": "",
  "mem_used_mib_max": "",
  "sm_clock_min": "",
  "sm_clock_max": "",
  "throttle_seen": "",
  "gpu_samples": 0,
  "timestamp_utc": "2026-08-23T17:08:40.927614+00:00",
  "git_hash": "",
  "engine": "tp2-mia-soak",
  "engine_config": "SOAK-cycle92",
  "workload": "adversarial",
  "model": "deepseek-v4-flash-dspark",
  "repeat": 1,
  "max_tokens": 512,
  "temperature": 1.0,
  "top_p": 0.95
}

results -> /Users/<user>/sparxlab/bench/results/soak/20260823-170237-tp2-mia-soak-adversarial.csv
=== c=4 repeat=1 (adversarial) ===
{
  "concurrency": 4,
  "requests_ok": 28,
  "requests_err": 0,
  "first_error_ts": "",
  "tokens_in_window": 6098,
  "window_s": 180,
  "aggregate_tok_s": 33.88,
  "decode_tok_s_median": 18.42,
  "prefill_tok_s_median": 139.85,
  "per_stream_wall_tok_s_median": 18.12,
  "ttft_p50_ms": 449.0,
  "ttft_p95_ms": 587.0,
  "ttft_samples": 28,
  "itl_p50_ms": 114.7,
  "token_source": "usage",
  "skipped_sse_lines": 0,
  "truncated_streams": 0,
  "power_w_max": "",
  "power_w_mean": "",
  "temp_c_max": "",
  "mem_used_mib_max": "",
  "sm_clock_min": "",
  "sm_clock_max": "",
  "throttle_seen": "",
  "gpu_samples": 0,
  "timestamp_utc": "2026-08-23T17:12:59.241384+00:00",
  "git_hash": "",
  "engine": "tp2-mia-soak",
  "engine_config": "SOAK-cycle92",
  "workload": "adversarial",
  "model": "deepseek-v4-flash-dspark",
  "repeat": 1,
  "max_tokens": 512,
  "temperature": 1.0,
  "top_p": 0.95
}

results -> /Users/<user>/sparxlab/bench/results/soak/20260823-170911-tp2-mia-soak-adversarial.csv
=== c=1 repeat=1 (draftable) ===
{
  "concurrency": 1,
  "requests_ok": 44,
  "requests_err": 0,
  "first_error_ts": "",
  "tokens_in_window": 1690,
  "window_s": 120,
  "aggregate_tok_s": 14.08,
  "decode_tok_s_median": 65.63,
  "prefill_tok_s_median": 370.82,
  "per_stream_wall_tok_s_median": 57.14,
  "ttft_p50_ms": 326.0,
  "ttft_p95_ms": 348.0,
  "ttft_samples": 44,
  "itl_p50_ms": 64.4,
  "token_source": "usage",
  "skipped_sse_lines": 0,
  "truncated_streams": 0,
  "power_w_max": "",
  "power_w_mean": "",
  "temp_c_max": "",
  "mem_used_mib_max": "",
  "sm_clock_min": "",
  "sm_clock_max": "",
  "throttle_seen": "",
  "gpu_samples": 0,
  "timestamp_utc": "2026-08-23T17:15:43.590137+00:00",
  "git_hash": "",
  "engine": "tp2-mia-soak",
  "engine_config": "SOAK-cycle93",
  "workload": "draftable",
  "model": "deepseek-v4-flash-dspark",
  "repeat": 1,
  "max_tokens": 512,
  "temperature": 1.0,
  "top_p": 0.95
}

results -> /Users/<user>/sparxlab/bench/results/soak/20260823-171329-tp2-mia-soak-draftable.csv
=== c=8 repeat=1 (draftable) ===
{
  "concurrency": 8,
  "requests_ok": 292,
  "requests_err": 0,
  "first_error_ts": "",
  "tokens_in_window": 10851,
  "window_s": 300,
  "aggregate_tok_s": 36.17,
  "decode_tok_s_median": 20.42,
  "prefill_tok_s_median": 172.94,
  "per_stream_wall_tok_s_median": 18.46,
  "ttft_p50_ms": 689.0,
  "ttft_p95_ms": 836.0,
  "ttft_samples": 292,
  "itl_p50_ms": 187.8,
  "token_source": "usage",
  "skipped_sse_lines": 0,
  "truncated_streams": 0,
  "power_w_max": "",
  "power_w_mean": "",
  "temp_c_max": "",
  "mem_used_mib_max": "",
  "sm_clock_min": "",
  "sm_clock_max": "",
  "throttle_seen": "",
  "gpu_samples": 0,
  "timestamp_utc": "2026-08-23T17:21:32.318452+00:00",
  "git_hash": "",
  "engine": "tp2-mia-soak",
  "engine_config": "SOAK-cycle93",
  "workload": "draftable",
  "model": "deepseek-v4-flash-dspark",
  "repeat": 1,
  "max_tokens": 512,
  "temperature": 1.0,
  "top_p": 0.95
}

results -> /Users/<user>/sparxlab/bench/results/soak/20260823-171613-tp2-mia-soak-draftable.csv
=== c=4 repeat=1 (draftable) ===
{
  "concurrency": 4,
  "requests_ok": 134,
  "requests_err": 0,
  "first_error_ts": "",
  "tokens_in_window": 4741,
  "window_s": 180,
  "aggregate_tok_s": 26.34,
  "decode_tok_s_median": 30.87,
  "prefill_tok_s_median": 229.23,
  "per_stream_wall_tok_s_median": 27.36,
  "ttft_p50_ms": 536.0,
  "ttft_p95_ms": 697.0,
  "ttft_samples": 134,
  "itl_p50_ms": 130.0,
  "token_source": "usage",
  "skipped_sse_lines": 0,
  "truncated_streams": 0,
  "power_w_max": "",
  "power_w_mean": "",
  "temp_c_max": "",
  "mem_used_mib_max": "",
  "sm_clock_min": "",
  "sm_clock_max": "",
  "throttle_seen": "",
  "gpu_samples": 0,
  "timestamp_utc": "2026-08-23T17:25:18.870373+00:00",
  "git_hash": "",
  "engine": "tp2-mia-soak",
  "engine_config": "SOAK-cycle93",
  "workload": "draftable",
  "model": "deepseek-v4-flash-dspark",
  "repeat": 1,
  "max_tokens": 512,
  "temperature": 1.0,
  "top_p": 0.95
}

results -> /Users/<user>/sparxlab/bench/results/soak/20260823-172202-tp2-mia-soak-draftable.csv
=== c=1 repeat=1 (adversarial) ===
{
  "concurrency": 1,
  "requests_ok": 9,
  "requests_err": 0,
  "first_error_ts": "",
  "tokens_in_window": 1886,
  "window_s": 120,
  "aggregate_tok_s": 15.72,
  "decode_tok_s_median": 35.62,
  "prefill_tok_s_median": 246.18,
  "per_stream_wall_tok_s_median": 35.03,
  "ttft_p50_ms": 262.0,
  "ttft_p95_ms": "",
  "ttft_samples": 9,
  "itl_p50_ms": 62.3,
  "token_source": "usage",
  "skipped_sse_lines": 0,
  "truncated_streams": 0,
  "power_w_max": "",
  "power_w_mean": "",
  "temp_c_max": "",
  "mem_used_mib_max": "",
  "sm_clock_min": "",
  "sm_clock_max": "",
  "throttle_seen": "",
  "gpu_samples": 0,
  "timestamp_utc": "2026-08-23T17:28:18.482594+00:00",
  "git_hash": "",
  "engine": "tp2-mia-soak",
  "engine_config": "SOAK-cycle94",
  "workload": "adversarial",
  "model": "deepseek-v4-flash-dspark",
  "repeat": 1,
  "max_tokens": 512,
  "temperature": 1.0,
  "top_p": 0.95
}

results -> /Users/<user>/sparxlab/bench/results/soak/20260823-172549-tp2-mia-soak-adversarial.csv
=== c=8 repeat=1 (adversarial) ===
{
  "concurrency": 8,
  "requests_ok": 64,
  "requests_err": 0,
  "first_error_ts": "",
  "tokens_in_window": 14487,
  "window_s": 300,
  "aggregate_tok_s": 48.29,
  "decode_tok_s_median": 12.93,
  "prefill_tok_s_median": 111.28,
  "per_stream_wall_tok_s_median": 12.75,
  "ttft_p50_ms": 577.0,
  "ttft_p95_ms": 687.0,
  "ttft_samples": 64,
  "itl_p50_ms": 161.8,
  "token_source": "usage",
  "skipped_sse_lines": 0,
  "truncated_streams": 0,
  "power_w_max": "",
  "power_w_mean": "",
  "temp_c_max": "",
  "mem_used_mib_max": "",
  "sm_clock_min": "",
  "sm_clock_max": "",
  "throttle_seen": "",
  "gpu_samples": 0,
  "timestamp_utc": "2026-08-23T17:34:48.355589+00:00",
  "git_hash": "",
  "engine": "tp2-mia-soak",
  "engine_config": "SOAK-cycle94",
  "workload": "adversarial",
  "model": "deepseek-v4-flash-dspark",
  "repeat": 1,
  "max_tokens": 512,
  "temperature": 1.0,
  "top_p": 0.95
}

results -> /Users/<user>/sparxlab/bench/results/soak/20260823-172848-tp2-mia-soak-adversarial.csv
=== c=4 repeat=1 (adversarial) ===
{
  "concurrency": 4,
  "requests_ok": 28,
  "requests_err": 0,
  "first_error_ts": "",
  "tokens_in_window": 6109,
  "window_s": 180,
  "aggregate_tok_s": 33.94,
  "decode_tok_s_median": 18.69,
  "prefill_tok_s_median": 142.47,
  "per_stream_wall_tok_s_median": 18.43,
  "ttft_p50_ms": 444.0,
  "ttft_p95_ms": 596.0,
  "ttft_samples": 28,
  "itl_p50_ms": 114.5,
  "token_source": "usage",
  "skipped_sse_lines": 0,
  "truncated_streams": 0,
  "power_w_max": "",
  "power_w_mean": "",
  "temp_c_max": "",
  "mem_used_mib_max": "",
  "sm_clock_min": "",
  "sm_clock_max": "",
  "throttle_seen": "",
  "gpu_samples": 0,
  "timestamp_utc": "2026-08-23T17:39:06.645270+00:00",
  "git_hash": "",
  "engine": "tp2-mia-soak",
  "engine_config": "SOAK-cycle94",
  "workload": "adversarial",
  "model": "deepseek-v4-flash-dspark",
  "repeat": 1,
  "max_tokens": 512,
  "temperature": 1.0,
  "top_p": 0.95
}

results -> /Users/<user>/sparxlab/bench/results/soak/20260823-173518-tp2-mia-soak-adversarial.csv
=== c=1 repeat=1 (draftable) ===
{
  "concurrency": 1,
  "requests_ok": 45,
  "requests_err": 0,
  "first_error_ts": "",
  "tokens_in_window": 1683,
  "window_s": 120,
  "aggregate_tok_s": 14.03,
  "decode_tok_s_median": 65.87,
  "prefill_tok_s_median": 369.31,
  "per_stream_wall_tok_s_median": 56.73,
  "ttft_p50_ms": 324.0,
  "ttft_p95_ms": 344.0,
  "ttft_samples": 45,
  "itl_p50_ms": 64.4,
  "token_source": "usage",
  "skipped_sse_lines": 0,
  "truncated_streams": 0,
  "power_w_max": "",
  "power_w_mean": "",
  "temp_c_max": "",
  "mem_used_mib_max": "",
  "sm_clock_min": "",
  "sm_clock_max": "",
  "throttle_seen": "",
  "gpu_samples": 0,
  "timestamp_utc": "2026-08-23T17:41:44.852255+00:00",
  "git_hash": "",
  "engine": "tp2-mia-soak",
  "engine_config": "SOAK-cycle95",
  "workload": "draftable",
  "model": "deepseek-v4-flash-dspark",
  "repeat": 1,
  "max_tokens": 512,
  "temperature": 1.0,
  "top_p": 0.95
}

results -> /Users/<user>/sparxlab/bench/results/soak/20260823-173936-tp2-mia-soak-draftable.csv
=== c=8 repeat=1 (draftable) ===
{
  "concurrency": 8,
  "requests_ok": 294,
  "requests_err": 0,
  "first_error_ts": "",
  "tokens_in_window": 10903,
  "window_s": 300,
  "aggregate_tok_s": 36.34,
  "decode_tok_s_median": 20.6,
  "prefill_tok_s_median": 171.69,
  "per_stream_wall_tok_s_median": 18.62,
  "ttft_p50_ms": 695.0,
  "ttft_p95_ms": 853.0,
  "ttft_samples": 294,
  "itl_p50_ms": 187.6,
  "token_source": "usage",
  "skipped_sse_lines": 0,
  "truncated_streams": 0,
  "power_w_max": "",
  "power_w_mean": "",
  "temp_c_max": "",
  "mem_used_mib_max": "",
  "sm_clock_min": "",
  "sm_clock_max": "",
  "throttle_seen": "",
  "gpu_samples": 0,
  "timestamp_utc": "2026-08-23T17:47:38.376464+00:00",
  "git_hash": "",
  "engine": "tp2-mia-soak",
  "engine_config": "SOAK-cycle95",
  "workload": "draftable",
  "model": "deepseek-v4-flash-dspark",
  "repeat": 1,
  "max_tokens": 512,
  "temperature": 1.0,
  "top_p": 0.95
}

results -> /Users/<user>/sparxlab/bench/results/soak/20260823-174215-tp2-mia-soak-draftable.csv
=== c=4 repeat=1 (draftable) ===
{
  "concurrency": 4,
  "requests_ok": 135,
  "requests_err": 0,
  "first_error_ts": "",
  "tokens_in_window": 4736,
  "window_s": 180,
  "aggregate_tok_s": 26.31,
  "decode_tok_s_median": 30.43,
  "prefill_tok_s_median": 229.04,
  "per_stream_wall_tok_s_median": 27.09,
  "ttft_p50_ms": 535.0,
  "ttft_p95_ms": 695.0,
  "ttft_samples": 135,
  "itl_p50_ms": 129.4,
  "token_source": "usage",
  "skipped_sse_lines": 0,
  "truncated_streams": 0,
  "power_w_max": "",
  "power_w_mean": "",
  "temp_c_max": "",
  "mem_used_mib_max": "",
  "sm_clock_min": "",
  "sm_clock_max": "",
  "throttle_seen": "",
  "gpu_samples": 0,
  "timestamp_utc": "2026-08-23T17:51:22.172404+00:00",
  "git_hash": "",
  "engine": "tp2-mia-soak",
  "engine_config": "SOAK-cycle95",
  "workload": "draftable",
  "model": "deepseek-v4-flash-dspark",
  "repeat": 1,
  "max_tokens": 512,
  "temperature": 1.0,
  "top_p": 0.95
}

results -> /Users/<user>/sparxlab/bench/results/soak/20260823-174808-tp2-mia-soak-draftable.csv
=== c=1 repeat=1 (adversarial) ===
{
  "concurrency": 1,
  "requests_ok": 9,
  "requests_err": 0,
  "first_error_ts": "",
  "tokens_in_window": 1890,
  "window_s": 120,
  "aggregate_tok_s": 15.75,
  "decode_tok_s_median": 34.91,
  "prefill_tok_s_median": 254.14,
  "per_stream_wall_tok_s_median": 34.17,
  "ttft_p50_ms": 259.0,
  "ttft_p95_ms": "",
  "ttft_samples": 9,
  "itl_p50_ms": 62.2,
  "token_source": "usage",
  "skipped_sse_lines": 0,
  "truncated_streams": 0,
  "power_w_max": "",
  "power_w_mean": "",
  "temp_c_max": "",
  "mem_used_mib_max": "",
  "sm_clock_min": "",
  "sm_clock_max": "",
  "throttle_seen": "",
  "gpu_samples": 0,
  "timestamp_utc": "2026-08-23T17:54:23.235519+00:00",
  "git_hash": "",
  "engine": "tp2-mia-soak",
  "engine_config": "SOAK-cycle96",
  "workload": "adversarial",
  "model": "deepseek-v4-flash-dspark",
  "repeat": 1,
  "max_tokens": 512,
  "temperature": 1.0,
  "top_p": 0.95
}

results -> /Users/<user>/sparxlab/bench/results/soak/20260823-175152-tp2-mia-soak-adversarial.csv
=== c=8 repeat=1 (adversarial) ===
{
  "concurrency": 8,
  "requests_ok": 64,
  "requests_err": 0,
  "first_error_ts": "",
  "tokens_in_window": 14511,
  "window_s": 300,
  "aggregate_tok_s": 48.37,
  "decode_tok_s_median": 13.12,
  "prefill_tok_s_median": 110.81,
  "per_stream_wall_tok_s_median": 12.92,
  "ttft_p50_ms": 579.0,
  "ttft_p95_ms": 696.0,
  "ttft_samples": 64,
  "itl_p50_ms": 161.1,
  "token_source": "usage",
  "skipped_sse_lines": 0,
  "truncated_streams": 0,
  "power_w_max": "",
  "power_w_mean": "",
  "temp_c_max": "",
  "mem_used_mib_max": "",
  "sm_clock_min": "",
  "sm_clock_max": "",
  "throttle_seen": "",
  "gpu_samples": 0,
  "timestamp_utc": "2026-08-23T18:00:50.479814+00:00",
  "git_hash": "",
  "engine": "tp2-mia-soak",
  "engine_config": "SOAK-cycle96",
  "workload": "adversarial",
  "model": "deepseek-v4-flash-dspark",
  "repeat": 1,
  "max_tokens": 512,
  "temperature": 1.0,
  "top_p": 0.95
}

results -> /Users/<user>/sparxlab/bench/results/soak/20260823-175453-tp2-mia-soak-adversarial.csv
=== c=4 repeat=1 (adversarial) ===
{
  "concurrency": 4,
  "requests_ok": 28,
  "requests_err": 0,
  "first_error_ts": "",
  "tokens_in_window": 6121,
  "window_s": 180,
  "aggregate_tok_s": 34.01,
  "decode_tok_s_median": 18.44,
  "prefill_tok_s_median": 142.39,
  "per_stream_wall_tok_s_median": 18.19,
  "ttft_p50_ms": 445.0,
  "ttft_p95_ms": 590.0,
  "ttft_samples": 28,
  "itl_p50_ms": 113.7,
  "token_source": "usage",
  "skipped_sse_lines": 0,
  "truncated_streams": 0,
  "power_w_max": "",
  "power_w_mean": "",
  "temp_c_max": "",
  "mem_used_mib_max": "",
  "sm_clock_min": "",
  "sm_clock_max": "",
  "throttle_seen": "",
  "gpu_samples": 0,
  "timestamp_utc": "2026-08-23T18:05:08.198912+00:00",
  "git_hash": "",
  "engine": "tp2-mia-soak",
  "engine_config": "SOAK-cycle96",
  "workload": "adversarial",
  "model": "deepseek-v4-flash-dspark",
  "repeat": 1,
  "max_tokens": 512,
  "temperature": 1.0,
  "top_p": 0.95
}

results -> /Users/<user>/sparxlab/bench/results/soak/20260823-180120-tp2-mia-soak-adversarial.csv
=== c=1 repeat=1 (draftable) ===
{
  "concurrency": 1,
  "requests_ok": 44,
  "requests_err": 0,
  "first_error_ts": "",
  "tokens_in_window": 1688,
  "window_s": 120,
  "aggregate_tok_s": 14.07,
  "decode_tok_s_median": 66.41,
  "prefill_tok_s_median": 371.43,
  "per_stream_wall_tok_s_median": 57.48,
  "ttft_p50_ms": 321.0,
  "ttft_p95_ms": 345.0,
  "ttft_samples": 44,
  "itl_p50_ms": 64.5,
  "token_source": "usage",
  "skipped_sse_lines": 0,
  "truncated_streams": 0,
  "power_w_max": "",
  "power_w_mean": "",
  "temp_c_max": "",
  "mem_used_mib_max": "",
  "sm_clock_min": "",
  "sm_clock_max": "",
  "throttle_seen": "",
  "gpu_samples": 0,
  "timestamp_utc": "2026-08-23T18:07:47.770109+00:00",
  "git_hash": "",
  "engine": "tp2-mia-soak",
  "engine_config": "SOAK-cycle97",
  "workload": "draftable",
  "model": "deepseek-v4-flash-dspark",
  "repeat": 1,
  "max_tokens": 512,
  "temperature": 1.0,
  "top_p": 0.95
}

results -> /Users/<user>/sparxlab/bench/results/soak/20260823-180538-tp2-mia-soak-draftable.csv
=== c=8 repeat=1 (draftable) ===
{
  "concurrency": 8,
  "requests_ok": 293,
  "requests_err": 0,
  "first_error_ts": "",
  "tokens_in_window": 10766,
  "window_s": 300,
  "aggregate_tok_s": 35.89,
  "decode_tok_s_median": 20.15,
  "prefill_tok_s_median": 171.68,
  "per_stream_wall_tok_s_median": 18.29,
  "ttft_p50_ms": 692.0,
  "ttft_p95_ms": 837.0,
  "ttft_samples": 293,
  "itl_p50_ms": 188.7,
  "token_source": "usage",
  "skipped_sse_lines": 0,
  "truncated_streams": 0,
  "power_w_max": "",
  "power_w_mean": "",
  "temp_c_max": "",
  "mem_used_mib_max": "",
  "sm_clock_min": "",
  "sm_clock_max": "",
  "throttle_seen": "",
  "gpu_samples": 0,
  "timestamp_utc": "2026-08-23T18:13:40.179931+00:00",
  "git_hash": "",
  "engine": "tp2-mia-soak",
  "engine_config": "SOAK-cycle97",
  "workload": "draftable",
  "model": "deepseek-v4-flash-dspark",
  "repeat": 1,
  "max_tokens": 512,
  "temperature": 1.0,
  "top_p": 0.95
}

results -> /Users/<user>/sparxlab/bench/results/soak/20260823-180817-tp2-mia-soak-draftable.csv
=== c=4 repeat=1 (draftable) ===
{
  "concurrency": 4,
  "requests_ok": 129,
  "requests_err": 0,
  "first_error_ts": "",
  "tokens_in_window": 4789,
  "window_s": 180,
  "aggregate_tok_s": 26.61,
  "decode_tok_s_median": 31.17,
  "prefill_tok_s_median": 235.61,
  "per_stream_wall_tok_s_median": 27.62,
  "ttft_p50_ms": 534.0,
  "ttft_p95_ms": 687.0,
  "ttft_samples": 129,
  "itl_p50_ms": 129.4,
  "token_source": "usage",
  "skipped_sse_lines": 0,
  "truncated_streams": 0,
  "power_w_max": "",
  "power_w_mean": "",
  "temp_c_max": "",
  "mem_used_mib_max": "",
  "sm_clock_min": "",
  "sm_clock_max": "",
  "throttle_seen": "",
  "gpu_samples": 0,
  "timestamp_utc": "2026-08-23T18:17:34.272624+00:00",
  "git_hash": "",
  "engine": "tp2-mia-soak",
  "engine_config": "SOAK-cycle97",
  "workload": "draftable",
  "model": "deepseek-v4-flash-dspark",
  "repeat": 1,
  "max_tokens": 512,
  "temperature": 1.0,
  "top_p": 0.95
}

results -> /Users/<user>/sparxlab/bench/results/soak/20260823-181410-tp2-mia-soak-draftable.csv
=== c=1 repeat=1 (adversarial) ===
{
  "concurrency": 1,
  "requests_ok": 9,
  "requests_err": 0,
  "first_error_ts": "",
  "tokens_in_window": 1891,
  "window_s": 120,
  "aggregate_tok_s": 15.76,
  "decode_tok_s_median": 34.12,
  "prefill_tok_s_median": 248.72,
  "per_stream_wall_tok_s_median": 33.71,
  "ttft_p50_ms": 264.0,
  "ttft_p95_ms": "",
  "ttft_samples": 9,
  "itl_p50_ms": 62.1,
  "token_source": "usage",
  "skipped_sse_lines": 0,
  "truncated_streams": 0,
  "power_w_max": "",
  "power_w_mean": "",
  "temp_c_max": "",
  "mem_used_mib_max": "",
  "sm_clock_min": "",
  "sm_clock_max": "",
  "throttle_seen": "",
  "gpu_samples": 0,
  "timestamp_utc": "2026-08-23T18:20:34.406703+00:00",
  "git_hash": "",
  "engine": "tp2-mia-soak",
  "engine_config": "SOAK-cycle98",
  "workload": "adversarial",
  "model": "deepseek-v4-flash-dspark",
  "repeat": 1,
  "max_tokens": 512,
  "temperature": 1.0,
  "top_p": 0.95
}

results -> /Users/<user>/sparxlab/bench/results/soak/20260823-181804-tp2-mia-soak-adversarial.csv
=== c=8 repeat=1 (adversarial) ===
{
  "concurrency": 8,
  "requests_ok": 64,
  "requests_err": 0,
  "first_error_ts": "",
  "tokens_in_window": 14509,
  "window_s": 300,
  "aggregate_tok_s": 48.36,
  "decode_tok_s_median": 13.04,
  "prefill_tok_s_median": 109.45,
  "per_stream_wall_tok_s_median": 12.85,
  "ttft_p50_ms": 578.0,
  "ttft_p95_ms": 772.0,
  "ttft_samples": 64,
  "itl_p50_ms": 161.8,
  "token_source": "usage",
  "skipped_sse_lines": 0,
  "truncated_streams": 0,
  "power_w_max": "",
  "power_w_mean": "",
  "temp_c_max": "",
  "mem_used_mib_max": "",
  "sm_clock_min": "",
  "sm_clock_max": "",
  "throttle_seen": "",
  "gpu_samples": 0,
  "timestamp_utc": "2026-08-23T18:27:07.557422+00:00",
  "git_hash": "",
  "engine": "tp2-mia-soak",
  "engine_config": "SOAK-cycle98",
  "workload": "adversarial",
  "model": "deepseek-v4-flash-dspark",
  "repeat": 1,
  "max_tokens": 512,
  "temperature": 1.0,
  "top_p": 0.95
}

results -> /Users/<user>/sparxlab/bench/results/soak/20260823-182104-tp2-mia-soak-adversarial.csv
=== c=4 repeat=1 (adversarial) ===
{
  "concurrency": 4,
  "requests_ok": 28,
  "requests_err": 0,
  "first_error_ts": "",
  "tokens_in_window": 6115,
  "window_s": 180,
  "aggregate_tok_s": 33.97,
  "decode_tok_s_median": 18.58,
  "prefill_tok_s_median": 140.43,
  "per_stream_wall_tok_s_median": 18.28,
  "ttft_p50_ms": 447.0,
  "ttft_p95_ms": 670.0,
  "ttft_samples": 28,
  "itl_p50_ms": 114.3,
  "token_source": "usage",
  "skipped_sse_lines": 0,
  "truncated_streams": 0,
  "power_w_max": "",
  "power_w_mean": "",
  "temp_c_max": "",
  "mem_used_mib_max": "",
  "sm_clock_min": "",
  "sm_clock_max": "",
  "throttle_seen": "",
  "gpu_samples": 0,
  "timestamp_utc": "2026-08-23T18:31:26.356657+00:00",
  "git_hash": "",
  "engine": "tp2-mia-soak",
  "engine_config": "SOAK-cycle98",
  "workload": "adversarial",
  "model": "deepseek-v4-flash-dspark",
  "repeat": 1,
  "max_tokens": 512,
  "temperature": 1.0,
  "top_p": 0.95
}

results -> /Users/<user>/sparxlab/bench/results/soak/20260823-182737-tp2-mia-soak-adversarial.csv
=== c=1 repeat=1 (draftable) ===
{
  "concurrency": 1,
  "requests_ok": 40,
  "requests_err": 0,
  "first_error_ts": "",
  "tokens_in_window": 1706,
  "window_s": 120,
  "aggregate_tok_s": 14.22,
  "decode_tok_s_median": 67.31,
  "prefill_tok_s_median": 376.4,
  "per_stream_wall_tok_s_median": 59.02,
  "ttft_p50_ms": 321.0,
  "ttft_p95_ms": 344.0,
  "ttft_samples": 40,
  "itl_p50_ms": 64.4,
  "token_source": "usage",
  "skipped_sse_lines": 0,
  "truncated_streams": 0,
  "power_w_max": "",
  "power_w_mean": "",
  "temp_c_max": "",
  "mem_used_mib_max": "",
  "sm_clock_min": "",
  "sm_clock_max": "",
  "throttle_seen": "",
  "gpu_samples": 0,
  "timestamp_utc": "2026-08-23T18:34:03.938321+00:00",
  "git_hash": "",
  "engine": "tp2-mia-soak",
  "engine_config": "SOAK-cycle99",
  "workload": "draftable",
  "model": "deepseek-v4-flash-dspark",
  "repeat": 1,
  "max_tokens": 512,
  "temperature": 1.0,
  "top_p": 0.95
}

results -> /Users/<user>/sparxlab/bench/results/soak/20260823-183156-tp2-mia-soak-draftable.csv
=== c=8 repeat=1 (draftable) ===
{
  "concurrency": 8,
  "requests_ok": 289,
  "requests_err": 0,
  "first_error_ts": "",
  "tokens_in_window": 10858,
  "window_s": 300,
  "aggregate_tok_s": 36.19,
  "decode_tok_s_median": 20.31,
  "prefill_tok_s_median": 172.78,
  "per_stream_wall_tok_s_median": 18.18,
  "ttft_p50_ms": 691.0,
  "ttft_p95_ms": 834.0,
  "ttft_samples": 289,
  "itl_p50_ms": 187.8,
  "token_source": "usage",
  "skipped_sse_lines": 0,
  "truncated_streams": 0,
  "power_w_max": "",
  "power_w_mean": "",
  "temp_c_max": "",
  "mem_used_mib_max": "",
  "sm_clock_min": "",
  "sm_clock_max": "",
  "throttle_seen": "",
  "gpu_samples": 0,
  "timestamp_utc": "2026-08-23T18:40:01.204466+00:00",
  "git_hash": "",
  "engine": "tp2-mia-soak",
  "engine_config": "SOAK-cycle99",
  "workload": "draftable",
  "model": "deepseek-v4-flash-dspark",
  "repeat": 1,
  "max_tokens": 512,
  "temperature": 1.0,
  "top_p": 0.95
}

results -> /Users/<user>/sparxlab/bench/results/soak/20260823-183434-tp2-mia-soak-draftable.csv
=== c=4 repeat=1 (draftable) ===
{
  "concurrency": 4,
  "requests_ok": 133,
  "requests_err": 0,
  "first_error_ts": "",
  "tokens_in_window": 4715,
  "window_s": 180,
  "aggregate_tok_s": 26.19,
  "decode_tok_s_median": 30.36,
  "prefill_tok_s_median": 236.89,
  "per_stream_wall_tok_s_median": 27.06,
  "ttft_p50_ms": 533.0,
  "ttft_p95_ms": 678.0,
  "ttft_samples": 133,
  "itl_p50_ms": 130.5,
  "token_source": "usage",
  "skipped_sse_lines": 0,
  "truncated_streams": 0,
  "power_w_max": "",
  "power_w_mean": "",
  "temp_c_max": "",
  "mem_used_mib_max": "",
  "sm_clock_min": "",
  "sm_clock_max": "",
  "throttle_seen": "",
  "gpu_samples": 0,
  "timestamp_utc": "2026-08-23T18:43:47.512988+00:00",
  "git_hash": "",
  "engine": "tp2-mia-soak",
  "engine_config": "SOAK-cycle99",
  "workload": "draftable",
  "model": "deepseek-v4-flash-dspark",
  "repeat": 1,
  "max_tokens": 512,
  "temperature": 1.0,
  "top_p": 0.95
}

results -> /Users/<user>/sparxlab/bench/results/soak/20260823-184031-tp2-mia-soak-draftable.csv
=== c=1 repeat=1 (adversarial) ===
{
  "concurrency": 1,
  "requests_ok": 8,
  "requests_err": 0,
  "first_error_ts": "",
  "tokens_in_window": 1898,
  "window_s": 120,
  "aggregate_tok_s": 15.82,
  "decode_tok_s_median": 34.33,
  "prefill_tok_s_median": 242.11,
  "per_stream_wall_tok_s_median": 33.87,
  "ttft_p50_ms": 249.0,
  "ttft_p95_ms": "",
  "ttft_samples": 8,
  "itl_p50_ms": 62.1,
  "token_source": "usage",
  "skipped_sse_lines": 0,
  "truncated_streams": 0,
  "power_w_max": "",
  "power_w_mean": "",
  "temp_c_max": "",
  "mem_used_mib_max": "",
  "sm_clock_min": "",
  "sm_clock_max": "",
  "throttle_seen": "",
  "gpu_samples": 0,
  "timestamp_utc": "2026-08-23T18:46:36.599088+00:00",
  "git_hash": "",
  "engine": "tp2-mia-soak",
  "engine_config": "SOAK-cycle100",
  "workload": "adversarial",
  "model": "deepseek-v4-flash-dspark",
  "repeat": 1,
  "max_tokens": 512,
  "temperature": 1.0,
  "top_p": 0.95
}

results -> /Users/<user>/sparxlab/bench/results/soak/20260823-184417-tp2-mia-soak-adversarial.csv
=== c=8 repeat=1 (adversarial) ===
{
  "concurrency": 8,
  "requests_ok": 64,
  "requests_err": 0,
  "first_error_ts": "",
  "tokens_in_window": 14518,
  "window_s": 300,
  "aggregate_tok_s": 48.39,
  "decode_tok_s_median": 13.12,
  "prefill_tok_s_median": 112.1,
  "per_stream_wall_tok_s_median": 12.94,
  "ttft_p50_ms": 579.0,
  "ttft_p95_ms": 670.0,
  "ttft_samples": 64,
  "itl_p50_ms": 161.2,
  "token_source": "usage",
  "skipped_sse_lines": 0,
  "truncated_streams": 0,
  "power_w_max": "",
  "power_w_mean": "",
  "temp_c_max": "",
  "mem_used_mib_max": "",
  "sm_clock_min": "",
  "sm_clock_max": "",
  "throttle_seen": "",
  "gpu_samples": 0,
  "timestamp_utc": "2026-08-23T18:53:05.421934+00:00",
  "git_hash": "",
  "engine": "tp2-mia-soak",
  "engine_config": "SOAK-cycle100",
  "workload": "adversarial",
  "model": "deepseek-v4-flash-dspark",
  "repeat": 1,
  "max_tokens": 512,
  "temperature": 1.0,
  "top_p": 0.95
}

results -> /Users/<user>/sparxlab/bench/results/soak/20260823-184706-tp2-mia-soak-adversarial.csv
=== c=4 repeat=1 (adversarial) ===
{
  "concurrency": 4,
  "requests_ok": 28,
  "requests_err": 0,
  "first_error_ts": "",
  "tokens_in_window": 6108,
  "window_s": 180,
  "aggregate_tok_s": 33.93,
  "decode_tok_s_median": 18.26,
  "prefill_tok_s_median": 142.62,
  "per_stream_wall_tok_s_median": 18.02,
  "ttft_p50_ms": 446.0,
  "ttft_p95_ms": 522.0,
  "ttft_samples": 28,
  "itl_p50_ms": 115.2,
  "token_source": "usage",
  "skipped_sse_lines": 0,
  "truncated_streams": 0,
  "power_w_max": "",
  "power_w_mean": "",
  "temp_c_max": "",
  "mem_used_mib_max": "",
  "sm_clock_min": "",
  "sm_clock_max": "",
  "throttle_seen": "",
  "gpu_samples": 0,
  "timestamp_utc": "2026-08-23T18:57:26.451834+00:00",
  "git_hash": "",
  "engine": "tp2-mia-soak",
  "engine_config": "SOAK-cycle100",
  "workload": "adversarial",
  "model": "deepseek-v4-flash-dspark",
  "repeat": 1,
  "max_tokens": 512,
  "temperature": 1.0,
  "top_p": 0.95
}

results -> /Users/<user>/sparxlab/bench/results/soak/20260823-185335-tp2-mia-soak-adversarial.csv
=== c=1 repeat=1 (draftable) ===
{
  "concurrency": 1,
  "requests_ok": 51,
  "requests_err": 0,
  "first_error_ts": "",
  "tokens_in_window": 1645,
  "window_s": 120,
  "aggregate_tok_s": 13.71,
  "decode_tok_s_median": 67.32,
  "prefill_tok_s_median": 391.18,
  "per_stream_wall_tok_s_median": 57.73,
  "ttft_p50_ms": 324.0,
  "ttft_p95_ms": 334.0,
  "ttft_samples": 51,
  "itl_p50_ms": 64.8,
  "token_source": "usage",
  "skipped_sse_lines": 0,
  "truncated_streams": 0,
  "power_w_max": "",
  "power_w_mean": "",
  "temp_c_max": "",
  "mem_used_mib_max": "",
  "sm_clock_min": "",
  "sm_clock_max": "",
  "throttle_seen": "",
  "gpu_samples": 0,
  "timestamp_utc": "2026-08-23T19:00:03.803730+00:00",
  "git_hash": "",
  "engine": "tp2-mia-soak",
  "engine_config": "SOAK-cycle101",
  "workload": "draftable",
  "model": "deepseek-v4-flash-dspark",
  "repeat": 1,
  "max_tokens": 512,
  "temperature": 1.0,
  "top_p": 0.95
}

results -> /Users/<user>/sparxlab/bench/results/soak/20260823-185756-tp2-mia-soak-draftable.csv
=== c=8 repeat=1 (draftable) ===
{
  "concurrency": 8,
  "requests_ok": 295,
  "requests_err": 0,
  "first_error_ts": "",
  "tokens_in_window": 10764,
  "window_s": 300,
  "aggregate_tok_s": 35.88,
  "decode_tok_s_median": 20.73,
  "prefill_tok_s_median": 169.93,
  "per_stream_wall_tok_s_median": 18.42,
  "ttft_p50_ms": 699.0,
  "ttft_p95_ms": 850.0,
  "ttft_samples": 295,
  "itl_p50_ms": 189.0,
  "token_source": "usage",
  "skipped_sse_lines": 0,
  "truncated_streams": 0,
  "power_w_max": "",
  "power_w_mean": "",
  "temp_c_max": "",
  "mem_used_mib_max": "",
  "sm_clock_min": "",
  "sm_clock_max": "",
  "throttle_seen": "",
  "gpu_samples": 0,
  "timestamp_utc": "2026-08-23T19:05:57.323745+00:00",
  "git_hash": "",
  "engine": "tp2-mia-soak",
  "engine_config": "SOAK-cycle101",
  "workload": "draftable",
  "model": "deepseek-v4-flash-dspark",
  "repeat": 1,
  "max_tokens": 512,
  "temperature": 1.0,
  "top_p": 0.95
}

results -> /Users/<user>/sparxlab/bench/results/soak/20260823-190033-tp2-mia-soak-draftable.csv
=== c=4 repeat=1 (draftable) ===
{
  "concurrency": 4,
  "requests_ok": 141,
  "requests_err": 0,
  "first_error_ts": "",
  "tokens_in_window": 4633,
  "window_s": 180,
  "aggregate_tok_s": 25.74,
  "decode_tok_s_median": 30.5,
  "prefill_tok_s_median": 225.85,
  "per_stream_wall_tok_s_median": 26.66,
  "ttft_p50_ms": 537.0,
  "ttft_p95_ms": 694.0,
  "ttft_samples": 141,
  "itl_p50_ms": 131.0,
  "token_source": "usage",
  "skipped_sse_lines": 0,
  "truncated_streams": 0,
  "power_w_max": "",
  "power_w_mean": "",
  "temp_c_max": "",
  "mem_used_mib_max": "",
  "sm_clock_min": "",
  "sm_clock_max": "",
  "throttle_seen": "",
  "gpu_samples": 0,
  "timestamp_utc": "2026-08-23T19:09:47.500025+00:00",
  "git_hash": "",
  "engine": "tp2-mia-soak",
  "engine_config": "SOAK-cycle101",
  "workload": "draftable",
  "model": "deepseek-v4-flash-dspark",
  "repeat": 1,
  "max_tokens": 512,
  "temperature": 1.0,
  "top_p": 0.95
}

results -> /Users/<user>/sparxlab/bench/results/soak/20260823-190627-tp2-mia-soak-draftable.csv
=== c=1 repeat=1 (adversarial) ===
{
  "concurrency": 1,
  "requests_ok": 8,
  "requests_err": 0,
  "first_error_ts": "",
  "tokens_in_window": 1894,
  "window_s": 120,
  "aggregate_tok_s": 15.78,
  "decode_tok_s_median": 34.5,
  "prefill_tok_s_median": 221.08,
  "per_stream_wall_tok_s_median": 33.96,
  "ttft_p50_ms": 270.0,
  "ttft_p95_ms": "",
  "ttft_samples": 8,
  "itl_p50_ms": 62.1,
  "token_source": "usage",
  "skipped_sse_lines": 0,
  "truncated_streams": 0,
  "power_w_max": "",
  "power_w_mean": "",
  "temp_c_max": "",
  "mem_used_mib_max": "",
  "sm_clock_min": "",
  "sm_clock_max": "",
  "throttle_seen": "",
  "gpu_samples": 0,
  "timestamp_utc": "2026-08-23T19:12:32.470998+00:00",
  "git_hash": "",
  "engine": "tp2-mia-soak",
  "engine_config": "SOAK-cycle102",
  "workload": "adversarial",
  "model": "deepseek-v4-flash-dspark",
  "repeat": 1,
  "max_tokens": 512,
  "temperature": 1.0,
  "top_p": 0.95
}

results -> /Users/<user>/sparxlab/bench/results/soak/20260823-191017-tp2-mia-soak-adversarial.csv
=== c=8 repeat=1 (adversarial) ===
{
  "concurrency": 8,
  "requests_ok": 65,
  "requests_err": 0,
  "first_error_ts": "",
  "tokens_in_window": 14470,
  "window_s": 300,
  "aggregate_tok_s": 48.23,
  "decode_tok_s_median": 13.21,
  "prefill_tok_s_median": 111.17,
  "per_stream_wall_tok_s_median": 13.05,
  "ttft_p50_ms": 577.0,
  "ttft_p95_ms": 678.0,
  "ttft_samples": 65,
  "itl_p50_ms": 162.3,
  "token_source": "usage",
  "skipped_sse_lines": 0,
  "truncated_streams": 0,
  "power_w_max": "",
  "power_w_mean": "",
  "temp_c_max": "",
  "mem_used_mib_max": "",
  "sm_clock_min": "",
  "sm_clock_max": "",
  "throttle_seen": "",
  "gpu_samples": 0,
  "timestamp_utc": "2026-08-23T19:19:09.698154+00:00",
  "git_hash": "",
  "engine": "tp2-mia-soak",
  "engine_config": "SOAK-cycle102",
  "workload": "adversarial",
  "model": "deepseek-v4-flash-dspark",
  "repeat": 1,
  "max_tokens": 512,
  "temperature": 1.0,
  "top_p": 0.95
}

results -> /Users/<user>/sparxlab/bench/results/soak/20260823-191302-tp2-mia-soak-adversarial.csv
=== c=4 repeat=1 (adversarial) ===
{
  "concurrency": 4,
  "requests_ok": 28,
  "requests_err": 0,
  "first_error_ts": "",
  "tokens_in_window": 6097,
  "window_s": 180,
  "aggregate_tok_s": 33.87,
  "decode_tok_s_median": 18.27,
  "prefill_tok_s_median": 141.23,
  "per_stream_wall_tok_s_median": 18.07,
  "ttft_p50_ms": 450.0,
  "ttft_p95_ms": 578.0,
  "ttft_samples": 28,
  "itl_p50_ms": 114.9,
  "token_source": "usage",
  "skipped_sse_lines": 0,
  "truncated_streams": 0,
  "power_w_max": "",
  "power_w_mean": "",
  "temp_c_max": "",
  "mem_used_mib_max": "",
  "sm_clock_min": "",
  "sm_clock_max": "",
  "throttle_seen": "",
  "gpu_samples": 0,
  "timestamp_utc": "2026-08-23T19:23:29.689930+00:00",
  "git_hash": "",
  "engine": "tp2-mia-soak",
  "engine_config": "SOAK-cycle102",
  "workload": "adversarial",
  "model": "deepseek-v4-flash-dspark",
  "repeat": 1,
  "max_tokens": 512,
  "temperature": 1.0,
  "top_p": 0.95
}

results -> /Users/<user>/sparxlab/bench/results/soak/20260823-191939-tp2-mia-soak-adversarial.csv
=== c=1 repeat=1 (draftable) ===
{
  "concurrency": 1,
  "requests_ok": 42,
  "requests_err": 0,
  "first_error_ts": "",
  "tokens_in_window": 1690,
  "window_s": 120,
  "aggregate_tok_s": 14.08,
  "decode_tok_s_median": 64.7,
  "prefill_tok_s_median": 374.03,
  "per_stream_wall_tok_s_median": 58.68,
  "ttft_p50_ms": 323.0,
  "ttft_p95_ms": 349.0,
  "ttft_samples": 42,
  "itl_p50_ms": 64.5,
  "token_source": "usage",
  "skipped_sse_lines": 0,
  "truncated_streams": 0,
  "power_w_max": "",
  "power_w_mean": "",
  "temp_c_max": "",
  "mem_used_mib_max": "",
  "sm_clock_min": "",
  "sm_clock_max": "",
  "throttle_seen": "",
  "gpu_samples": 0,
  "timestamp_utc": "2026-08-23T19:26:07.990290+00:00",
  "git_hash": "",
  "engine": "tp2-mia-soak",
  "engine_config": "SOAK-cycle103",
  "workload": "draftable",
  "model": "deepseek-v4-flash-dspark",
  "repeat": 1,
  "max_tokens": 512,
  "temperature": 1.0,
  "top_p": 0.95
}

results -> /Users/<user>/sparxlab/bench/results/soak/20260823-192359-tp2-mia-soak-draftable.csv
=== c=8 repeat=1 (draftable) ===
{
  "concurrency": 8,
  "requests_ok": 289,
  "requests_err": 0,
  "first_error_ts": "",
  "tokens_in_window": 10856,
  "window_s": 300,
  "aggregate_tok_s": 36.19,
  "decode_tok_s_median": 20.67,
  "prefill_tok_s_median": 170.71,
  "per_stream_wall_tok_s_median": 18.68,
  "ttft_p50_ms": 692.0,
  "ttft_p95_ms": 836.0,
  "ttft_samples": 289,
  "itl_p50_ms": 187.9,
  "token_source": "usage",
  "skipped_sse_lines": 0,
  "truncated_streams": 0,
  "power_w_max": "",
  "power_w_mean": "",
  "temp_c_max": "",
  "mem_used_mib_max": "",
  "sm_clock_min": "",
  "sm_clock_max": "",
  "throttle_seen": "",
  "gpu_samples": 0,
  "timestamp_utc": "2026-08-23T19:32:04.483903+00:00",
  "git_hash": "",
  "engine": "tp2-mia-soak",
  "engine_config": "SOAK-cycle103",
  "workload": "draftable",
  "model": "deepseek-v4-flash-dspark",
  "repeat": 1,
  "max_tokens": 512,
  "temperature": 1.0,
  "top_p": 0.95
}

results -> /Users/<user>/sparxlab/bench/results/soak/20260823-192638-tp2-mia-soak-draftable.csv
=== c=4 repeat=1 (draftable) ===
{
  "concurrency": 4,
  "requests_ok": 136,
  "requests_err": 0,
  "first_error_ts": "",
  "tokens_in_window": 4703,
  "window_s": 180,
  "aggregate_tok_s": 26.13,
  "decode_tok_s_median": 30.53,
  "prefill_tok_s_median": 227.52,
  "per_stream_wall_tok_s_median": 26.79,
  "ttft_p50_ms": 535.0,
  "ttft_p95_ms": 702.0,
  "ttft_samples": 136,
  "itl_p50_ms": 130.3,
  "token_source": "usage",
  "skipped_sse_lines": 0,
  "truncated_streams": 0,
  "power_w_max": "",
  "power_w_mean": "",
  "temp_c_max": "",
  "mem_used_mib_max": "",
  "sm_clock_min": "",
  "sm_clock_max": "",
  "throttle_seen": "",
  "gpu_samples": 0,
  "timestamp_utc": "2026-08-23T19:35:52.667206+00:00",
  "git_hash": "",
  "engine": "tp2-mia-soak",
  "engine_config": "SOAK-cycle103",
  "workload": "draftable",
  "model": "deepseek-v4-flash-dspark",
  "repeat": 1,
  "max_tokens": 512,
  "temperature": 1.0,
  "top_p": 0.95
}

results -> /Users/<user>/sparxlab/bench/results/soak/20260823-193234-tp2-mia-soak-draftable.csv
=== c=1 repeat=1 (adversarial) ===
{
  "concurrency": 1,
  "requests_ok": 9,
  "requests_err": 0,
  "first_error_ts": "",
  "tokens_in_window": 1893,
  "window_s": 120,
  "aggregate_tok_s": 15.78,
  "decode_tok_s_median": 34.25,
  "prefill_tok_s_median": 225.72,
  "per_stream_wall_tok_s_median": 33.81,
  "ttft_p50_ms": 257.0,
  "ttft_p95_ms": "",
  "ttft_samples": 9,
  "itl_p50_ms": 62.2,
  "token_source": "usage",
  "skipped_sse_lines": 0,
  "truncated_streams": 0,
  "power_w_max": "",
  "power_w_mean": "",
  "temp_c_max": "",
  "mem_used_mib_max": "",
  "sm_clock_min": "",
  "sm_clock_max": "",
  "throttle_seen": "",
  "gpu_samples": 0,
  "timestamp_utc": "2026-08-23T19:38:50.318196+00:00",
  "git_hash": "",
  "engine": "tp2-mia-soak",
  "engine_config": "SOAK-cycle104",
  "workload": "adversarial",
  "model": "deepseek-v4-flash-dspark",
  "repeat": 1,
  "max_tokens": 512,
  "temperature": 1.0,
  "top_p": 0.95
}

results -> /Users/<user>/sparxlab/bench/results/soak/20260823-193622-tp2-mia-soak-adversarial.csv
=== c=8 repeat=1 (adversarial) ===
{
  "concurrency": 8,
  "requests_ok": 64,
  "requests_err": 0,
  "first_error_ts": "",
  "tokens_in_window": 14487,
  "window_s": 300,
  "aggregate_tok_s": 48.29,
  "decode_tok_s_median": 13.14,
  "prefill_tok_s_median": 111.79,
  "per_stream_wall_tok_s_median": 12.97,
  "ttft_p50_ms": 581.0,
  "ttft_p95_ms": 671.0,
  "ttft_samples": 64,
  "itl_p50_ms": 161.7,
  "token_source": "usage",
  "skipped_sse_lines": 0,
  "truncated_streams": 0,
  "power_w_max": "",
  "power_w_mean": "",
  "temp_c_max": "",
  "mem_used_mib_max": "",
  "sm_clock_min": "",
  "sm_clock_max": "",
  "throttle_seen": "",
  "gpu_samples": 0,
  "timestamp_utc": "2026-08-23T19:45:23.453524+00:00",
  "git_hash": "",
  "engine": "tp2-mia-soak",
  "engine_config": "SOAK-cycle104",
  "workload": "adversarial",
  "model": "deepseek-v4-flash-dspark",
  "repeat": 1,
  "max_tokens": 512,
  "temperature": 1.0,
  "top_p": 0.95
}

results -> /Users/<user>/sparxlab/bench/results/soak/20260823-193920-tp2-mia-soak-adversarial.csv
=== c=4 repeat=1 (adversarial) ===
{
  "concurrency": 4,
  "requests_ok": 28,
  "requests_err": 0,
  "first_error_ts": "",
  "tokens_in_window": 6105,
  "window_s": 180,
  "aggregate_tok_s": 33.92,
  "decode_tok_s_median": 18.04,
  "prefill_tok_s_median": 145.56,
  "per_stream_wall_tok_s_median": 17.79,
  "ttft_p50_ms": 446.0,
  "ttft_p95_ms": 582.0,
  "ttft_samples": 28,
  "itl_p50_ms": 114.6,
  "token_source": "usage",
  "skipped_sse_lines": 0,
  "truncated_streams": 0,
  "power_w_max": "",
  "power_w_mean": "",
  "temp_c_max": "",
  "mem_used_mib_max": "",
  "sm_clock_min": "",
  "sm_clock_max": "",
  "throttle_seen": "",
  "gpu_samples": 0,
  "timestamp_utc": "2026-08-23T19:49:44.577713+00:00",
  "git_hash": "",
  "engine": "tp2-mia-soak",
  "engine_config": "SOAK-cycle104",
  "workload": "adversarial",
  "model": "deepseek-v4-flash-dspark",
  "repeat": 1,
  "max_tokens": 512,
  "temperature": 1.0,
  "top_p": 0.95
}

results -> /Users/<user>/sparxlab/bench/results/soak/20260823-194553-tp2-mia-soak-adversarial.csv
=== c=1 repeat=1 (draftable) ===
{
  "concurrency": 1,
  "requests_ok": 41,
  "requests_err": 0,
  "first_error_ts": "",
  "tokens_in_window": 1701,
  "window_s": 120,
  "aggregate_tok_s": 14.18,
  "decode_tok_s_median": 67.04,
  "prefill_tok_s_median": 375.68,
  "per_stream_wall_tok_s_median": 58.48,
  "ttft_p50_ms": 319.0,
  "ttft_p95_ms": 345.0,
  "ttft_samples": 41,
  "itl_p50_ms": 64.5,
  "token_source": "usage",
  "skipped_sse_lines": 0,
  "truncated_streams": 0,
  "power_w_max": "",
  "power_w_mean": "",
  "temp_c_max": "",
  "mem_used_mib_max": "",
  "sm_clock_min": "",
  "sm_clock_max": "",
  "throttle_seen": "",
  "gpu_samples": 0,
  "timestamp_utc": "2026-08-23T19:52:20.895983+00:00",
  "git_hash": "",
  "engine": "tp2-mia-soak",
  "engine_config": "SOAK-cycle105",
  "workload": "draftable",
  "model": "deepseek-v4-flash-dspark",
  "repeat": 1,
  "max_tokens": 512,
  "temperature": 1.0,
  "top_p": 0.95
}

results -> /Users/<user>/sparxlab/bench/results/soak/20260823-195014-tp2-mia-soak-draftable.csv
=== c=8 repeat=1 (draftable) ===
{
  "concurrency": 8,
  "requests_ok": 294,
  "requests_err": 0,
  "first_error_ts": "",
  "tokens_in_window": 10811,
  "window_s": 300,
  "aggregate_tok_s": 36.04,
  "decode_tok_s_median": 20.82,
  "prefill_tok_s_median": 170.38,
  "per_stream_wall_tok_s_median": 18.66,
  "ttft_p50_ms": 692.0,
  "ttft_p95_ms": 895.0,
  "ttft_samples": 294,
  "itl_p50_ms": 187.7,
  "token_source": "usage",
  "skipped_sse_lines": 0,
  "truncated_streams": 0,
  "power_w_max": "",
  "power_w_mean": "",
  "temp_c_max": "",
  "mem_used_mib_max": "",
  "sm_clock_min": "",
  "sm_clock_max": "",
  "throttle_seen": "",
  "gpu_samples": 0,
  "timestamp_utc": "2026-08-23T19:58:12.631982+00:00",
  "git_hash": "",
  "engine": "tp2-mia-soak",
  "engine_config": "SOAK-cycle105",
  "workload": "draftable",
  "model": "deepseek-v4-flash-dspark",
  "repeat": 1,
  "max_tokens": 512,
  "temperature": 1.0,
  "top_p": 0.95
}

results -> /Users/<user>/sparxlab/bench/results/soak/20260823-195251-tp2-mia-soak-draftable.csv
=== c=4 repeat=1 (draftable) ===
{
  "concurrency": 4,
  "requests_ok": 134,
  "requests_err": 0,
  "first_error_ts": "",
  "tokens_in_window": 4707,
  "window_s": 180,
  "aggregate_tok_s": 26.15,
  "decode_tok_s_median": 30.37,
  "prefill_tok_s_median": 236.3,
  "per_stream_wall_tok_s_median": 27.04,
  "ttft_p50_ms": 538.0,
  "ttft_p95_ms": 698.0,
  "ttft_samples": 134,
  "itl_p50_ms": 130.0,
  "token_source": "usage",
  "skipped_sse_lines": 0,
  "truncated_streams": 0,
  "power_w_max": "",
  "power_w_mean": "",
  "temp_c_max": "",
  "mem_used_mib_max": "",
  "sm_clock_min": "",
  "sm_clock_max": "",
  "throttle_seen": "",
  "gpu_samples": 0,
  "timestamp_utc": "2026-08-23T20:02:03.481229+00:00",
  "git_hash": "",
  "engine": "tp2-mia-soak",
  "engine_config": "SOAK-cycle105",
  "workload": "draftable",
  "model": "deepseek-v4-flash-dspark",
  "repeat": 1,
  "max_tokens": 512,
  "temperature": 1.0,
  "top_p": 0.95
}

results -> /Users/<user>/sparxlab/bench/results/soak/20260823-195842-tp2-mia-soak-draftable.csv
=== c=1 repeat=1 (adversarial) ===
{
  "concurrency": 1,
  "requests_ok": 9,
  "requests_err": 0,
  "first_error_ts": "",
  "tokens_in_window": 1882,
  "window_s": 120,
  "aggregate_tok_s": 15.68,
  "decode_tok_s_median": 35.09,
  "prefill_tok_s_median": 227.34,
  "per_stream_wall_tok_s_median": 34.48,
  "ttft_p50_ms": 261.0,
  "ttft_p95_ms": "",
  "ttft_samples": 9,
  "itl_p50_ms": 62.4,
  "token_source": "usage",
  "skipped_sse_lines": 0,
  "truncated_streams": 0,
  "power_w_max": "",
  "power_w_mean": "",
  "temp_c_max": "",
  "mem_used_mib_max": "",
  "sm_clock_min": "",
  "sm_clock_max": "",
  "throttle_seen": "",
  "gpu_samples": 0,
  "timestamp_utc": "2026-08-23T20:05:00.463414+00:00",
  "git_hash": "",
  "engine": "tp2-mia-soak",
  "engine_config": "SOAK-cycle106",
  "workload": "adversarial",
  "model": "deepseek-v4-flash-dspark",
  "repeat": 1,
  "max_tokens": 512,
  "temperature": 1.0,
  "top_p": 0.95
}

results -> /Users/<user>/sparxlab/bench/results/soak/20260823-200233-tp2-mia-soak-adversarial.csv
=== c=8 repeat=1 (adversarial) ===
{
  "concurrency": 8,
  "requests_ok": 64,
  "requests_err": 0,
  "first_error_ts": "",
  "tokens_in_window": 14497,
  "window_s": 300,
  "aggregate_tok_s": 48.32,
  "decode_tok_s_median": 13.02,
  "prefill_tok_s_median": 109.44,
  "per_stream_wall_tok_s_median": 12.86,
  "ttft_p50_ms": 582.0,
  "ttft_p95_ms": 684.0,
  "ttft_samples": 64,
  "itl_p50_ms": 161.6,
  "token_source": "usage",
  "skipped_sse_lines": 0,
  "truncated_streams": 0,
  "power_w_max": "",
  "power_w_mean": "",
  "temp_c_max": "",
  "mem_used_mib_max": "",
  "sm_clock_min": "",
  "sm_clock_max": "",
  "throttle_seen": "",
  "gpu_samples": 0,
  "timestamp_utc": "2026-08-23T20:11:32.797547+00:00",
  "git_hash": "",
  "engine": "tp2-mia-soak",
  "engine_config": "SOAK-cycle106",
  "workload": "adversarial",
  "model": "deepseek-v4-flash-dspark",
  "repeat": 1,
  "max_tokens": 512,
  "temperature": 1.0,
  "top_p": 0.95
}

results -> /Users/<user>/sparxlab/bench/results/soak/20260823-200530-tp2-mia-soak-adversarial.csv
=== c=4 repeat=1 (adversarial) ===
{
  "concurrency": 4,
  "requests_ok": 28,
  "requests_err": 0,
  "first_error_ts": "",
  "tokens_in_window": 6108,
  "window_s": 180,
  "aggregate_tok_s": 33.93,
  "decode_tok_s_median": 18.6,
  "prefill_tok_s_median": 135.86,
  "per_stream_wall_tok_s_median": 18.33,
  "ttft_p50_ms": 447.0,
  "ttft_p95_ms": 561.0,
  "ttft_samples": 28,
  "itl_p50_ms": 115.1,
  "token_source": "usage",
  "skipped_sse_lines": 0,
  "truncated_streams": 0,
  "power_w_max": "",
  "power_w_mean": "",
  "temp_c_max": "",
  "mem_used_mib_max": "",
  "sm_clock_min": "",
  "sm_clock_max": "",
  "throttle_seen": "",
  "gpu_samples": 0,
  "timestamp_utc": "2026-08-23T20:15:48.915827+00:00",
  "git_hash": "",
  "engine": "tp2-mia-soak",
  "engine_config": "SOAK-cycle106",
  "workload": "adversarial",
  "model": "deepseek-v4-flash-dspark",
  "repeat": 1,
  "max_tokens": 512,
  "temperature": 1.0,
  "top_p": 0.95
}

results -> /Users/<user>/sparxlab/bench/results/soak/20260823-201202-tp2-mia-soak-adversarial.csv
=== c=1 repeat=1 (draftable) ===
{
  "concurrency": 1,
  "requests_ok": 43,
  "requests_err": 0,
  "first_error_ts": "",
  "tokens_in_window": 1686,
  "window_s": 120,
  "aggregate_tok_s": 14.05,
  "decode_tok_s_median": 68.99,
  "prefill_tok_s_median": 385.83,
  "per_stream_wall_tok_s_median": 60.43,
  "ttft_p50_ms": 324.0,
  "ttft_p95_ms": 341.0,
  "ttft_samples": 43,
  "itl_p50_ms": 64.6,
  "token_source": "usage",
  "skipped_sse_lines": 0,
  "truncated_streams": 0,
  "power_w_max": "",
  "power_w_mean": "",
  "temp_c_max": "",
  "mem_used_mib_max": "",
  "sm_clock_min": "",
  "sm_clock_max": "",
  "throttle_seen": "",
  "gpu_samples": 0,
  "timestamp_utc": "2026-08-23T20:18:25.052877+00:00",
  "git_hash": "",
  "engine": "tp2-mia-soak",
  "engine_config": "SOAK-cycle107",
  "workload": "draftable",
  "model": "deepseek-v4-flash-dspark",
  "repeat": 1,
  "max_tokens": 512,
  "temperature": 1.0,
  "top_p": 0.95
}

results -> /Users/<user>/sparxlab/bench/results/soak/20260823-201619-tp2-mia-soak-draftable.csv
=== c=8 repeat=1 (draftable) ===
{
  "concurrency": 8,
  "requests_ok": 276,
  "requests_err": 0,
  "first_error_ts": "",
  "tokens_in_window": 10944,
  "window_s": 300,
  "aggregate_tok_s": 36.48,
  "decode_tok_s_median": 20.4,
  "prefill_tok_s_median": 171.28,
  "per_stream_wall_tok_s_median": 18.67,
  "ttft_p50_ms": 693.0,
  "ttft_p95_ms": 834.0,
  "ttft_samples": 276,
  "itl_p50_ms": 187.9,
  "token_source": "usage",
  "skipped_sse_lines": 0,
  "truncated_streams": 0,
  "power_w_max": "",
  "power_w_mean": "",
  "temp_c_max": "",
  "mem_used_mib_max": "",
  "sm_clock_min": "",
  "sm_clock_max": "",
  "throttle_seen": "",
  "gpu_samples": 0,
  "timestamp_utc": "2026-08-23T20:24:18.547536+00:00",
  "git_hash": "",
  "engine": "tp2-mia-soak",
  "engine_config": "SOAK-cycle107",
  "workload": "draftable",
  "model": "deepseek-v4-flash-dspark",
  "repeat": 1,
  "max_tokens": 512,
  "temperature": 1.0,
  "top_p": 0.95
}

results -> /Users/<user>/sparxlab/bench/results/soak/20260823-201855-tp2-mia-soak-draftable.csv
=== c=4 repeat=1 (draftable) ===
{
  "concurrency": 4,
  "requests_ok": 137,
  "requests_err": 0,
  "first_error_ts": "",
  "tokens_in_window": 4698,
  "window_s": 180,
  "aggregate_tok_s": 26.1,
  "decode_tok_s_median": 30.65,
  "prefill_tok_s_median": 237.86,
  "per_stream_wall_tok_s_median": 27.16,
  "ttft_p50_ms": 536.0,
  "ttft_p95_ms": 693.0,
  "ttft_samples": 137,
  "itl_p50_ms": 130.6,
  "token_source": "usage",
  "skipped_sse_lines": 0,
  "truncated_streams": 0,
  "power_w_max": "",
  "power_w_mean": "",
  "temp_c_max": "",
  "mem_used_mib_max": "",
  "sm_clock_min": "",
  "sm_clock_max": "",
  "throttle_seen": "",
  "gpu_samples": 0,
  "timestamp_utc": "2026-08-23T20:28:05.995251+00:00",
  "git_hash": "",
  "engine": "tp2-mia-soak",
  "engine_config": "SOAK-cycle107",
  "workload": "draftable",
  "model": "deepseek-v4-flash-dspark",
  "repeat": 1,
  "max_tokens": 512,
  "temperature": 1.0,
  "top_p": 0.95
}

results -> /Users/<user>/sparxlab/bench/results/soak/20260823-202448-tp2-mia-soak-draftable.csv
=== c=1 repeat=1 (adversarial) ===
{
  "concurrency": 1,
  "requests_ok": 9,
  "requests_err": 0,
  "first_error_ts": "",
  "tokens_in_window": 1892,
  "window_s": 120,
  "aggregate_tok_s": 15.77,
  "decode_tok_s_median": 35.95,
  "prefill_tok_s_median": 235.04,
  "per_stream_wall_tok_s_median": 35.34,
  "ttft_p50_ms": 274.0,
  "ttft_p95_ms": "",
  "ttft_samples": 9,
  "itl_p50_ms": 61.9,
  "token_source": "usage",
  "skipped_sse_lines": 0,
  "truncated_streams": 0,
  "power_w_max": "",
  "power_w_mean": "",
  "temp_c_max": "",
  "mem_used_mib_max": "",
  "sm_clock_min": "",
  "sm_clock_max": "",
  "throttle_seen": "",
  "gpu_samples": 0,
  "timestamp_utc": "2026-08-23T20:31:00.177837+00:00",
  "git_hash": "",
  "engine": "tp2-mia-soak",
  "engine_config": "SOAK-cycle108",
  "workload": "adversarial",
  "model": "deepseek-v4-flash-dspark",
  "repeat": 1,
  "max_tokens": 512,
  "temperature": 1.0,
  "top_p": 0.95
}

results -> /Users/<user>/sparxlab/bench/results/soak/20260823-202836-tp2-mia-soak-adversarial.csv
=== c=8 repeat=1 (adversarial) ===
{
  "concurrency": 8,
  "requests_ok": 64,
  "requests_err": 0,
  "first_error_ts": "",
  "tokens_in_window": 14480,
  "window_s": 300,
  "aggregate_tok_s": 48.27,
  "decode_tok_s_median": 13.07,
  "prefill_tok_s_median": 112.42,
  "per_stream_wall_tok_s_median": 12.88,
  "ttft_p50_ms": 578.0,
  "ttft_p95_ms": 679.0,
  "ttft_samples": 64,
  "itl_p50_ms": 162.4,
  "token_source": "usage",
  "skipped_sse_lines": 0,
  "truncated_streams": 0,
  "power_w_max": "",
  "power_w_mean": "",
  "temp_c_max": "",
  "mem_used_mib_max": "",
  "sm_clock_min": "",
  "sm_clock_max": "",
  "throttle_seen": "",
  "gpu_samples": 0,
  "timestamp_utc": "2026-08-23T20:37:30.260699+00:00",
  "git_hash": "",
  "engine": "tp2-mia-soak",
  "engine_config": "SOAK-cycle108",
  "workload": "adversarial",
  "model": "deepseek-v4-flash-dspark",
  "repeat": 1,
  "max_tokens": 512,
  "temperature": 1.0,
  "top_p": 0.95
}

results -> /Users/<user>/sparxlab/bench/results/soak/20260823-203130-tp2-mia-soak-adversarial.csv
=== c=4 repeat=1 (adversarial) ===
{
  "concurrency": 4,
  "requests_ok": 28,
  "requests_err": 0,
  "first_error_ts": "",
  "tokens_in_window": 6099,
  "window_s": 180,
  "aggregate_tok_s": 33.88,
  "decode_tok_s_median": 18.38,
  "prefill_tok_s_median": 142.14,
  "per_stream_wall_tok_s_median": 18.15,
  "ttft_p50_ms": 443.0,
  "ttft_p95_ms": 555.0,
  "ttft_samples": 28,
  "itl_p50_ms": 115.1,
  "token_source": "usage",
  "skipped_sse_lines": 0,
  "truncated_streams": 0,
  "power_w_max": "",
  "power_w_mean": "",
  "temp_c_max": "",
  "mem_used_mib_max": "",
  "sm_clock_min": "",
  "sm_clock_max": "",
  "throttle_seen": "",
  "gpu_samples": 0,
  "timestamp_utc": "2026-08-23T20:41:50.754613+00:00",
  "git_hash": "",
  "engine": "tp2-mia-soak",
  "engine_config": "SOAK-cycle108",
  "workload": "adversarial",
  "model": "deepseek-v4-flash-dspark",
  "repeat": 1,
  "max_tokens": 512,
  "temperature": 1.0,
  "top_p": 0.95
}

results -> /Users/<user>/sparxlab/bench/results/soak/20260823-203800-tp2-mia-soak-adversarial.csv
=== c=1 repeat=1 (draftable) ===
{
  "concurrency": 1,
  "requests_ok": 41,
  "requests_err": 0,
  "first_error_ts": "",
  "tokens_in_window": 1706,
  "window_s": 120,
  "aggregate_tok_s": 14.22,
  "decode_tok_s_median": 65.61,
  "prefill_tok_s_median": 375.22,
  "per_stream_wall_tok_s_median": 59.89,
  "ttft_p50_ms": 326.0,
  "ttft_p95_ms": 339.0,
  "ttft_samples": 41,
  "itl_p50_ms": 64.5,
  "token_source": "usage",
  "skipped_sse_lines": 0,
  "truncated_streams": 0,
  "power_w_max": "",
  "power_w_mean": "",
  "temp_c_max": "",
  "mem_used_mib_max": "",
  "sm_clock_min": "",
  "sm_clock_max": "",
  "throttle_seen": "",
  "gpu_samples": 0,
  "timestamp_utc": "2026-08-23T20:44:32.716149+00:00",
  "git_hash": "",
  "engine": "tp2-mia-soak",
  "engine_config": "SOAK-cycle109",
  "workload": "draftable",
  "model": "deepseek-v4-flash-dspark",
  "repeat": 1,
  "max_tokens": 512,
  "temperature": 1.0,
  "top_p": 0.95
}

results -> /Users/<user>/sparxlab/bench/results/soak/20260823-204220-tp2-mia-soak-draftable.csv
=== c=8 repeat=1 (draftable) ===
{
  "concurrency": 8,
  "requests_ok": 291,
  "requests_err": 0,
  "first_error_ts": "",
  "tokens_in_window": 10835,
  "window_s": 300,
  "aggregate_tok_s": 36.12,
  "decode_tok_s_median": 20.6,
  "prefill_tok_s_median": 170.43,
  "per_stream_wall_tok_s_median": 18.31,
  "ttft_p50_ms": 690.0,
  "ttft_p95_ms": 840.0,
  "ttft_samples": 291,
  "itl_p50_ms": 188.5,
  "token_source": "usage",
  "skipped_sse_lines": 0,
  "truncated_streams": 0,
  "power_w_max": "",
  "power_w_mean": "",
  "temp_c_max": "",
  "mem_used_mib_max": "",
  "sm_clock_min": "",
  "sm_clock_max": "",
  "throttle_seen": "",
  "gpu_samples": 0,
  "timestamp_utc": "2026-08-23T20:50:29.179978+00:00",
  "git_hash": "",
  "engine": "tp2-mia-soak",
  "engine_config": "SOAK-cycle109",
  "workload": "draftable",
  "model": "deepseek-v4-flash-dspark",
  "repeat": 1,
  "max_tokens": 512,
  "temperature": 1.0,
  "top_p": 0.95
}

results -> /Users/<user>/sparxlab/bench/results/soak/20260823-204502-tp2-mia-soak-draftable.csv
=== c=4 repeat=1 (draftable) ===
{
  "concurrency": 4,
  "requests_ok": 136,
  "requests_err": 0,
  "first_error_ts": "",
  "tokens_in_window": 4681,
  "window_s": 180,
  "aggregate_tok_s": 26.01,
  "decode_tok_s_median": 30.4,
  "prefill_tok_s_median": 237.69,
  "per_stream_wall_tok_s_median": 27.35,
  "ttft_p50_ms": 536.0,
  "ttft_p95_ms": 686.0,
  "ttft_samples": 136,
  "itl_p50_ms": 130.0,
  "token_source": "usage",
  "skipped_sse_lines": 0,
  "truncated_streams": 0,
  "power_w_max": "",
  "power_w_mean": "",
  "temp_c_max": "",
  "mem_used_mib_max": "",
  "sm_clock_min": "",
  "sm_clock_max": "",
  "throttle_seen": "",
  "gpu_samples": 0,
  "timestamp_utc": "2026-08-23T20:54:19.246338+00:00",
  "git_hash": "",
  "engine": "tp2-mia-soak",
  "engine_config": "SOAK-cycle109",
  "workload": "draftable",
  "model": "deepseek-v4-flash-dspark",
  "repeat": 1,
  "max_tokens": 512,
  "temperature": 1.0,
  "top_p": 0.95
}

results -> /Users/<user>/sparxlab/bench/results/soak/20260823-205059-tp2-mia-soak-draftable.csv
=== c=1 repeat=1 (adversarial) ===
{
  "concurrency": 1,
  "requests_ok": 9,
  "requests_err": 0,
  "first_error_ts": "",
  "tokens_in_window": 1892,
  "window_s": 120,
  "aggregate_tok_s": 15.77,
  "decode_tok_s_median": 35.04,
  "prefill_tok_s_median": 258.4,
  "per_stream_wall_tok_s_median": 34.51,
  "ttft_p50_ms": 238.0,
  "ttft_p95_ms": "",
  "ttft_samples": 9,
  "itl_p50_ms": 62.2,
  "token_source": "usage",
  "skipped_sse_lines": 0,
  "truncated_streams": 0,
  "power_w_max": "",
  "power_w_mean": "",
  "temp_c_max": "",
  "mem_used_mib_max": "",
  "sm_clock_min": "",
  "sm_clock_max": "",
  "throttle_seen": "",
  "gpu_samples": 0,
  "timestamp_utc": "2026-08-23T20:57:17.244885+00:00",
  "git_hash": "",
  "engine": "tp2-mia-soak",
  "engine_config": "SOAK-cycle110",
  "workload": "adversarial",
  "model": "deepseek-v4-flash-dspark",
  "repeat": 1,
  "max_tokens": 512,
  "temperature": 1.0,
  "top_p": 0.95
}

results -> /Users/<user>/sparxlab/bench/results/soak/20260823-205449-tp2-mia-soak-adversarial.csv
=== c=8 repeat=1 (adversarial) ===
{
  "concurrency": 8,
  "requests_ok": 64,
  "requests_err": 0,
  "first_error_ts": "",
  "tokens_in_window": 14496,
  "window_s": 300,
  "aggregate_tok_s": 48.32,
  "decode_tok_s_median": 13.1,
  "prefill_tok_s_median": 111.99,
  "per_stream_wall_tok_s_median": 12.93,
  "ttft_p50_ms": 580.0,
  "ttft_p95_ms": 673.0,
  "ttft_samples": 64,
  "itl_p50_ms": 161.7,
  "token_source": "usage",
  "skipped_sse_lines": 0,
  "truncated_streams": 0,
  "power_w_max": "",
  "power_w_mean": "",
  "temp_c_max": "",
  "mem_used_mib_max": "",
  "sm_clock_min": "",
  "sm_clock_max": "",
  "throttle_seen": "",
  "gpu_samples": 0,
  "timestamp_utc": "2026-08-23T21:03:46.105201+00:00",
  "git_hash": "",
  "engine": "tp2-mia-soak",
  "engine_config": "SOAK-cycle110",
  "workload": "adversarial",
  "model": "deepseek-v4-flash-dspark",
  "repeat": 1,
  "max_tokens": 512,
  "temperature": 1.0,
  "top_p": 0.95
}

results -> /Users/<user>/sparxlab/bench/results/soak/20260823-205747-tp2-mia-soak-adversarial.csv
=== c=4 repeat=1 (adversarial) ===
{
  "concurrency": 4,
  "requests_ok": 28,
  "requests_err": 0,
  "first_error_ts": "",
  "tokens_in_window": 6047,
  "window_s": 180,
  "aggregate_tok_s": 33.59,
  "decode_tok_s_median": 18.19,
  "prefill_tok_s_median": 141.15,
  "per_stream_wall_tok_s_median": 17.91,
  "ttft_p50_ms": 451.0,
  "ttft_p95_ms": 522.0,
  "ttft_samples": 28,
  "itl_p50_ms": 116.2,
  "token_source": "usage",
  "skipped_sse_lines": 0,
  "truncated_streams": 0,
  "power_w_max": "",
  "power_w_mean": "",
  "temp_c_max": "",
  "mem_used_mib_max": "",
  "sm_clock_min": "",
  "sm_clock_max": "",
  "throttle_seen": "",
  "gpu_samples": 0,
  "timestamp_utc": "2026-08-23T21:08:08.124914+00:00",
  "git_hash": "",
  "engine": "tp2-mia-soak",
  "engine_config": "SOAK-cycle110",
  "workload": "adversarial",
  "model": "deepseek-v4-flash-dspark",
  "repeat": 1,
  "max_tokens": 512,
  "temperature": 1.0,
  "top_p": 0.95
}

results -> /Users/<user>/sparxlab/bench/results/soak/20260823-210416-tp2-mia-soak-adversarial.csv
=== c=1 repeat=1 (draftable) ===
{
  "concurrency": 1,
  "requests_ok": 41,
  "requests_err": 0,
  "first_error_ts": "",
  "tokens_in_window": 1699,
  "window_s": 120,
  "aggregate_tok_s": 14.16,
  "decode_tok_s_median": 64.65,
  "prefill_tok_s_median": 372.37,
  "per_stream_wall_tok_s_median": 56.71,
  "ttft_p50_ms": 325.0,
  "ttft_p95_ms": 340.0,
  "ttft_samples": 41,
  "itl_p50_ms": 64.7,
  "token_source": "usage",
  "skipped_sse_lines": 0,
  "truncated_streams": 0,
  "power_w_max": "",
  "power_w_mean": "",
  "temp_c_max": "",
  "mem_used_mib_max": "",
  "sm_clock_min": "",
  "sm_clock_max": "",
  "throttle_seen": "",
  "gpu_samples": 0,
  "timestamp_utc": "2026-08-23T21:10:45.780856+00:00",
  "git_hash": "",
  "engine": "tp2-mia-soak",
  "engine_config": "SOAK-cycle111",
  "workload": "draftable",
  "model": "deepseek-v4-flash-dspark",
  "repeat": 1,
  "max_tokens": 512,
  "temperature": 1.0,
  "top_p": 0.95
}

results -> /Users/<user>/sparxlab/bench/results/soak/20260823-210838-tp2-mia-soak-draftable.csv
=== c=8 repeat=1 (draftable) ===
{
  "concurrency": 8,
  "requests_ok": 286,
  "requests_err": 0,
  "first_error_ts": "",
  "tokens_in_window": 10797,
  "window_s": 300,
  "aggregate_tok_s": 35.99,
  "decode_tok_s_median": 20.21,
  "prefill_tok_s_median": 172.57,
  "per_stream_wall_tok_s_median": 18.3,
  "ttft_p50_ms": 693.0,
  "ttft_p95_ms": 831.0,
  "ttft_samples": 286,
  "itl_p50_ms": 189.6,
  "token_source": "usage",
  "skipped_sse_lines": 0,
  "truncated_streams": 0,
  "power_w_max": "",
  "power_w_mean": "",
  "temp_c_max": "",
  "mem_used_mib_max": "",
  "sm_clock_min": "",
  "sm_clock_max": "",
  "throttle_seen": "",
  "gpu_samples": 0,
  "timestamp_utc": "2026-08-23T21:16:37.192990+00:00",
  "git_hash": "",
  "engine": "tp2-mia-soak",
  "engine_config": "SOAK-cycle111",
  "workload": "draftable",
  "model": "deepseek-v4-flash-dspark",
  "repeat": 1,
  "max_tokens": 512,
  "temperature": 1.0,
  "top_p": 0.95
}

results -> /Users/<user>/sparxlab/bench/results/soak/20260823-211115-tp2-mia-soak-draftable.csv
=== c=4 repeat=1 (draftable) ===
{
  "concurrency": 4,
  "requests_ok": 139,
  "requests_err": 0,
  "first_error_ts": "",
  "tokens_in_window": 4713,
  "window_s": 180,
  "aggregate_tok_s": 26.18,
  "decode_tok_s_median": 30.58,
  "prefill_tok_s_median": 230.31,
  "per_stream_wall_tok_s_median": 27.05,
  "ttft_p50_ms": 535.0,
  "ttft_p95_ms": 696.0,
  "ttft_samples": 139,
  "itl_p50_ms": 130.2,
  "token_source": "usage",
  "skipped_sse_lines": 0,
  "truncated_streams": 0,
  "power_w_max": "",
  "power_w_mean": "",
  "temp_c_max": "",
  "mem_used_mib_max": "",
  "sm_clock_min": "",
  "sm_clock_max": "",
  "throttle_seen": "",
  "gpu_samples": 0,
  "timestamp_utc": "2026-08-23T21:20:30.181388+00:00",
  "git_hash": "",
  "engine": "tp2-mia-soak",
  "engine_config": "SOAK-cycle111",
  "workload": "draftable",
  "model": "deepseek-v4-flash-dspark",
  "repeat": 1,
  "max_tokens": 512,
  "temperature": 1.0,
  "top_p": 0.95
}

results -> /Users/<user>/sparxlab/bench/results/soak/20260823-211707-tp2-mia-soak-draftable.csv
soak done Sun Aug 23 21:21:00 UTC 2026: 111 cycles, 5 failures
